customer_id,first_name,last_name,email,country,signup_date,updated_at
C-00001,Mira,Miller,mira.miller1@example.com,US,2024-06-02,2024-07-09 00:00:00
C-00002,Sam,Moore,sam.moore2@example.com,US,2024-09-28,2024-10-10 00:00:00
C-00003,Sam,Walker,sam.walker3@example.com,JP,2024-12-21,2025-08-11 00:00:00
C-00004,Dante,Nguyen,dante.nguyen4@example.com,US,2025-06-21,2025-11-14 00:00:00
C-00005,Anya,Miller,anya.miller5@example.com,US,2025-05-17,2026-03-08 00:00:00
C-00006,Amara,Muller,amara.muller6@example.com,US,2025-05-10,2025-09-26 00:00:00
C-00007,Dante,Robinson,dante.robinson7@example.com,IN,2024-10-09,2025-07-29 00:00:00
C-00008,Noah,Haddad,noah.haddad8@example.com,US,2024-09-05,2025-01-06 00:00:00
C-00009,Leo,Ali,leo.ali9@example.com,CA,2024-06-30,2025-02-23 00:00:00
C-00010,Sam,Miller,sam.miller10@example.com,US,2025-02-15,2025-03-12 00:00:00
C-00011,Leo,Lewis,leo.lewis11@example.com,CA,2024-08-28,2025-02-10 00:00:00
C-00012,Nora,Martin,nora.martin12@example.com,US,2025-01-03,2025-08-31 00:00:00
C-00013,Mira,Kim,mira.kim13@example.com,US,2024-09-15,2025-06-19 00:00:00
C-00014,Ali,Haddad,,US,2024-11-25,2025-07-29 00:00:00
C-00015,Ava,Davis,ava.davis15@example.com,US,2024-09-04,2024-09-15 00:00:00
C-00016,Sofia,Davis,sofia.davis16@example.com,US,2024-06-23,2024-10-12 00:00:00
C-00017,Noah,Garcia,noah.garcia17@example.com,AU,2025-06-17,2025-07-01 00:00:00
C-00018,Mateo,Rossi,mateo.rossi18@example.com,US,2024-10-26,2024-11-27 00:00:00
C-00019,Zoe,Wilson,zoe.wilson19@example.com,UK,2025-06-08,2025-12-27 00:00:00
C-00020,Hana,Lee,hana.lee20@example.com,US,2025-04-02,2025-11-01 00:00:00
C-00021,Sam,Dubois,sam.dubois21@example.com,DE,2025-02-18,2025-10-08 00:00:00
C-00022,Lena,Martin,lena.martin22@example.com,US,2024-06-04,2025-02-18 00:00:00
C-00023,Rosa,Hall,rosa.hall23@example.com,US,2025-03-23,2025-10-30 00:00:00
C-00024,June,Ali,june.ali24@example.com,DE,2024-11-05,2025-07-03 00:00:00
C-00025,Tara,Dubois,tara.dubois25@example.com,US,2024-10-31,2024-11-14 00:00:00
C-00026,Kofi,Taylor,kofi.taylor26@example.com,BR,2025-05-30,2025-08-08 00:00:00
C-00027,Kofi,Kim,kofi.kim27@example.com,US,2024-07-11,2025-01-13 00:00:00
C-00028,Wren,Haddad,wren.haddad28@example.com,US,2024-09-02,2025-05-17 00:00:00
C-00029,Mira,Silva,mira.silva29@example.com,US,2024-11-25,2024-11-26 00:00:00
C-00030,Ravi,Miller,ravi.miller30@example.com,US,2025-06-16,2025-11-17 00:00:00
C-00031,Ethan,Davis,ethan.davis31@example.com,US,2024-09-14,2025-04-05 00:00:00
C-00032,Omar,Novak,omar.novak32@example.com,US,2024-12-30,2025-01-07 00:00:00
C-00033,Elena,Muller,elena.muller33@example.com,US,2025-03-31,2025-07-29 00:00:00
C-00034,Marco,Jackson,marco.jackson34@example.com,US,2025-03-07,2025-11-30 00:00:00
C-00035,Victor,Martin,victor.martin35@example.com,US,2025-01-31,2025-08-20 00:00:00
C-00036,Theo,Moore,theo.moore36@example.com,US,2024-09-10,2024-11-20 00:00:00
C-00037,Kofi,Haddad,kofi.haddad37@example.com,US,2024-11-14,2025-07-27 00:00:00
C-00038,Maya,Costa,,US,2024-12-27,2025-04-10 00:00:00
C-00039,Priya,Smith,priya.smith39@example.com,US,2025-04-08,2025-12-20 00:00:00
C-00040,Amara,Smith,amara.smith40@example.com,US,2025-05-28,2025-08-25 00:00:00
C-00041,Nina,Walker,nina.walker41@example.com,US,2025-03-11,2025-09-04 00:00:00
C-00042,Liam,Thomas,liam.thomas42@example.com,US,2024-11-27,2025-03-26 00:00:00
C-00043,Ali,Thomas,ali.thomas43@example.com,US,2024-07-16,2024-10-06 00:00:00
C-00044,Nina,Okafor,nina.okafor44@example.com,US,2025-01-06,2025-09-28 00:00:00
C-00045,Rosa,Robinson,rosa.robinson45@example.com,US,2025-05-13,2025-07-08 00:00:00
C-00046,Yuki,Novak,yuki.novak46@example.com,US,2025-02-27,2025-03-24 00:00:00
C-00047,Kofi,Clark,kofi.clark47@example.com,US,2025-02-26,2025-06-08 00:00:00
C-00048,Noah,Wilson,,US,2024-11-27,2025-06-30 00:00:00
C-00049,Tara,Walker,tara.walker49@example.com,US,2024-11-17,2025-07-17 00:00:00
C-00050,Liam,Okafor,liam.okafor50@example.com,US,2024-12-31,2025-10-26 00:00:00
C-00051,Ethan,Harris,ethan.harris51@example.com,US,2025-02-11,2025-05-10 00:00:00
C-00052,Hana,Harris,hana.harris52@example.com,UK,2025-04-07,2025-08-07 00:00:00
C-00053,Elena,Khan,elena.khan53@example.com,US,2024-12-31,2025-02-10 00:00:00
C-00054,Kai,Wilson,kai.wilson54@example.com,US,2024-07-18,2025-01-06 00:00:00
C-00055,Kai,Jackson,,US,2024-08-14,2025-06-09 00:00:00
C-00056,Cleo,Tanaka,cleo.tanaka56@example.com,US,2025-05-09,2025-12-05 00:00:00
C-00057,Kofi,Nguyen,kofi.nguyen57@example.com,AU,2025-03-21,2025-09-15 00:00:00
C-00058,Priya,Khan,priya.khan58@example.com,US,2024-06-25,2024-10-20 00:00:00
C-00059,Victor,Lee,victor.lee59@example.com,US,2024-12-16,2025-09-16 00:00:00
C-00060,Marco,Martinez,marco.martinez60@example.com,US,2024-08-27,2025-01-23 00:00:00
C-00061,Diego,Lewis,diego.lewis61@example.com,US,2024-10-16,2024-11-25 00:00:00
C-00062,Yuki,Khan,yuki.khan62@example.com,AU,2024-07-12,2024-10-29 00:00:00
C-00063,Maya,Garcia,maya.garcia63@example.com,US,2024-07-03,2024-07-23 00:00:00
C-00064,Kofi,Hall,kofi.hall64@example.com,DE,2024-10-19,2024-12-18 00:00:00
C-00065,Arjun,Ali,arjun.ali65@example.com,US,2025-01-08,2025-01-13 00:00:00
C-00066,Omar,Chen,omar.chen66@example.com,US,2024-09-29,2025-02-11 00:00:00
C-00067,Ethan,Thomas,ethan.thomas67@example.com,UK,2025-06-21,2025-12-28 00:00:00
C-00068,Mateo,Walker,mateo.walker68@example.com,DE,2025-05-19,2025-08-29 00:00:00
C-00069,Zoe,Khan,zoe.khan69@example.com,US,2024-11-27,2025-04-02 00:00:00
C-00070,Rosa,Brown,rosa.brown70@example.com,US,2025-05-21,2026-03-04 00:00:00
C-00071,Cleo,Patel,cleo.patel71@example.com,CA,2025-06-20,2026-01-31 00:00:00
C-00072,June,Martinez,june.martinez72@example.com,US,2024-12-19,2025-05-30 00:00:00
C-00073,Victor,Silva,victor.silva73@example.com,CA,2025-06-28,2025-09-21 00:00:00
C-00074,June,Muller,june.muller74@example.com,CA,2024-10-17,2025-07-13 00:00:00
C-00075,Priya,Costa,priya.costa75@example.com,US,2024-11-02,2025-01-11 00:00:00
C-00076,Victor,Tanaka,victor.tanaka76@example.com,US,2025-01-11,2025-04-18 00:00:00
C-00077,Kofi,Walker,kofi.walker77@example.com,US,2025-05-23,2026-02-19 00:00:00
C-00078,Dante,Taylor,dante.taylor78@example.com,CA,2024-10-01,2025-03-08 00:00:00
C-00079,Hana,Kim,hana.kim79@example.com,US,2025-06-29,2026-02-06 00:00:00
C-00080,Ravi,Nguyen,ravi.nguyen80@example.com,US,2024-08-26,2025-02-19 00:00:00
C-00081,Aisha,Garcia,aisha.garcia81@example.com,US,2025-02-03,2025-08-18 00:00:00
C-00082,Yuki,Iyer,yuki.iyer82@example.com,AU,2024-06-11,2024-09-08 00:00:00
C-00083,Priya,Haddad,priya.haddad83@example.com,BR,2025-05-08,2025-07-19 00:00:00
C-00084,Arjun,Brown,arjun.brown84@example.com,US,2024-09-28,2025-01-02 00:00:00
C-00085,Ali,Khan,ali.khan85@example.com,US,2024-08-10,2024-09-25 00:00:00
C-00086,Victor,Martin,victor.martin86@example.com,US,2024-10-17,2025-07-06 00:00:00
C-00087,Noah,Garcia,noah.garcia87@example.com,US,2024-06-01,2024-08-24 00:00:00
C-00088,Yuki,Garcia,yuki.garcia88@example.com,JP,2024-06-25,2024-12-10 00:00:00
C-00089,Anya,Lewis,,US,2024-09-09,2025-05-04 00:00:00
C-00090,Nora,Nguyen,nora.nguyen90@example.com,US,2025-01-21,2025-09-13 00:00:00
C-00091,Noah,Wilson,noah.wilson91@example.com,US,2025-02-09,2025-06-20 00:00:00
C-00092,Aisha,White,aisha.white92@example.com,UK,2025-05-11,2025-09-30 00:00:00
C-00093,Lucas,Garcia,lucas.garcia93@example.com,US,2025-06-15,2026-04-09 00:00:00
C-00094,Ali,Jackson,ali.jackson94@example.com,US,2025-01-22,2025-08-12 00:00:00
C-00095,June,Clark,june.clark95@example.com,US,2024-09-11,2025-05-13 00:00:00
C-00096,Elena,Khan,elena.khan96@example.com,US,2025-02-24,2025-11-21 00:00:00
C-00097,Noah,Johnson,noah.johnson97@example.com,JP,2024-09-15,2025-05-09 00:00:00
C-00098,Omar,Haddad,omar.haddad98@example.com,UK,2024-12-06,2025-01-30 00:00:00
C-00099,Omar,Iyer,omar.iyer99@example.com,US,2024-08-08,2025-01-23 00:00:00
C-00100,Liam,Patel,liam.patel100@example.com,US,2024-10-06,2024-11-05 00:00:00
C-00101,Kai,Walker,kai.walker101@example.com,US,2024-11-18,2025-06-01 00:00:00
C-00102,Elena,Walker,elena.walker102@example.com,US,2024-10-06,2025-07-19 00:00:00
C-00103,Dante,Thomas,dante.thomas103@example.com,US,2025-04-08,2025-09-08 00:00:00
C-00104,Cleo,Tanaka,cleo.tanaka104@example.com,US,2025-06-09,2025-10-16 00:00:00
C-00105,Anya,Hall,anya.hall105@example.com,US,2024-07-26,2024-08-05 00:00:00
C-00106,Ava,Garcia,ava.garcia106@example.com,US,2025-06-11,2026-03-25 00:00:00
C-00107,Rosa,Walker,rosa.walker107@example.com,US,2025-03-23,2025-04-22 00:00:00
C-00108,Priya,Harris,,US,2024-09-26,2024-10-08 00:00:00
C-00109,Sam,Iyer,sam.iyer109@example.com,AU,2024-06-21,2024-09-02 00:00:00
C-00110,Yuki,Chen,yuki.chen110@example.com,IN,2025-01-15,2025-02-03 00:00:00
C-00111,Ravi,Nguyen,ravi.nguyen111@example.com,CA,2025-06-29,2025-11-12 00:00:00
C-00112,Hana,Brown,hana.brown112@example.com,AU,2024-09-14,2025-02-15 00:00:00
C-00113,Liam,Martin,liam.martin113@example.com,US,2025-04-13,2025-07-15 00:00:00
C-00114,Victor,Taylor,victor.taylor114@example.com,US,2024-06-20,2024-07-05 00:00:00
C-00115,June,Lewis,june.lewis115@example.com,US,2025-05-07,2025-06-09 00:00:00
C-00116,Ivy,Robinson,ivy.robinson116@example.com,US,2025-02-10,2025-06-05 00:00:00
C-00117,Leo,Garcia,leo.garcia117@example.com,US,2025-04-08,2025-04-26 00:00:00
C-00118,Rosa,Ali,rosa.ali118@example.com,US,2025-05-26,2025-12-21 00:00:00
C-00119,Sofia,Tanaka,sofia.tanaka119@example.com,CA,2024-11-27,2025-01-28 00:00:00
C-00120,Kai,Davis,kai.davis120@example.com,US,2025-06-26,2025-09-24 00:00:00
C-00121,Leo,Haddad,leo.haddad121@example.com,US,2024-12-14,2025-04-11 00:00:00
C-00122,Victor,Davis,victor.davis122@example.com,CA,2024-09-01,2025-01-03 00:00:00
C-00123,Tara,White,tara.white123@example.com,US,2024-07-31,2024-07-31 00:00:00
C-00124,Noah,Lee,noah.lee124@example.com,CA,2024-09-24,2024-10-27 00:00:00
C-00125,Zoe,Harris,zoe.harris125@example.com,US,2024-11-13,2025-07-29 00:00:00
C-00126,Lucas,Moore,lucas.moore126@example.com,US,2024-08-05,2024-08-05 00:00:00
C-00127,Noah,Silva,noah.silva127@example.com,US,2024-07-15,2024-12-14 00:00:00
C-00128,Nina,Anderson,nina.anderson128@example.com,US,2024-09-18,2025-02-11 00:00:00
C-00129,Mateo,Brown,mateo.brown129@example.com,US,2024-06-12,2024-09-19 00:00:00
C-00130,Ethan,Martin,ethan.martin130@example.com,US,2024-11-12,2025-03-21 00:00:00
C-00131,Sam,Nguyen,,US,2025-01-07,2025-08-29 00:00:00
C-00132,Omar,Johnson,omar.johnson132@example.com,US,2024-12-04,2025-08-13 00:00:00
C-00133,Mira,Khan,mira.khan133@example.com,US,2024-12-29,2025-03-17 00:00:00
C-00134,Lena,Taylor,lena.taylor134@example.com,US,2024-08-31,2024-12-05 00:00:00
C-00135,Marco,Patel,,US,2025-01-25,2025-04-07 00:00:00
C-00136,Aisha,Patel,aisha.patel136@example.com,DE,2025-06-01,2025-10-22 00:00:00
C-00137,Anya,Chen,,US,2025-05-12,2025-12-02 00:00:00
C-00138,Ravi,Haddad,ravi.haddad138@example.com,US,2024-10-12,2024-12-19 00:00:00
C-00139,Yuki,Dubois,yuki.dubois139@example.com,US,2025-03-25,2025-07-02 00:00:00
C-00140,June,Weber,june.weber140@example.com,US,2024-09-07,2025-06-13 00:00:00
C-00141,Yuki,Costa,yuki.costa141@example.com,US,2024-12-11,2024-12-25 00:00:00
C-00142,Ali,Martinez,ali.martinez142@example.com,UK,2024-12-15,2025-05-02 00:00:00
C-00143,Sofia,Davis,sofia.davis143@example.com,US,2025-05-12,2025-12-11 00:00:00
C-00144,Leo,Chen,leo.chen144@example.com,US,2024-08-16,2024-09-30 00:00:00
C-00145,Liam,Haddad,liam.haddad145@example.com,US,2025-01-28,2025-02-11 00:00:00
C-00146,Omar,Garcia,omar.garcia146@example.com,US,2024-10-06,2024-11-16 00:00:00
C-00147,Lucas,Wilson,lucas.wilson147@example.com,US,2024-06-09,2025-03-11 00:00:00
C-00148,Marco,Tanaka,marco.tanaka148@example.com,CA,2024-07-06,2024-07-08 00:00:00
C-00149,Noah,Walker,noah.walker149@example.com,UK,2025-06-09,2025-08-04 00:00:00
C-00150,Priya,Garcia,,US,2025-04-23,2025-05-02 00:00:00
C-00151,Victor,Jackson,victor.jackson151@example.com,CA,2024-08-01,2024-09-03 00:00:00
C-00152,Elena,Harris,elena.harris152@example.com,US,2025-03-10,2025-09-12 00:00:00
C-00153,Ava,Weber,ava.weber153@example.com,US,2024-12-08,2025-02-18 00:00:00
C-00154,Anya,Iyer,anya.iyer154@example.com,AU,2024-07-06,2024-12-23 00:00:00
C-00155,Sofia,Anderson,sofia.anderson155@example.com,US,2024-09-01,2025-02-25 00:00:00
C-00156,Jonas,Hall,jonas.hall156@example.com,US,2025-03-02,2025-11-11 00:00:00
C-00157,Priya,Martin,priya.martin157@example.com,US,2024-12-15,2024-12-16 00:00:00
C-00158,Elena,Martinez,elena.martinez158@example.com,US,2024-09-21,2025-06-04 00:00:00
C-00159,Victor,Costa,victor.costa159@example.com,CA,2024-12-31,2025-07-04 00:00:00
C-00160,Mira,Okafor,mira.okafor160@example.com,US,2024-12-01,2025-01-18 00:00:00
C-00161,Nina,Novak,,UK,2025-05-25,2026-01-11 00:00:00
C-00162,Ethan,Rossi,ethan.rossi162@example.com,UK,2025-07-04,2026-03-17 00:00:00
C-00163,Mira,Silva,mira.silva163@example.com,JP,2024-09-25,2024-12-10 00:00:00
C-00164,Jonas,Smith,jonas.smith164@example.com,US,2024-09-08,2025-06-10 00:00:00
C-00165,Elena,Haddad,elena.haddad165@example.com,US,2025-01-09,2025-05-25 00:00:00
C-00166,Elena,White,,US,2025-06-23,2025-12-21 00:00:00
C-00167,Maya,Costa,maya.costa167@example.com,UK,2025-05-30,2026-03-21 00:00:00
C-00168,Sam,Thomas,sam.thomas168@example.com,US,2024-07-02,2024-10-18 00:00:00
C-00169,Maya,Patel,maya.patel169@example.com,UK,2025-03-21,2025-11-19 00:00:00
C-00170,Amara,Davis,amara.davis170@example.com,US,2024-07-30,2024-11-02 00:00:00
C-00171,Wren,Iyer,wren.iyer171@example.com,US,2025-01-06,2025-09-02 00:00:00
C-00172,Aisha,Davis,aisha.davis172@example.com,US,2024-07-16,2025-01-12 00:00:00
C-00173,Hana,White,hana.white173@example.com,US,2024-09-27,2024-11-30 00:00:00
C-00174,Diego,Anderson,diego.anderson174@example.com,US,2024-12-24,2025-04-27 00:00:00
C-00175,Lucas,Dubois,lucas.dubois175@example.com,US,2025-02-10,2025-05-16 00:00:00
C-00176,Amara,Muller,amara.muller176@example.com,CA,2025-04-26,2025-05-19 00:00:00
C-00177,Diego,Lewis,diego.lewis177@example.com,US,2025-05-11,2025-05-19 00:00:00
C-00178,Wren,Moore,wren.moore178@example.com,CA,2025-03-22,2025-07-03 00:00:00
C-00179,Liam,Dubois,liam.dubois179@example.com,US,2024-11-01,2024-11-06 00:00:00
C-00180,Lucas,Anderson,lucas.anderson180@example.com,US,2025-03-08,2025-04-26 00:00:00
C-00181,Elena,Brown,,UK,2025-02-19,2025-09-24 00:00:00
C-00182,Anya,Lewis,anya.lewis182@example.com,US,2025-05-05,2025-12-03 00:00:00
C-00183,Nina,Martinez,nina.martinez183@example.com,AU,2024-09-29,2025-05-08 00:00:00
C-00184,Wren,Muller,wren.muller184@example.com,DE,2025-04-27,2025-07-31 00:00:00
C-00185,Ravi,Harris,ravi.harris185@example.com,UK,2024-07-20,2025-04-13 00:00:00
C-00186,Marco,Silva,marco.silva186@example.com,CA,2024-07-30,2025-01-24 00:00:00
C-00187,Wren,Nguyen,,US,2024-09-03,2024-10-10 00:00:00
C-00188,Jonas,Harris,jonas.harris188@example.com,US,2025-04-07,2025-05-20 00:00:00
C-00189,Zoe,Martin,zoe.martin189@example.com,US,2025-02-24,2025-09-19 00:00:00
C-00190,Dante,Nguyen,dante.nguyen190@example.com,CA,2024-06-25,2024-08-15 00:00:00
C-00191,Marco,Taylor,marco.taylor191@example.com,US,2025-04-14,2025-09-13 00:00:00
C-00192,Cleo,Jackson,cleo.jackson192@example.com,US,2024-07-19,2025-05-12 00:00:00
C-00193,Ethan,Martin,ethan.martin193@example.com,US,2024-09-14,2024-09-15 00:00:00
C-00194,Mira,Garcia,mira.garcia194@example.com,US,2025-06-05,2025-06-09 00:00:00
C-00195,Maya,Clark,maya.clark195@example.com,US,2025-01-08,2025-11-01 00:00:00
C-00196,Ali,Hall,ali.hall196@example.com,US,2025-01-18,2025-07-12 00:00:00
C-00197,Rosa,Okafor,rosa.okafor197@example.com,US,2024-11-03,2024-12-11 00:00:00
C-00198,Nina,Wilson,nina.wilson198@example.com,US,2025-01-16,2025-10-12 00:00:00
C-00199,Cleo,Davis,cleo.davis199@example.com,CA,2024-07-07,2025-03-28 00:00:00
C-00200,Ali,Harris,ali.harris200@example.com,US,2024-11-14,2025-04-23 00:00:00
C-00201,Arjun,Rossi,arjun.rossi201@example.com,UK,2024-08-06,2025-02-08 00:00:00
C-00202,Ivy,Patel,ivy.patel202@example.com,UK,2024-08-12,2024-11-01 00:00:00
C-00203,Tara,Clark,tara.clark203@example.com,AU,2025-03-16,2025-03-31 00:00:00
C-00204,Priya,Kim,priya.kim204@example.com,US,2024-11-26,2025-05-23 00:00:00
C-00205,Sofia,Anderson,sofia.anderson205@example.com,CA,2024-07-23,2024-10-19 00:00:00
C-00206,Nora,Chen,nora.chen206@example.com,US,2024-10-16,2025-05-03 00:00:00
C-00207,Omar,White,omar.white207@example.com,US,2025-06-26,2026-03-03 00:00:00
C-00208,Nina,Muller,nina.muller208@example.com,US,2024-08-15,2024-08-20 00:00:00
C-00209,June,Rossi,june.rossi209@example.com,US,2024-06-21,2024-12-16 00:00:00
C-00210,Cleo,Lee,cleo.lee210@example.com,US,2024-08-02,2024-10-10 00:00:00
C-00211,Mira,Patel,mira.patel211@example.com,US,2025-05-05,2026-01-22 00:00:00
C-00212,Rosa,Thomas,rosa.thomas212@example.com,US,2025-05-02,2025-07-17 00:00:00
C-00213,Jonas,Ali,jonas.ali213@example.com,US,2025-02-03,2025-08-05 00:00:00
C-00214,Sofia,Muller,sofia.muller214@example.com,CA,2024-08-14,2025-01-27 00:00:00
C-00215,Ali,Brown,ali.brown215@example.com,US,2024-12-28,2025-04-25 00:00:00
C-00216,Victor,Walker,victor.walker216@example.com,IN,2025-03-28,2025-10-17 00:00:00
C-00217,Ravi,Iyer,ravi.iyer217@example.com,US,2024-12-31,2025-08-05 00:00:00
C-00218,Tara,Jackson,tara.jackson218@example.com,US,2025-04-02,2025-09-19 00:00:00
C-00219,Victor,Walker,victor.walker219@example.com,BR,2024-09-16,2025-05-01 00:00:00
C-00220,Jonas,Weber,jonas.weber220@example.com,CA,2025-03-15,2026-01-04 00:00:00
C-00221,Sam,Clark,sam.clark221@example.com,US,2024-07-30,2024-12-02 00:00:00
C-00222,Omar,Hall,omar.hall222@example.com,UK,2025-06-05,2025-11-06 00:00:00
C-00223,Leo,Dubois,leo.dubois223@example.com,UK,2025-06-13,2025-06-16 00:00:00
C-00224,Kai,Garcia,kai.garcia224@example.com,UK,2024-06-15,2025-02-08 00:00:00
C-00225,Sam,Rossi,sam.rossi225@example.com,CA,2024-10-22,2025-03-27 00:00:00
C-00226,Diego,Lee,diego.lee226@example.com,UK,2024-11-19,2025-03-21 00:00:00
C-00227,Victor,Robinson,victor.robinson227@example.com,US,2025-06-11,2025-07-09 00:00:00
C-00228,Ava,Martinez,ava.martinez228@example.com,US,2025-04-05,2025-12-27 00:00:00
C-00229,Mateo,Nguyen,mateo.nguyen229@example.com,US,2025-02-18,2025-06-16 00:00:00
C-00230,Dante,Johnson,dante.johnson230@example.com,UK,2024-08-04,2025-02-24 00:00:00
C-00231,Elena,Silva,elena.silva231@example.com,AU,2024-12-05,2025-01-18 00:00:00
C-00232,Tara,Okafor,tara.okafor232@example.com,US,2024-10-22,2025-08-06 00:00:00
C-00233,Leo,Jackson,leo.jackson233@example.com,UK,2024-09-15,2024-11-07 00:00:00
C-00234,Rosa,Haddad,rosa.haddad234@example.com,CA,2025-02-28,2025-04-28 00:00:00
C-00235,Marco,Novak,marco.novak235@example.com,AU,2025-06-03,2026-02-15 00:00:00
C-00236,Tara,Nguyen,tara.nguyen236@example.com,US,2025-06-29,2026-03-29 00:00:00
C-00237,Victor,Brown,victor.brown237@example.com,US,2024-09-06,2024-11-08 00:00:00
C-00238,Ava,Tanaka,ava.tanaka238@example.com,JP,2024-10-16,2025-03-05 00:00:00
C-00239,Arjun,Haddad,arjun.haddad239@example.com,AU,2025-05-18,2025-12-24 00:00:00
C-00240,Aisha,Lee,aisha.lee240@example.com,CA,2025-02-13,2025-11-03 00:00:00
C-00241,Nora,Chen,nora.chen241@example.com,US,2025-02-14,2025-06-07 00:00:00
C-00242,Zoe,Ali,zoe.ali242@example.com,IN,2024-11-13,2025-04-17 00:00:00
C-00243,Jonas,Rossi,jonas.rossi243@example.com,US,2024-07-06,2025-02-13 00:00:00
C-00244,Dante,Clark,dante.clark244@example.com,US,2025-02-17,2025-09-24 00:00:00
C-00245,June,Tanaka,,US,2024-12-31,2025-08-22 00:00:00
C-00246,Mateo,Kim,mateo.kim246@example.com,US,2025-06-15,2025-12-02 00:00:00
C-00247,Ali,Nguyen,ali.nguyen247@example.com,UK,2024-11-25,2024-12-26 00:00:00
C-00248,Wren,Weber,wren.weber248@example.com,CA,2025-04-08,2026-01-04 00:00:00
C-00249,Rosa,Miller,,AU,2025-03-07,2025-11-21 00:00:00
C-00250,Sam,Martinez,sam.martinez250@example.com,US,2025-05-11,2026-01-05 00:00:00
C-00251,Anya,Smith,anya.smith251@example.com,US,2024-12-19,2025-01-17 00:00:00
C-00252,Victor,Robinson,victor.robinson252@example.com,US,2024-06-02,2024-08-02 00:00:00
C-00253,Leo,Haddad,leo.haddad253@example.com,UK,2024-11-20,2025-07-01 00:00:00
C-00254,Nina,Davis,nina.davis254@example.com,US,2024-11-30,2024-12-06 00:00:00
C-00255,Wren,Martinez,wren.martinez255@example.com,CA,2024-08-24,2025-06-13 00:00:00
C-00256,Ava,Rossi,ava.rossi256@example.com,US,2025-07-01,2025-10-22 00:00:00
C-00257,Ravi,Hall,ravi.hall257@example.com,US,2025-04-18,2025-11-19 00:00:00
C-00258,Maya,Brown,maya.brown258@example.com,US,2025-06-08,2026-03-01 00:00:00
C-00259,Marco,Tanaka,marco.tanaka259@example.com,US,2025-02-07,2025-06-05 00:00:00
C-00260,Liam,Martinez,liam.martinez260@example.com,US,2025-02-06,2025-05-12 00:00:00
C-00261,Jonas,Garcia,jonas.garcia261@example.com,US,2024-10-18,2025-04-18 00:00:00
C-00262,Tara,Chen,tara.chen262@example.com,US,2025-01-15,2025-07-08 00:00:00
C-00263,Priya,Johnson,priya.johnson263@example.com,BR,2024-11-01,2025-03-03 00:00:00
C-00264,Theo,Robinson,,US,2024-06-05,2024-12-02 00:00:00
C-00265,Omar,Okafor,omar.okafor265@example.com,US,2025-01-17,2025-10-24 00:00:00
C-00266,Priya,Okafor,priya.okafor266@example.com,AU,2024-12-19,2025-05-08 00:00:00
C-00267,Lena,Smith,lena.smith267@example.com,US,2024-06-28,2024-08-26 00:00:00
C-00268,Liam,White,liam.white268@example.com,US,2024-10-14,2025-02-04 00:00:00
C-00269,Ethan,Smith,,US,2024-10-24,2025-02-19 00:00:00
C-00270,Rosa,Smith,rosa.smith270@example.com,US,2025-04-04,2025-05-13 00:00:00
C-00271,Elena,Anderson,elena.anderson271@example.com,UK,2024-10-11,2024-11-28 00:00:00
C-00272,Hana,Thomas,hana.thomas272@example.com,US,2024-10-02,2025-04-25 00:00:00
C-00273,Lucas,Robinson,,AU,2024-06-19,2024-09-28 00:00:00
C-00274,Wren,Smith,wren.smith274@example.com,CA,2024-06-10,2025-03-23 00:00:00
C-00275,Maya,Smith,maya.smith275@example.com,US,2025-03-18,2025-05-30 00:00:00
C-00276,Priya,Costa,priya.costa276@example.com,US,2024-08-19,2024-09-17 00:00:00
C-00277,Ali,Khan,ali.khan277@example.com,US,2024-12-07,2025-07-21 00:00:00
C-00278,Marco,Taylor,marco.taylor278@example.com,US,2025-01-20,2025-10-11 00:00:00
C-00279,Diego,Johnson,diego.johnson279@example.com,US,2024-10-16,2025-01-07 00:00:00
C-00280,Hana,Robinson,hana.robinson280@example.com,UK,2024-12-09,2025-02-07 00:00:00
C-00281,Mateo,Weber,mateo.weber281@example.com,DE,2025-06-26,2025-08-20 00:00:00
C-00282,Aisha,Patel,aisha.patel282@example.com,CA,2024-12-09,2025-05-14 00:00:00
C-00283,Mateo,Rossi,,CA,2024-06-23,2024-11-10 00:00:00
C-00284,Ali,Taylor,ali.taylor284@example.com,US,2024-11-29,2025-02-14 00:00:00
C-00285,Yuki,Okafor,yuki.okafor285@example.com,AU,2024-07-22,2024-08-04 00:00:00
C-00286,Leo,Okafor,leo.okafor286@example.com,UK,2024-06-04,2024-10-26 00:00:00
C-00287,Jonas,Silva,jonas.silva287@example.com,US,2024-07-06,2025-04-19 00:00:00
C-00288,Wren,Tanaka,wren.tanaka288@example.com,US,2024-09-06,2025-03-20 00:00:00
C-00289,Kofi,Nguyen,kofi.nguyen289@example.com,CA,2025-02-25,2025-07-23 00:00:00
C-00290,Cleo,Clark,,UK,2025-05-20,2025-06-22 00:00:00
C-00291,Zoe,Tanaka,zoe.tanaka291@example.com,AU,2024-09-02,2024-11-16 00:00:00
C-00292,June,Martin,june.martin292@example.com,US,2024-07-25,2024-10-21 00:00:00
C-00293,Sofia,Novak,sofia.novak293@example.com,CA,2024-10-04,2025-05-21 00:00:00
C-00294,Zoe,Chen,zoe.chen294@example.com,US,2024-09-29,2025-06-19 00:00:00
C-00295,Nina,Hall,nina.hall295@example.com,AU,2025-04-06,2026-01-01 00:00:00
C-00296,June,Silva,june.silva296@example.com,US,2024-07-13,2025-05-04 00:00:00
C-00297,Sam,Thomas,sam.thomas297@example.com,US,2025-02-01,2025-11-22 00:00:00
C-00298,Ravi,Haddad,ravi.haddad298@example.com,UK,2024-10-20,2025-08-01 00:00:00
C-00299,Lena,Iyer,lena.iyer299@example.com,US,2025-01-22,2025-02-12 00:00:00
C-00300,Nina,Harris,nina.harris300@example.com,US,2024-11-12,2024-12-23 00:00:00
C-00301,Yuki,Martin,yuki.martin301@example.com,US,2025-06-12,2025-09-11 00:00:00
C-00302,Ali,Khan,ali.khan302@example.com,US,2024-08-28,2025-02-09 00:00:00
C-00303,Theo,Chen,theo.chen303@example.com,UK,2024-11-18,2024-12-17 00:00:00
C-00304,Zoe,Smith,zoe.smith304@example.com,US,2025-04-23,2026-01-01 00:00:00
C-00305,Liam,Lee,liam.lee305@example.com,BR,2025-03-25,2025-09-26 00:00:00
C-00306,June,Okafor,june.okafor306@example.com,CA,2024-11-09,2025-04-20 00:00:00
C-00307,Elena,Robinson,elena.robinson307@example.com,US,2024-12-26,2025-02-13 00:00:00
C-00308,Diego,Silva,diego.silva308@example.com,US,2024-07-03,2024-09-16 00:00:00
C-00309,June,Costa,june.costa309@example.com,US,2024-11-29,2025-01-16 00:00:00
C-00310,Jonas,Khan,jonas.khan310@example.com,US,2024-07-13,2025-03-25 00:00:00
C-00311,Ava,Novak,ava.novak311@example.com,CA,2024-10-28,2025-04-21 00:00:00
C-00312,Amara,Garcia,amara.garcia312@example.com,US,2024-12-27,2025-08-04 00:00:00
C-00313,Kai,Lewis,kai.lewis313@example.com,UK,2025-03-23,2025-06-19 00:00:00
C-00314,Mateo,Harris,mateo.harris314@example.com,US,2025-05-06,2025-08-25 00:00:00
C-00315,Ivy,Martin,ivy.martin315@example.com,US,2025-05-01,2025-08-30 00:00:00
C-00316,Aisha,Haddad,,US,2024-07-15,2025-02-28 00:00:00
C-00317,Anya,Wilson,anya.wilson317@example.com,US,2024-06-13,2025-01-30 00:00:00
C-00318,Maya,Kim,maya.kim318@example.com,US,2024-06-18,2024-08-19 00:00:00
C-00319,Priya,Martinez,priya.martinez319@example.com,US,2025-01-28,2025-11-06 00:00:00
C-00320,Elena,Lee,elena.lee320@example.com,US,2024-11-11,2024-12-17 00:00:00
C-00321,Marco,Moore,marco.moore321@example.com,UK,2024-09-02,2025-05-28 00:00:00
C-00322,Zoe,Martinez,zoe.martinez322@example.com,US,2025-03-18,2025-04-17 00:00:00
C-00323,Anya,Taylor,anya.taylor323@example.com,US,2024-11-01,2025-01-19 00:00:00
C-00324,Mira,Harris,mira.harris324@example.com,US,2024-08-11,2025-04-21 00:00:00
C-00325,Jonas,Dubois,jonas.dubois325@example.com,US,2025-02-03,2025-03-28 00:00:00
C-00326,Zoe,Garcia,zoe.garcia326@example.com,US,2025-02-16,2025-06-20 00:00:00
C-00327,Mateo,Ali,mateo.ali327@example.com,CA,2024-06-25,2024-11-06 00:00:00
C-00328,Lucas,Haddad,lucas.haddad328@example.com,US,2024-08-14,2024-10-26 00:00:00
C-00329,Lucas,Harris,lucas.harris329@example.com,US,2025-05-18,2025-12-17 00:00:00
C-00330,Omar,Lee,omar.lee330@example.com,US,2024-07-24,2025-04-05 00:00:00
C-00331,Liam,Novak,,CA,2025-01-16,2025-10-05 00:00:00
C-00332,June,Johnson,june.johnson332@example.com,US,2025-03-26,2025-07-05 00:00:00
C-00333,Maya,Lewis,maya.lewis333@example.com,US,2024-12-31,2025-06-08 00:00:00
C-00334,Elena,Ali,elena.ali334@example.com,US,2025-03-15,2025-05-28 00:00:00
C-00335,Ali,Lewis,ali.lewis335@example.com,AU,2024-10-12,2024-12-24 00:00:00
C-00336,Tara,Khan,tara.khan336@example.com,CA,2024-09-27,2024-11-14 00:00:00
C-00337,Diego,Harris,diego.harris337@example.com,US,2024-06-15,2025-03-24 00:00:00
C-00338,Ali,Silva,ali.silva338@example.com,BR,2024-06-30,2025-03-23 00:00:00
C-00339,Kai,Hall,kai.hall339@example.com,US,2024-06-02,2025-01-21 00:00:00
C-00340,Amara,Davis,amara.davis340@example.com,CA,2024-10-10,2025-03-14 00:00:00
C-00341,June,Smith,june.smith341@example.com,US,2024-09-21,2025-02-15 00:00:00
C-00342,Sofia,Muller,,US,2024-11-28,2025-05-05 00:00:00
C-00343,Jonas,Anderson,jonas.anderson343@example.com,CA,2024-11-05,2025-04-14 00:00:00
C-00344,Priya,Ali,priya.ali344@example.com,CA,2025-04-27,2025-09-04 00:00:00
C-00345,Ali,Kim,ali.kim345@example.com,US,2024-10-23,2024-12-01 00:00:00
C-00346,Jonas,Rossi,jonas.rossi346@example.com,UK,2024-10-22,2024-11-28 00:00:00
C-00347,Sofia,Walker,sofia.walker347@example.com,US,2024-08-13,2025-05-25 00:00:00
C-00348,Lena,Martinez,lena.martinez348@example.com,US,2024-07-06,2024-11-27 00:00:00
C-00349,Anya,Thomas,anya.thomas349@example.com,US,2025-04-30,2026-02-09 00:00:00
C-00350,Marco,Miller,marco.miller350@example.com,IN,2024-07-29,2024-09-16 00:00:00
C-00351,Kofi,Muller,kofi.muller351@example.com,US,2024-10-28,2025-04-12 00:00:00
C-00352,Diego,Haddad,diego.haddad352@example.com,US,2025-06-19,2025-08-20 00:00:00
C-00353,Tara,Walker,tara.walker353@example.com,US,2024-08-05,2024-10-19 00:00:00
C-00354,Elena,Chen,,BR,2025-05-16,2025-05-25 00:00:00
C-00355,Ava,Lewis,ava.lewis355@example.com,US,2024-10-31,2024-12-05 00:00:00
C-00356,Ava,Moore,ava.moore356@example.com,AU,2024-08-02,2025-05-04 00:00:00
C-00357,Sam,Anderson,sam.anderson357@example.com,US,2024-06-01,2024-09-05 00:00:00
C-00358,Lena,Lee,lena.lee358@example.com,US,2025-06-02,2025-12-01 00:00:00
C-00359,Lena,Lewis,lena.lewis359@example.com,US,2024-06-29,2024-11-15 00:00:00
C-00360,Hana,Okafor,hana.okafor360@example.com,CA,2025-06-24,2025-10-22 00:00:00
C-00361,Diego,Ali,diego.ali361@example.com,CA,2024-12-29,2025-06-06 00:00:00
C-00362,Diego,Tanaka,diego.tanaka362@example.com,CA,2025-02-20,2025-04-17 00:00:00
C-00363,Leo,Taylor,leo.taylor363@example.com,UK,2025-05-02,2026-02-22 00:00:00
C-00364,Lucas,Haddad,lucas.haddad364@example.com,AU,2024-07-28,2025-03-30 00:00:00
C-00365,Amara,Muller,amara.muller365@example.com,US,2025-04-23,2025-12-01 00:00:00
C-00366,Nina,Clark,nina.clark366@example.com,UK,2024-10-27,2025-03-16 00:00:00
C-00367,Noah,Johnson,noah.johnson367@example.com,UK,2025-05-02,2025-06-16 00:00:00
C-00368,Ava,Khan,ava.khan368@example.com,US,2025-04-28,2026-01-29 00:00:00
C-00369,Ali,Thomas,ali.thomas369@example.com,US,2025-02-28,2025-06-10 00:00:00
C-00370,Ivy,Wilson,ivy.wilson370@example.com,US,2025-01-10,2025-01-25 00:00:00
C-00371,Marco,Taylor,marco.taylor371@example.com,US,2025-06-08,2025-09-18 00:00:00
C-00372,Tara,Walker,,JP,2024-06-23,2025-02-16 00:00:00
C-00373,Kai,Martin,kai.martin373@example.com,US,2025-02-19,2025-08-24 00:00:00
C-00374,Anya,Costa,anya.costa374@example.com,CA,2024-06-22,2025-02-02 00:00:00
C-00375,Jonas,Martinez,jonas.martinez375@example.com,CA,2025-02-10,2025-10-06 00:00:00
C-00376,Amara,Kim,amara.kim376@example.com,UK,2025-04-27,2025-06-29 00:00:00
C-00377,Ava,Johnson,ava.johnson377@example.com,US,2024-08-24,2025-05-28 00:00:00
C-00378,Hana,Miller,hana.miller378@example.com,US,2024-12-30,2025-05-10 00:00:00
C-00379,June,Chen,june.chen379@example.com,IN,2024-09-23,2025-04-02 00:00:00
C-00380,Zoe,Khan,zoe.khan380@example.com,AU,2025-03-29,2025-03-29 00:00:00
C-00381,Rosa,Lee,rosa.lee381@example.com,US,2025-01-08,2025-11-02 00:00:00
C-00382,Ivy,Walker,ivy.walker382@example.com,US,2024-09-21,2024-12-14 00:00:00
C-00383,Hana,Lewis,,US,2025-05-18,2025-06-05 00:00:00
C-00384,Victor,Garcia,victor.garcia384@example.com,US,2024-11-07,2025-03-24 00:00:00
C-00385,Jonas,Costa,jonas.costa385@example.com,US,2025-04-16,2025-05-24 00:00:00
C-00386,Jonas,Tanaka,jonas.tanaka386@example.com,CA,2024-11-21,2025-01-05 00:00:00
C-00387,Elena,Jackson,elena.jackson387@example.com,CA,2025-04-12,2025-10-18 00:00:00
C-00388,Diego,Novak,diego.novak388@example.com,JP,2024-12-16,2025-04-12 00:00:00
C-00389,Cleo,White,cleo.white389@example.com,US,2024-08-01,2025-05-04 00:00:00
C-00390,Diego,Rossi,diego.rossi390@example.com,US,2025-02-15,2025-05-21 00:00:00
C-00391,Ivy,Haddad,ivy.haddad391@example.com,US,2024-11-13,2025-06-18 00:00:00
C-00392,Leo,Martinez,leo.martinez392@example.com,AU,2025-03-15,2025-07-31 00:00:00
C-00393,Elena,Novak,elena.novak393@example.com,US,2024-09-30,2025-04-15 00:00:00
C-00394,Nina,Smith,nina.smith394@example.com,US,2025-02-19,2025-08-17 00:00:00
C-00395,Diego,Brown,diego.brown395@example.com,CA,2024-06-30,2024-11-18 00:00:00
C-00396,Dante,Ali,dante.ali396@example.com,UK,2025-02-01,2025-11-13 00:00:00
C-00397,Nora,Martin,nora.martin397@example.com,US,2024-12-28,2025-04-09 00:00:00
C-00398,Ravi,Tanaka,ravi.tanaka398@example.com,US,2025-01-09,2025-03-03 00:00:00
C-00399,Ravi,Hall,ravi.hall399@example.com,JP,2024-07-07,2025-01-26 00:00:00
C-00400,Priya,Rossi,priya.rossi400@example.com,UK,2025-06-30,2026-03-10 00:00:00
C-00401,Mira,Hall,,US,2025-01-20,2025-02-01 00:00:00
C-00402,Maya,Harris,maya.harris402@example.com,US,2025-07-01,2025-11-12 00:00:00
C-00403,Mira,Lewis,mira.lewis403@example.com,US,2024-09-24,2025-06-18 00:00:00
C-00404,Kai,Garcia,kai.garcia404@example.com,US,2025-03-26,2025-11-05 00:00:00
C-00405,Kofi,Dubois,,US,2024-09-20,2025-07-14 00:00:00
C-00406,Diego,Robinson,,US,2024-11-29,2025-05-07 00:00:00
C-00407,Hana,Ali,hana.ali407@example.com,US,2025-03-28,2025-10-11 00:00:00
C-00408,Anya,White,anya.white408@example.com,US,2024-08-08,2024-11-06 00:00:00
C-00409,Ava,Okafor,ava.okafor409@example.com,US,2024-10-23,2025-08-03 00:00:00
C-00410,Sam,Wilson,sam.wilson410@example.com,US,2025-03-13,2025-06-30 00:00:00
C-00411,Kai,Clark,kai.clark411@example.com,US,2025-03-21,2025-10-28 00:00:00
C-00412,Diego,Hall,diego.hall412@example.com,US,2024-11-05,2025-03-05 00:00:00
C-00413,Mira,Thomas,mira.thomas413@example.com,AU,2025-05-24,2025-11-08 00:00:00
C-00414,Aisha,Wilson,aisha.wilson414@example.com,US,2024-07-30,2025-03-02 00:00:00
C-00415,Arjun,Ali,arjun.ali415@example.com,CA,2025-01-22,2025-06-23 00:00:00
C-00416,Ivy,Muller,ivy.muller416@example.com,US,2025-03-18,2025-12-15 00:00:00
C-00417,Rosa,Thomas,rosa.thomas417@example.com,US,2024-10-11,2025-02-13 00:00:00
C-00418,Mateo,Silva,mateo.silva418@example.com,US,2024-08-15,2025-02-25 00:00:00
C-00419,Kai,Anderson,kai.anderson419@example.com,UK,2024-11-09,2025-02-19 00:00:00
C-00420,Anya,Robinson,anya.robinson420@example.com,US,2025-03-06,2025-07-06 00:00:00
C-00421,Yuki,Tanaka,yuki.tanaka421@example.com,CA,2024-12-03,2025-04-14 00:00:00
C-00422,Noah,Taylor,noah.taylor422@example.com,US,2024-09-12,2024-10-19 00:00:00
C-00423,Noah,Okafor,noah.okafor423@example.com,US,2025-04-27,2025-05-24 00:00:00
C-00424,Priya,Jackson,priya.jackson424@example.com,US,2024-10-08,2025-04-26 00:00:00
C-00425,Aisha,Wilson,aisha.wilson425@example.com,US,2024-07-23,2025-02-04 00:00:00
C-00426,Leo,Garcia,leo.garcia426@example.com,US,2025-03-21,2025-10-05 00:00:00
C-00427,Ali,Chen,ali.chen427@example.com,UK,2024-10-01,2024-10-06 00:00:00
C-00428,Theo,Ali,theo.ali428@example.com,US,2025-05-21,2025-08-26 00:00:00
C-00429,Leo,Brown,leo.brown429@example.com,US,2025-04-19,2025-06-17 00:00:00
C-00430,Arjun,Khan,arjun.khan430@example.com,US,2024-08-04,2025-03-25 00:00:00
C-00431,Cleo,Silva,cleo.silva431@example.com,UK,2025-06-11,2026-02-24 00:00:00
C-00432,Nina,Anderson,nina.anderson432@example.com,CA,2025-03-28,2025-06-10 00:00:00
C-00433,Hana,Smith,,US,2025-06-01,2025-12-18 00:00:00
C-00434,Ivy,Brown,ivy.brown434@example.com,US,2024-08-08,2024-09-15 00:00:00
C-00435,Dante,Walker,dante.walker435@example.com,US,2025-05-15,2025-08-05 00:00:00
C-00436,Arjun,Wilson,arjun.wilson436@example.com,US,2025-04-03,2025-05-14 00:00:00
C-00437,Arjun,Anderson,arjun.anderson437@example.com,US,2024-09-21,2024-12-15 00:00:00
C-00438,Sofia,Novak,sofia.novak438@example.com,BR,2024-09-21,2025-04-11 00:00:00
C-00439,Ethan,Okafor,ethan.okafor439@example.com,US,2025-06-01,2026-03-01 00:00:00
C-00440,Priya,Smith,priya.smith440@example.com,US,2025-03-24,2025-05-23 00:00:00
C-00441,Rosa,Nguyen,,US,2025-06-20,2025-11-29 00:00:00
C-00442,Anya,Khan,anya.khan442@example.com,CA,2025-01-05,2025-08-03 00:00:00
C-00443,Mateo,Khan,mateo.khan443@example.com,US,2025-04-04,2026-01-14 00:00:00
C-00444,Yuki,Haddad,yuki.haddad444@example.com,US,2025-01-19,2025-07-21 00:00:00
C-00445,Arjun,Dubois,arjun.dubois445@example.com,US,2025-03-26,2025-06-10 00:00:00
C-00446,Liam,Kim,liam.kim446@example.com,US,2024-10-02,2025-04-07 00:00:00
C-00447,Diego,White,diego.white447@example.com,US,2024-06-26,2024-09-30 00:00:00
C-00448,Dante,Clark,dante.clark448@example.com,AU,2025-03-15,2026-01-01 00:00:00
C-00449,Theo,Ali,theo.ali449@example.com,US,2024-12-25,2025-04-23 00:00:00
C-00450,Kofi,Thomas,kofi.thomas450@example.com,UK,2024-11-24,2025-06-17 00:00:00
C-00451,Theo,Weber,theo.weber451@example.com,US,2025-01-04,2025-01-10 00:00:00
C-00452,Theo,Haddad,theo.haddad452@example.com,US,2025-01-02,2025-05-02 00:00:00
C-00453,Yuki,Wilson,yuki.wilson453@example.com,US,2025-03-08,2025-11-25 00:00:00
C-00454,Yuki,Patel,,IN,2025-06-20,2025-12-20 00:00:00
C-00455,Sofia,Miller,sofia.miller455@example.com,US,2024-10-24,2025-03-06 00:00:00
C-00456,Ava,Martin,ava.martin456@example.com,US,2024-08-10,2025-05-17 00:00:00
C-00457,Yuki,Patel,yuki.patel457@example.com,US,2025-05-05,2026-01-16 00:00:00
C-00458,Ali,Haddad,ali.haddad458@example.com,CA,2024-10-10,2025-01-14 00:00:00
C-00459,Aisha,Chen,aisha.chen459@example.com,CA,2025-05-09,2025-10-19 00:00:00
C-00460,Lena,Taylor,lena.taylor460@example.com,AU,2025-03-09,2025-08-02 00:00:00
C-00461,Marco,Moore,marco.moore461@example.com,US,2024-11-25,2025-06-02 00:00:00
C-00462,Lena,Novak,lena.novak462@example.com,CA,2025-04-22,2025-07-31 00:00:00
C-00463,Dante,Costa,dante.costa463@example.com,US,2025-04-20,2025-07-02 00:00:00
C-00464,Dante,Anderson,dante.anderson464@example.com,US,2024-11-09,2025-08-09 00:00:00
C-00465,Kai,Dubois,kai.dubois465@example.com,UK,2025-06-17,2026-03-21 00:00:00
C-00466,Cleo,Hall,cleo.hall466@example.com,AU,2024-10-05,2025-06-14 00:00:00
C-00467,Wren,Martin,wren.martin467@example.com,US,2025-06-10,2026-03-30 00:00:00
C-00468,Mateo,Nguyen,mateo.nguyen468@example.com,US,2024-06-09,2025-01-18 00:00:00
C-00469,Kai,Muller,kai.muller469@example.com,US,2025-07-04,2026-02-18 00:00:00
C-00470,Arjun,Patel,arjun.patel470@example.com,US,2024-09-02,2025-04-18 00:00:00
C-00471,Ava,Martin,ava.martin471@example.com,US,2024-07-13,2024-12-04 00:00:00
C-00472,Yuki,Martin,yuki.martin472@example.com,US,2025-02-06,2025-06-22 00:00:00
C-00473,Maya,Davis,maya.davis473@example.com,DE,2025-03-07,2025-05-18 00:00:00
C-00474,Mateo,Nguyen,mateo.nguyen474@example.com,US,2025-01-29,2025-08-10 00:00:00
C-00475,Zoe,Robinson,zoe.robinson475@example.com,US,2025-02-09,2025-05-06 00:00:00
C-00476,Elena,Moore,elena.moore476@example.com,US,2024-10-01,2024-12-17 00:00:00
C-00477,Ravi,Moore,ravi.moore477@example.com,US,2024-12-02,2025-05-26 00:00:00
C-00478,Ravi,Kim,ravi.kim478@example.com,IN,2024-10-24,2025-02-23 00:00:00
C-00479,Priya,Martinez,priya.martinez479@example.com,US,2024-09-23,2024-11-27 00:00:00
C-00480,Diego,Moore,diego.moore480@example.com,US,2025-02-18,2025-10-20 00:00:00
C-00481,Sam,Johnson,sam.johnson481@example.com,US,2024-09-25,2025-06-10 00:00:00
C-00482,Rosa,Martinez,rosa.martinez482@example.com,US,2025-01-15,2025-03-06 00:00:00
C-00483,Yuki,Chen,yuki.chen483@example.com,US,2024-10-25,2024-10-27 00:00:00
C-00484,Omar,Rossi,omar.rossi484@example.com,US,2024-06-16,2024-09-24 00:00:00
C-00485,Sam,Patel,sam.patel485@example.com,US,2024-11-29,2025-07-26 00:00:00
C-00486,June,Rossi,june.rossi486@example.com,US,2024-07-24,2025-04-01 00:00:00
C-00487,Ava,Kim,ava.kim487@example.com,AU,2024-09-02,2024-10-13 00:00:00
C-00488,Diego,Walker,diego.walker488@example.com,BR,2025-03-07,2025-10-25 00:00:00
C-00489,Ethan,Novak,ethan.novak489@example.com,US,2025-01-28,2025-03-03 00:00:00
C-00490,Wren,Davis,wren.davis490@example.com,IN,2024-07-17,2024-11-11 00:00:00
C-00491,Noah,Nguyen,noah.nguyen491@example.com,US,2024-11-28,2025-09-23 00:00:00
C-00492,Theo,Muller,theo.muller492@example.com,US,2024-09-23,2024-11-19 00:00:00
C-00493,Sam,Clark,sam.clark493@example.com,DE,2025-06-14,2025-07-30 00:00:00
C-00494,Leo,Jackson,leo.jackson494@example.com,US,2024-06-11,2024-10-15 00:00:00
C-00495,Marco,Miller,marco.miller495@example.com,US,2024-11-08,2025-05-12 00:00:00
C-00496,Maya,Martin,maya.martin496@example.com,CA,2025-05-18,2026-02-21 00:00:00
C-00497,Tara,Robinson,tara.robinson497@example.com,US,2024-09-24,2025-07-15 00:00:00
C-00498,Kofi,Ali,kofi.ali498@example.com,US,2025-02-09,2025-03-01 00:00:00
C-00499,Cleo,Iyer,cleo.iyer499@example.com,CA,2025-06-11,2025-07-22 00:00:00
C-00500,Rosa,Johnson,,US,2025-01-22,2025-09-16 00:00:00
C-00501,Arjun,Costa,arjun.costa501@example.com,US,2024-09-08,2024-11-28 00:00:00
C-00502,Aisha,White,,UK,2024-12-08,2025-08-30 00:00:00
C-00503,Jonas,Moore,jonas.moore503@example.com,US,2024-08-29,2025-03-16 00:00:00
C-00504,Wren,Wilson,wren.wilson504@example.com,US,2024-11-29,2025-01-01 00:00:00
C-00505,Sam,Smith,sam.smith505@example.com,US,2025-03-12,2025-11-16 00:00:00
C-00506,Marco,Chen,marco.chen506@example.com,US,2025-01-17,2025-03-10 00:00:00
C-00507,Rosa,Silva,rosa.silva507@example.com,US,2024-08-02,2024-12-07 00:00:00
C-00508,Victor,Brown,victor.brown508@example.com,US,2024-12-20,2025-06-03 00:00:00
C-00509,Zoe,Kim,zoe.kim509@example.com,US,2024-09-06,2025-02-03 00:00:00
C-00510,Kai,Kim,kai.kim510@example.com,US,2024-09-27,2025-04-20 00:00:00
C-00511,Nora,Muller,,UK,2025-04-15,2025-10-27 00:00:00
C-00512,Marco,Martin,marco.martin512@example.com,AU,2024-06-01,2025-03-25 00:00:00
C-00513,June,Tanaka,,US,2024-06-10,2025-04-05 00:00:00
C-00514,Ali,Smith,,US,2024-06-13,2024-11-14 00:00:00
C-00515,Mira,Khan,mira.khan515@example.com,UK,2024-07-13,2024-08-10 00:00:00
C-00516,Noah,Wilson,noah.wilson516@example.com,US,2025-03-01,2025-10-05 00:00:00
C-00517,Aisha,Nguyen,aisha.nguyen517@example.com,US,2024-07-18,2025-05-06 00:00:00
C-00518,Anya,Kim,anya.kim518@example.com,US,2024-10-07,2025-01-10 00:00:00
C-00519,Zoe,Okafor,zoe.okafor519@example.com,US,2024-09-27,2025-02-12 00:00:00
C-00520,Priya,Haddad,priya.haddad520@example.com,US,2024-08-11,2024-12-16 00:00:00
C-00521,Nora,Martinez,nora.martinez521@example.com,CA,2024-08-23,2024-09-07 00:00:00
C-00522,Kai,Clark,kai.clark522@example.com,US,2024-10-26,2025-05-15 00:00:00
C-00523,Priya,Lewis,priya.lewis523@example.com,US,2025-04-02,2025-07-17 00:00:00
C-00524,Lena,Muller,lena.muller524@example.com,US,2024-10-08,2025-06-01 00:00:00
C-00525,Rosa,Taylor,rosa.taylor525@example.com,UK,2025-02-28,2025-11-04 00:00:00
C-00526,Amara,Robinson,amara.robinson526@example.com,US,2025-05-29,2026-01-30 00:00:00
C-00527,Leo,Brown,leo.brown527@example.com,US,2025-06-10,2025-10-12 00:00:00
C-00528,Aisha,Anderson,aisha.anderson528@example.com,US,2024-11-05,2025-02-09 00:00:00
C-00529,Sam,Walker,sam.walker529@example.com,US,2024-09-03,2025-04-15 00:00:00
C-00530,Omar,Moore,omar.moore530@example.com,BR,2025-03-13,2025-11-08 00:00:00
C-00531,Elena,Wilson,elena.wilson531@example.com,US,2024-08-06,2024-12-31 00:00:00
C-00532,Hana,Patel,hana.patel532@example.com,US,2024-08-28,2025-05-22 00:00:00
C-00533,Ali,Garcia,ali.garcia533@example.com,US,2024-09-15,2024-10-28 00:00:00
C-00534,Ava,Weber,ava.weber534@example.com,US,2025-01-14,2025-10-04 00:00:00
C-00535,Sam,Garcia,sam.garcia535@example.com,AU,2025-06-02,2025-06-30 00:00:00
C-00536,Dante,Clark,dante.clark536@example.com,CA,2024-10-09,2024-11-24 00:00:00
C-00537,Kofi,Silva,kofi.silva537@example.com,US,2024-10-02,2025-03-11 00:00:00
C-00538,Leo,Silva,leo.silva538@example.com,US,2024-09-21,2024-10-11 00:00:00
C-00539,June,Novak,june.novak539@example.com,US,2024-12-22,2025-01-06 00:00:00
C-00540,Ethan,Lewis,ethan.lewis540@example.com,US,2024-08-30,2024-08-30 00:00:00
C-00541,Zoe,Brown,zoe.brown541@example.com,US,2024-07-05,2024-11-12 00:00:00
C-00542,Mira,Lewis,mira.lewis542@example.com,US,2025-05-07,2025-12-25 00:00:00
C-00543,Ali,Weber,,CA,2024-07-10,2024-07-20 00:00:00
C-00544,Marco,Khan,marco.khan544@example.com,BR,2024-10-14,2025-04-27 00:00:00
C-00545,Nina,Miller,nina.miller545@example.com,US,2025-03-26,2025-11-27 00:00:00
C-00546,Victor,Rossi,victor.rossi546@example.com,US,2024-10-15,2024-12-04 00:00:00
C-00547,Ali,Patel,ali.patel547@example.com,UK,2024-06-11,2024-07-25 00:00:00
C-00548,Marco,Nguyen,marco.nguyen548@example.com,US,2024-06-27,2025-03-12 00:00:00
C-00549,Sam,Robinson,sam.robinson549@example.com,US,2024-09-16,2025-05-20 00:00:00
C-00550,Jonas,Haddad,jonas.haddad550@example.com,UK,2025-01-08,2025-06-18 00:00:00
C-00551,Hana,Jackson,hana.jackson551@example.com,CA,2024-11-29,2025-08-01 00:00:00
C-00552,Jonas,Khan,jonas.khan552@example.com,US,2024-06-18,2024-07-15 00:00:00
C-00553,Hana,Silva,hana.silva553@example.com,US,2024-11-17,2025-03-15 00:00:00
C-00554,Diego,Lewis,diego.lewis554@example.com,CA,2025-01-05,2025-08-14 00:00:00
C-00555,Hana,Tanaka,hana.tanaka555@example.com,US,2025-01-22,2025-04-09 00:00:00
C-00556,Lena,Dubois,lena.dubois556@example.com,US,2024-10-09,2025-05-22 00:00:00
C-00557,Rosa,Chen,rosa.chen557@example.com,UK,2024-08-20,2025-01-18 00:00:00
C-00558,Kofi,Chen,kofi.chen558@example.com,IN,2025-01-02,2025-08-15 00:00:00
C-00559,Anya,Novak,anya.novak559@example.com,US,2025-03-13,2025-07-30 00:00:00
C-00560,Lena,Brown,lena.brown560@example.com,CA,2024-10-02,2025-01-20 00:00:00
C-00561,Ethan,Rossi,ethan.rossi561@example.com,US,2024-11-12,2025-01-16 00:00:00
C-00562,Aisha,Miller,aisha.miller562@example.com,US,2025-02-06,2025-04-09 00:00:00
C-00563,Ali,Garcia,ali.garcia563@example.com,US,2025-02-15,2025-09-28 00:00:00
C-00564,Leo,Hall,leo.hall564@example.com,US,2025-06-20,2025-07-25 00:00:00
C-00565,Wren,Silva,wren.silva565@example.com,US,2025-03-31,2025-04-25 00:00:00
C-00566,Nora,Wilson,nora.wilson566@example.com,DE,2024-10-13,2024-12-04 00:00:00
C-00567,Ethan,Rossi,ethan.rossi567@example.com,US,2024-08-04,2024-09-25 00:00:00
C-00568,Wren,Silva,wren.silva568@example.com,US,2024-06-18,2025-02-19 00:00:00
C-00569,Ava,Davis,ava.davis569@example.com,US,2024-06-25,2024-10-22 00:00:00
C-00570,Yuki,Jackson,yuki.jackson570@example.com,US,2025-03-07,2025-12-29 00:00:00
C-00571,Omar,Robinson,omar.robinson571@example.com,US,2025-05-08,2025-06-18 00:00:00
C-00572,Anya,Tanaka,anya.tanaka572@example.com,CA,2025-07-01,2026-01-13 00:00:00
C-00573,Mateo,Garcia,mateo.garcia573@example.com,UK,2024-08-11,2024-12-23 00:00:00
C-00574,Anya,Kim,anya.kim574@example.com,US,2025-06-03,2025-09-28 00:00:00
C-00575,Tara,Chen,tara.chen575@example.com,CA,2024-08-13,2025-05-02 00:00:00
C-00576,Dante,Nguyen,dante.nguyen576@example.com,US,2025-06-17,2026-04-05 00:00:00
C-00577,Zoe,Moore,zoe.moore577@example.com,UK,2025-06-18,2026-03-06 00:00:00
C-00578,Aisha,Muller,,UK,2024-11-29,2025-01-25 00:00:00
C-00579,Marco,Haddad,marco.haddad579@example.com,US,2025-02-02,2025-04-09 00:00:00
C-00580,Priya,Brown,priya.brown580@example.com,CA,2024-12-07,2025-06-21 00:00:00
C-00581,Theo,Khan,theo.khan581@example.com,US,2025-06-14,2025-09-08 00:00:00
C-00582,Cleo,Clark,cleo.clark582@example.com,US,2024-09-09,2025-04-17 00:00:00
C-00583,Maya,Novak,maya.novak583@example.com,US,2024-06-03,2024-11-19 00:00:00
C-00584,Nina,Martin,nina.martin584@example.com,US,2025-03-26,2025-09-07 00:00:00
C-00585,Liam,Miller,liam.miller585@example.com,US,2024-11-01,2025-07-07 00:00:00
C-00586,Yuki,Novak,yuki.novak586@example.com,US,2024-10-27,2025-05-28 00:00:00
C-00587,Dante,Nguyen,dante.nguyen587@example.com,US,2024-12-03,2024-12-10 00:00:00
C-00588,Liam,Clark,liam.clark588@example.com,US,2024-12-30,2025-01-13 00:00:00
C-00589,Mateo,Davis,mateo.davis589@example.com,UK,2025-06-08,2025-12-05 00:00:00
C-00590,Sofia,Khan,sofia.khan590@example.com,US,2024-10-27,2025-03-21 00:00:00
C-00591,Wren,Haddad,wren.haddad591@example.com,CA,2025-02-03,2025-04-22 00:00:00
C-00592,Mateo,Thomas,mateo.thomas592@example.com,CA,2024-09-24,2025-01-27 00:00:00
C-00593,Nina,Jackson,nina.jackson593@example.com,US,2024-09-12,2025-04-27 00:00:00
C-00594,Sofia,Lee,sofia.lee594@example.com,US,2024-07-12,2025-03-16 00:00:00
C-00595,Sofia,Weber,sofia.weber595@example.com,US,2024-10-18,2025-04-04 00:00:00
C-00596,Sofia,Thomas,sofia.thomas596@example.com,BR,2024-08-03,2024-11-26 00:00:00
C-00597,Mateo,Lewis,mateo.lewis597@example.com,US,2025-03-29,2025-06-18 00:00:00
C-00598,Zoe,Clark,zoe.clark598@example.com,AU,2024-07-23,2024-12-26 00:00:00
C-00599,Lucas,Ali,lucas.ali599@example.com,US,2024-08-04,2024-11-06 00:00:00
C-00600,Liam,Brown,liam.brown600@example.com,US,2024-11-28,2025-05-16 00:00:00
C-00601,Victor,Weber,victor.weber601@example.com,UK,2025-02-11,2025-09-01 00:00:00
C-00602,Dante,Silva,dante.silva602@example.com,US,2025-05-04,2025-05-23 00:00:00
C-00603,Sofia,Ali,,CA,2024-10-23,2024-10-23 00:00:00
C-00604,Wren,Iyer,wren.iyer604@example.com,CA,2024-06-04,2024-08-06 00:00:00
C-00605,Ivy,Walker,ivy.walker605@example.com,UK,2025-01-26,2025-10-21 00:00:00
C-00606,Liam,Miller,,JP,2025-04-06,2025-10-16 00:00:00
C-00607,Diego,Dubois,diego.dubois607@example.com,CA,2025-04-08,2025-05-29 00:00:00
C-00608,Diego,Wilson,diego.wilson608@example.com,US,2025-05-02,2026-01-24 00:00:00
C-00609,Mira,Harris,mira.harris609@example.com,US,2024-07-09,2024-11-26 00:00:00
C-00610,Ivy,Kim,ivy.kim610@example.com,US,2025-04-29,2025-09-18 00:00:00
C-00611,Dante,Anderson,dante.anderson611@example.com,UK,2025-05-03,2026-02-07 00:00:00
C-00612,Nora,Okafor,,US,2024-12-07,2024-12-24 00:00:00
C-00613,Wren,Martin,wren.martin613@example.com,US,2024-10-15,2024-12-18 00:00:00
C-00614,Ravi,Thomas,ravi.thomas614@example.com,US,2024-12-07,2025-05-31 00:00:00
C-00615,Ali,Moore,ali.moore615@example.com,US,2024-12-03,2025-01-30 00:00:00
C-00616,Wren,Lewis,wren.lewis616@example.com,US,2024-09-29,2025-04-20 00:00:00
C-00617,Maya,Martinez,maya.martinez617@example.com,US,2024-06-11,2024-08-14 00:00:00
C-00618,Maya,Novak,maya.novak618@example.com,US,2025-05-23,2025-06-21 00:00:00
C-00619,Maya,Clark,maya.clark619@example.com,IN,2024-11-13,2025-01-14 00:00:00
C-00620,Noah,Chen,noah.chen620@example.com,US,2024-07-12,2024-11-15 00:00:00
C-00621,Yuki,Costa,yuki.costa621@example.com,US,2024-12-26,2025-02-16 00:00:00
C-00622,Tara,Hall,tara.hall622@example.com,AU,2024-07-02,2024-08-11 00:00:00
C-00623,Anya,Silva,anya.silva623@example.com,UK,2025-02-16,2025-11-01 00:00:00
C-00624,Arjun,Khan,arjun.khan624@example.com,US,2024-08-12,2024-11-16 00:00:00
C-00625,Kai,Lee,kai.lee625@example.com,AU,2024-10-16,2025-02-01 00:00:00
C-00626,Theo,Dubois,theo.dubois626@example.com,US,2024-09-06,2024-09-22 00:00:00
C-00627,Arjun,Garcia,arjun.garcia627@example.com,CA,2024-12-28,2025-04-14 00:00:00
C-00628,Nora,White,nora.white628@example.com,US,2024-10-15,2025-01-02 00:00:00
C-00629,Amara,Rossi,amara.rossi629@example.com,AU,2025-06-07,2025-12-07 00:00:00
C-00630,Arjun,Wilson,arjun.wilson630@example.com,AU,2024-11-15,2025-01-15 00:00:00
C-00631,Marco,Garcia,marco.garcia631@example.com,US,2025-04-17,2026-01-08 00:00:00
C-00632,Marco,Clark,marco.clark632@example.com,BR,2024-06-13,2025-03-18 00:00:00
C-00633,Amara,Davis,amara.davis633@example.com,UK,2025-03-07,2025-04-05 00:00:00
C-00634,Mateo,Johnson,mateo.johnson634@example.com,US,2025-03-29,2025-04-30 00:00:00
C-00635,Noah,Anderson,noah.anderson635@example.com,DE,2024-06-21,2024-07-25 00:00:00
C-00636,Arjun,Costa,arjun.costa636@example.com,US,2024-12-01,2025-06-04 00:00:00
C-00637,Sofia,Chen,,IN,2024-11-10,2024-12-16 00:00:00
C-00638,Elena,Patel,elena.patel638@example.com,US,2024-08-19,2025-05-01 00:00:00
C-00639,Theo,Patel,theo.patel639@example.com,US,2025-06-21,2026-02-02 00:00:00
C-00640,Ravi,Okafor,ravi.okafor640@example.com,US,2024-07-12,2025-03-14 00:00:00
C-00641,Cleo,Anderson,cleo.anderson641@example.com,CA,2025-03-04,2025-08-08 00:00:00
C-00642,Ali,Patel,ali.patel642@example.com,CA,2024-07-28,2025-05-23 00:00:00
C-00643,Dante,Hall,dante.hall643@example.com,US,2024-11-25,2024-12-08 00:00:00
C-00644,Noah,Ali,noah.ali644@example.com,UK,2024-08-23,2024-12-21 00:00:00
C-00645,Leo,Kim,leo.kim645@example.com,US,2024-06-25,2024-09-30 00:00:00
C-00646,Kofi,Walker,kofi.walker646@example.com,US,2024-12-05,2025-09-15 00:00:00
C-00647,Noah,Muller,noah.muller647@example.com,US,2024-07-05,2024-12-25 00:00:00
C-00648,Amara,Costa,amara.costa648@example.com,AU,2025-06-02,2026-01-29 00:00:00
C-00649,Ali,Lewis,ali.lewis649@example.com,US,2025-06-05,2025-07-26 00:00:00
C-00650,Cleo,Lee,cleo.lee650@example.com,US,2025-04-17,2026-02-04 00:00:00
C-00651,Ethan,Weber,ethan.weber651@example.com,US,2024-10-09,2025-03-07 00:00:00
C-00652,Zoe,Thomas,zoe.thomas652@example.com,US,2024-12-30,2025-05-27 00:00:00
C-00653,Tara,Harris,tara.harris653@example.com,AU,2024-09-24,2025-07-12 00:00:00
C-00654,Dante,Davis,dante.davis654@example.com,US,2025-06-18,2025-10-10 00:00:00
C-00655,Omar,Okafor,omar.okafor655@example.com,US,2025-04-19,2025-08-16 00:00:00
C-00656,Kofi,Martinez,kofi.martinez656@example.com,US,2025-04-14,2025-10-06 00:00:00
C-00657,Ali,Costa,ali.costa657@example.com,US,2024-12-06,2025-01-13 00:00:00
C-00658,Elena,Martinez,elena.martinez658@example.com,CA,2025-02-17,2025-05-24 00:00:00
C-00659,Leo,Dubois,leo.dubois659@example.com,US,2024-08-26,2024-10-22 00:00:00
C-00660,Anya,Martin,anya.martin660@example.com,US,2025-06-28,2025-07-28 00:00:00
C-00661,Wren,Haddad,wren.haddad661@example.com,US,2025-04-16,2025-12-31 00:00:00
C-00662,Ava,Rossi,,UK,2024-06-13,2024-12-06 00:00:00
C-00663,Lucas,Okafor,lucas.okafor663@example.com,US,2025-01-17,2025-05-04 00:00:00
C-00664,Victor,Kim,victor.kim664@example.com,CA,2025-02-22,2025-06-24 00:00:00
C-00665,Omar,Patel,omar.patel665@example.com,AU,2024-11-23,2025-04-01 00:00:00
C-00666,Tara,Tanaka,tara.tanaka666@example.com,US,2025-04-17,2025-10-23 00:00:00
C-00667,Yuki,Garcia,yuki.garcia667@example.com,BR,2024-10-30,2025-08-04 00:00:00
C-00668,Ava,Rossi,ava.rossi668@example.com,US,2025-04-17,2026-01-21 00:00:00
C-00669,Hana,Lewis,hana.lewis669@example.com,US,2025-03-20,2025-07-15 00:00:00
C-00670,Kai,Chen,kai.chen670@example.com,US,2025-04-06,2025-07-13 00:00:00
C-00671,Diego,Harris,diego.harris671@example.com,UK,2024-09-17,2025-01-30 00:00:00
C-00672,Sofia,Harris,sofia.harris672@example.com,US,2025-06-23,2025-12-10 00:00:00
C-00673,Theo,Davis,theo.davis673@example.com,US,2024-11-01,2025-03-19 00:00:00
C-00674,Noah,Martinez,noah.martinez674@example.com,AU,2024-09-25,2025-04-10 00:00:00
C-00675,Sam,Clark,sam.clark675@example.com,US,2024-10-19,2025-04-03 00:00:00
C-00676,Kofi,Davis,kofi.davis676@example.com,US,2024-10-26,2025-01-30 00:00:00
C-00677,Zoe,Silva,zoe.silva677@example.com,US,2025-06-24,2025-10-05 00:00:00
C-00678,Nina,Moore,nina.moore678@example.com,US,2024-06-29,2024-10-20 00:00:00
C-00679,Kofi,Walker,kofi.walker679@example.com,CA,2024-12-30,2025-01-27 00:00:00
C-00680,Lucas,Weber,lucas.weber680@example.com,US,2024-10-01,2024-11-19 00:00:00
C-00681,Maya,Iyer,maya.iyer681@example.com,US,2024-12-18,2025-07-22 00:00:00
C-00682,Ravi,Wilson,ravi.wilson682@example.com,US,2025-06-23,2025-10-17 00:00:00
C-00683,Omar,Martinez,omar.martinez683@example.com,US,2025-05-12,2025-07-15 00:00:00
C-00684,Aisha,Kim,aisha.kim684@example.com,US,2025-04-09,2025-09-24 00:00:00
C-00685,Arjun,Garcia,,US,2025-03-31,2025-11-12 00:00:00
C-00686,Jonas,Silva,jonas.silva686@example.com,US,2024-12-30,2025-03-17 00:00:00
C-00687,Anya,Weber,anya.weber687@example.com,US,2024-12-28,2025-09-02 00:00:00
C-00688,Priya,Martinez,priya.martinez688@example.com,US,2025-06-24,2026-03-29 00:00:00
C-00689,Omar,Kim,omar.kim689@example.com,AU,2024-08-12,2025-02-07 00:00:00
C-00690,Anya,Rossi,,US,2024-07-12,2025-01-28 00:00:00
C-00691,Ali,Khan,ali.khan691@example.com,US,2025-07-02,2025-07-17 00:00:00
C-00692,Priya,Martinez,priya.martinez692@example.com,BR,2025-02-18,2025-11-28 00:00:00
C-00693,Yuki,Garcia,yuki.garcia693@example.com,US,2025-05-05,2025-08-30 00:00:00
C-00694,Omar,Brown,omar.brown694@example.com,US,2024-07-12,2025-04-15 00:00:00
C-00695,Dante,Robinson,dante.robinson695@example.com,US,2025-06-04,2025-11-24 00:00:00
C-00696,Lucas,Iyer,lucas.iyer696@example.com,US,2025-06-27,2025-06-28 00:00:00
C-00697,Lucas,Patel,lucas.patel697@example.com,CA,2025-02-02,2025-02-13 00:00:00
C-00698,Jonas,Muller,jonas.muller698@example.com,US,2025-06-10,2025-12-31 00:00:00
C-00699,Rosa,Brown,rosa.brown699@example.com,AU,2025-06-01,2025-11-16 00:00:00
C-00700,Tara,Lewis,tara.lewis700@example.com,US,2024-07-04,2024-07-11 00:00:00
C-00701,Yuki,Hall,yuki.hall701@example.com,US,2024-10-13,2025-05-24 00:00:00
C-00702,Arjun,Nguyen,arjun.nguyen702@example.com,US,2024-07-31,2025-04-12 00:00:00
C-00703,Noah,Muller,noah.muller703@example.com,US,2024-09-04,2025-01-30 00:00:00
C-00704,Lena,Taylor,lena.taylor704@example.com,CA,2024-08-21,2025-01-07 00:00:00
C-00705,June,Jackson,june.jackson705@example.com,US,2024-11-28,2024-11-29 00:00:00
C-00706,Nina,Chen,nina.chen706@example.com,UK,2025-01-14,2025-09-06 00:00:00
C-00707,Theo,Khan,theo.khan707@example.com,DE,2025-06-10,2025-09-17 00:00:00
C-00708,Cleo,Lewis,cleo.lewis708@example.com,AU,2025-05-19,2026-02-06 00:00:00
C-00709,Cleo,Muller,cleo.muller709@example.com,UK,2025-07-01,2025-10-20 00:00:00
C-00710,Cleo,Harris,cleo.harris710@example.com,US,2025-05-07,2025-10-23 00:00:00
C-00711,Mateo,Hall,mateo.hall711@example.com,US,2024-06-24,2024-09-13 00:00:00
C-00712,Hana,Ali,hana.ali712@example.com,UK,2025-02-24,2025-04-13 00:00:00
C-00713,Nina,Brown,nina.brown713@example.com,US,2024-11-21,2025-07-11 00:00:00
C-00714,Zoe,Harris,zoe.harris714@example.com,US,2024-07-30,2024-12-25 00:00:00
C-00715,Cleo,Johnson,cleo.johnson715@example.com,US,2024-08-25,2025-02-01 00:00:00
C-00716,Ali,Lewis,ali.lewis716@example.com,US,2024-09-05,2025-06-21 00:00:00
C-00717,Hana,Muller,hana.muller717@example.com,UK,2024-07-01,2025-04-16 00:00:00
C-00718,Zoe,Weber,zoe.weber718@example.com,US,2025-04-13,2025-12-25 00:00:00
C-00719,June,Anderson,june.anderson719@example.com,US,2025-05-07,2025-07-02 00:00:00
C-00720,Rosa,Johnson,rosa.johnson720@example.com,US,2025-06-08,2025-12-03 00:00:00
C-00721,Zoe,Davis,zoe.davis721@example.com,AU,2025-06-20,2026-03-10 00:00:00
C-00722,June,Thomas,june.thomas722@example.com,US,2025-01-18,2025-05-10 00:00:00
C-00723,Kofi,Davis,kofi.davis723@example.com,US,2024-07-17,2024-08-16 00:00:00
C-00724,Kai,Smith,kai.smith724@example.com,AU,2024-11-03,2025-07-04 00:00:00
C-00725,Kofi,Martin,kofi.martin725@example.com,CA,2024-12-20,2025-05-13 00:00:00
C-00726,Cleo,Brown,cleo.brown726@example.com,US,2024-09-06,2025-02-22 00:00:00
C-00727,Kai,Weber,kai.weber727@example.com,US,2025-02-11,2025-12-02 00:00:00
C-00728,Ali,Muller,ali.muller728@example.com,CA,2025-03-19,2025-09-17 00:00:00
C-00729,Marco,Brown,marco.brown729@example.com,UK,2025-05-31,2025-10-05 00:00:00
C-00730,Noah,Khan,noah.khan730@example.com,US,2025-06-09,2025-09-27 00:00:00
C-00731,June,Patel,june.patel731@example.com,UK,2024-07-22,2024-11-24 00:00:00
C-00732,Mateo,Jackson,mateo.jackson732@example.com,US,2024-07-22,2024-08-26 00:00:00
C-00733,Wren,Lewis,wren.lewis733@example.com,US,2025-05-19,2026-01-12 00:00:00
C-00734,Sam,Weber,sam.weber734@example.com,UK,2024-08-28,2025-05-06 00:00:00
C-00735,Yuki,Thomas,yuki.thomas735@example.com,US,2024-06-28,2024-09-21 00:00:00
C-00736,Ethan,Lee,,US,2025-03-10,2025-06-09 00:00:00
C-00737,Hana,Dubois,hana.dubois737@example.com,US,2025-03-20,2025-12-07 00:00:00
C-00738,Aisha,Clark,aisha.clark738@example.com,US,2024-06-27,2024-07-04 00:00:00
C-00739,Rosa,Miller,rosa.miller739@example.com,US,2025-06-12,2025-11-15 00:00:00
C-00740,Liam,Novak,liam.novak740@example.com,CA,2024-12-20,2025-05-08 00:00:00
C-00741,Hana,Brown,hana.brown741@example.com,US,2024-11-21,2025-06-16 00:00:00
C-00742,Marco,Thomas,marco.thomas742@example.com,UK,2025-01-18,2025-03-08 00:00:00
C-00743,Kai,Harris,kai.harris743@example.com,CA,2025-02-06,2025-08-25 00:00:00
C-00744,Marco,Wilson,marco.wilson744@example.com,US,2024-07-16,2024-11-06 00:00:00
C-00745,Tara,Dubois,tara.dubois745@example.com,US,2025-04-13,2025-10-15 00:00:00
C-00746,Liam,Silva,liam.silva746@example.com,US,2024-07-25,2024-08-06 00:00:00
C-00747,Lena,Dubois,lena.dubois747@example.com,UK,2025-01-19,2025-06-06 00:00:00
C-00748,Victor,White,victor.white748@example.com,AU,2025-06-20,2025-11-23 00:00:00
C-00749,Ali,Thomas,ali.thomas749@example.com,US,2025-06-08,2025-08-11 00:00:00
C-00750,Jonas,Thomas,jonas.thomas750@example.com,US,2024-11-26,2025-01-06 00:00:00
C-00751,Marco,Miller,marco.miller751@example.com,US,2025-01-16,2025-03-13 00:00:00
C-00752,Ali,Patel,ali.patel752@example.com,DE,2024-12-14,2025-03-27 00:00:00
C-00753,Ravi,Garcia,ravi.garcia753@example.com,US,2024-08-14,2024-09-12 00:00:00
C-00754,Kofi,Wilson,,US,2024-12-22,2025-10-02 00:00:00
C-00755,Kofi,Harris,kofi.harris755@example.com,US,2024-08-19,2024-12-18 00:00:00
C-00756,June,Harris,june.harris756@example.com,US,2024-08-29,2025-04-28 00:00:00
C-00757,Mateo,Martinez,mateo.martinez757@example.com,DE,2024-11-13,2025-09-01 00:00:00
C-00758,Dante,White,dante.white758@example.com,US,2024-09-07,2024-10-01 00:00:00
C-00759,Wren,Khan,wren.khan759@example.com,UK,2025-01-20,2025-08-03 00:00:00
C-00760,Zoe,Robinson,zoe.robinson760@example.com,US,2025-07-02,2026-03-20 00:00:00
C-00761,Wren,Nguyen,wren.nguyen761@example.com,US,2025-05-20,2025-11-26 00:00:00
C-00762,Ava,Harris,ava.harris762@example.com,US,2024-10-22,2025-02-27 00:00:00
C-00763,Kofi,Davis,kofi.davis763@example.com,US,2024-07-24,2024-11-30 00:00:00
C-00764,Tara,Johnson,,CA,2024-10-24,2024-11-03 00:00:00
C-00765,Yuki,Lewis,yuki.lewis765@example.com,UK,2024-08-21,2025-01-28 00:00:00
C-00766,Diego,Lee,diego.lee766@example.com,US,2024-10-26,2025-08-20 00:00:00
C-00767,Tara,Hall,,US,2024-12-09,2025-09-22 00:00:00
C-00768,Ethan,Dubois,ethan.dubois768@example.com,US,2025-02-20,2025-03-04 00:00:00
C-00769,Elena,Dubois,elena.dubois769@example.com,US,2024-08-21,2025-03-20 00:00:00
C-00770,Elena,Patel,elena.patel770@example.com,CA,2025-01-05,2025-04-05 00:00:00
C-00771,Kai,Lee,kai.lee771@example.com,UK,2024-12-26,2025-09-22 00:00:00
C-00772,Arjun,Wilson,arjun.wilson772@example.com,US,2024-11-03,2024-11-16 00:00:00
C-00773,Ravi,Martin,ravi.martin773@example.com,US,2024-10-03,2025-07-10 00:00:00
C-00774,Maya,Davis,maya.davis774@example.com,US,2025-04-01,2025-12-08 00:00:00
C-00775,Ali,Silva,ali.silva775@example.com,DE,2025-05-31,2025-07-05 00:00:00
C-00776,Victor,Moore,victor.moore776@example.com,US,2024-09-22,2024-10-09 00:00:00
C-00777,Amara,Okafor,amara.okafor777@example.com,US,2024-06-02,2025-02-07 00:00:00
C-00778,Noah,Tanaka,noah.tanaka778@example.com,US,2025-06-10,2025-07-26 00:00:00
C-00779,Noah,Johnson,noah.johnson779@example.com,US,2025-03-16,2025-08-23 00:00:00
C-00780,Yuki,Harris,yuki.harris780@example.com,DE,2024-06-28,2025-03-29 00:00:00
C-00781,Theo,Haddad,theo.haddad781@example.com,AU,2025-05-15,2025-11-01 00:00:00
C-00782,Marco,Harris,marco.harris782@example.com,US,2025-03-11,2025-07-08 00:00:00
C-00783,Lena,Patel,lena.patel783@example.com,US,2025-04-14,2025-08-25 00:00:00
C-00784,Marco,Brown,marco.brown784@example.com,UK,2025-07-01,2025-07-19 00:00:00
C-00785,Maya,Muller,maya.muller785@example.com,UK,2024-08-08,2025-05-25 00:00:00
C-00786,Leo,Thomas,leo.thomas786@example.com,UK,2024-09-24,2024-12-26 00:00:00
C-00787,Dante,Davis,dante.davis787@example.com,US,2025-04-13,2025-06-08 00:00:00
C-00788,Elena,Lee,elena.lee788@example.com,BR,2024-12-23,2025-03-18 00:00:00
C-00789,Ravi,Lee,ravi.lee789@example.com,US,2024-08-19,2025-06-04 00:00:00
C-00790,Nina,Ali,nina.ali790@example.com,US,2024-08-19,2024-09-16 00:00:00
C-00791,Ava,Smith,,US,2025-02-25,2025-11-12 00:00:00
C-00792,Anya,Muller,anya.muller792@example.com,US,2024-07-21,2025-02-18 00:00:00
C-00793,Ivy,Costa,ivy.costa793@example.com,US,2025-01-03,2025-09-09 00:00:00
C-00794,Liam,Hall,liam.hall794@example.com,CA,2024-07-21,2025-05-09 00:00:00
C-00795,Omar,Walker,omar.walker795@example.com,AU,2025-02-03,2025-10-13 00:00:00
C-00796,Lucas,Khan,lucas.khan796@example.com,US,2024-10-23,2025-08-02 00:00:00
C-00797,Marco,Lewis,marco.lewis797@example.com,US,2025-02-06,2025-03-16 00:00:00
C-00798,Lucas,Ali,lucas.ali798@example.com,US,2025-06-05,2026-01-29 00:00:00
C-00799,Zoe,White,zoe.white799@example.com,US,2024-09-29,2025-03-11 00:00:00
C-00800,Lena,Brown,lena.brown800@example.com,JP,2024-11-03,2025-04-15 00:00:00
C-00801,Zoe,Iyer,zoe.iyer801@example.com,US,2025-06-22,2026-03-18 00:00:00
C-00802,Marco,Davis,marco.davis802@example.com,US,2024-08-26,2025-06-13 00:00:00
C-00803,Elena,Ali,elena.ali803@example.com,US,2024-11-23,2025-06-22 00:00:00
C-00804,Nora,Hall,nora.hall804@example.com,UK,2025-04-02,2025-08-24 00:00:00
C-00805,Mira,Muller,mira.muller805@example.com,BR,2024-11-30,2025-04-15 00:00:00
C-00806,Lena,Okafor,lena.okafor806@example.com,US,2025-05-12,2025-09-04 00:00:00
C-00807,Arjun,Tanaka,arjun.tanaka807@example.com,US,2024-09-20,2025-01-06 00:00:00
C-00808,Zoe,Lewis,zoe.lewis808@example.com,JP,2024-08-17,2024-12-12 00:00:00
C-00809,Arjun,Garcia,arjun.garcia809@example.com,US,2024-07-16,2024-08-11 00:00:00
C-00810,Ava,Kim,ava.kim810@example.com,US,2025-03-17,2025-04-09 00:00:00
C-00811,Mateo,Davis,mateo.davis811@example.com,CA,2025-01-14,2025-09-04 00:00:00
C-00812,Ava,Garcia,ava.garcia812@example.com,BR,2025-03-17,2025-07-28 00:00:00
C-00813,Mira,Harris,mira.harris813@example.com,DE,2024-08-17,2025-05-23 00:00:00
C-00814,Zoe,Robinson,zoe.robinson814@example.com,US,2025-05-01,2025-10-31 00:00:00
C-00815,Diego,Rossi,diego.rossi815@example.com,US,2024-07-05,2024-07-15 00:00:00
C-00816,Nina,Weber,nina.weber816@example.com,UK,2024-10-05,2024-11-21 00:00:00
C-00817,Ethan,Wilson,ethan.wilson817@example.com,US,2025-05-11,2025-07-11 00:00:00
C-00818,Ethan,White,ethan.white818@example.com,US,2024-09-22,2025-07-11 00:00:00
C-00819,Nora,Ali,nora.ali819@example.com,US,2025-04-24,2025-06-28 00:00:00
C-00820,Nora,Weber,nora.weber820@example.com,US,2024-11-01,2025-04-04 00:00:00
C-00821,Leo,Martin,leo.martin821@example.com,UK,2025-02-21,2025-11-28 00:00:00
C-00822,Arjun,Chen,arjun.chen822@example.com,US,2025-05-15,2026-03-04 00:00:00
C-00823,Liam,Lee,liam.lee823@example.com,US,2024-06-17,2024-08-26 00:00:00
C-00824,Zoe,Robinson,zoe.robinson824@example.com,US,2025-01-12,2025-01-26 00:00:00
C-00825,Theo,Jackson,theo.jackson825@example.com,US,2024-10-21,2024-12-06 00:00:00
C-00826,Maya,Davis,,AU,2025-06-09,2025-06-27 00:00:00
C-00827,Maya,Taylor,maya.taylor827@example.com,UK,2024-07-30,2024-09-26 00:00:00
C-00828,Anya,White,anya.white828@example.com,US,2024-07-30,2025-01-16 00:00:00
C-00829,Mateo,Lee,mateo.lee829@example.com,US,2024-10-24,2025-07-24 00:00:00
C-00830,Maya,Silva,maya.silva830@example.com,US,2024-09-13,2025-02-21 00:00:00
C-00831,Diego,Hall,,AU,2025-02-20,2025-08-26 00:00:00
C-00832,Sofia,Patel,sofia.patel832@example.com,US,2025-04-15,2025-06-14 00:00:00
C-00833,Yuki,Muller,yuki.muller833@example.com,US,2024-12-20,2025-08-17 00:00:00
C-00834,June,Smith,june.smith834@example.com,US,2025-05-12,2025-11-13 00:00:00
C-00835,Lucas,Martin,lucas.martin835@example.com,CA,2025-02-16,2025-11-02 00:00:00
C-00836,Ivy,Smith,ivy.smith836@example.com,US,2025-02-05,2025-11-16 00:00:00
C-00837,Nina,Taylor,nina.taylor837@example.com,UK,2024-07-22,2024-11-03 00:00:00
C-00838,Kofi,Robinson,kofi.robinson838@example.com,US,2024-07-15,2024-08-11 00:00:00
C-00839,Maya,Lee,maya.lee839@example.com,US,2024-12-06,2025-02-11 00:00:00
C-00840,Lucas,Iyer,lucas.iyer840@example.com,US,2024-11-10,2025-03-21 00:00:00
C-00841,Amara,Wilson,amara.wilson841@example.com,US,2025-02-04,2025-11-14 00:00:00
C-00842,Ravi,Lee,,US,2025-05-06,2025-08-27 00:00:00
C-00843,Wren,Moore,wren.moore843@example.com,US,2024-10-09,2025-05-28 00:00:00
C-00844,Mira,Khan,,US,2024-07-20,2024-12-29 00:00:00
C-00845,Ethan,Lee,ethan.lee845@example.com,US,2024-11-17,2025-01-10 00:00:00
C-00846,Diego,Dubois,diego.dubois846@example.com,UK,2025-02-02,2025-05-09 00:00:00
C-00847,Dante,Martinez,dante.martinez847@example.com,US,2024-08-14,2025-02-25 00:00:00
C-00848,Kai,Hall,kai.hall848@example.com,CA,2024-08-09,2025-02-26 00:00:00
C-00849,Kai,Martin,kai.martin849@example.com,US,2024-08-04,2024-12-12 00:00:00
C-00850,Yuki,Miller,yuki.miller850@example.com,CA,2025-04-20,2025-06-27 00:00:00
C-00851,Ravi,Chen,ravi.chen851@example.com,US,2025-04-04,2025-11-06 00:00:00
C-00852,Priya,Hall,priya.hall852@example.com,IN,2025-05-28,2025-07-17 00:00:00
C-00853,Theo,Garcia,theo.garcia853@example.com,BR,2025-03-14,2025-12-20 00:00:00
C-00854,Omar,Iyer,,US,2025-04-02,2025-05-28 00:00:00
C-00855,Mateo,Harris,mateo.harris855@example.com,US,2025-04-25,2025-05-27 00:00:00
C-00856,Maya,Nguyen,maya.nguyen856@example.com,US,2025-01-22,2025-06-20 00:00:00
C-00857,Omar,Thomas,omar.thomas857@example.com,CA,2024-12-30,2025-06-03 00:00:00
C-00858,Cleo,Kim,cleo.kim858@example.com,US,2024-06-13,2024-11-12 00:00:00
C-00859,Theo,Ali,theo.ali859@example.com,US,2025-06-10,2025-10-19 00:00:00
C-00860,Mira,Garcia,mira.garcia860@example.com,US,2024-09-19,2025-07-14 00:00:00
C-00861,Arjun,Lee,arjun.lee861@example.com,US,2024-07-10,2024-12-02 00:00:00
C-00862,Nora,Brown,nora.brown862@example.com,US,2024-12-23,2025-05-15 00:00:00
C-00863,Sam,Haddad,sam.haddad863@example.com,IN,2025-06-04,2025-10-08 00:00:00
C-00864,Victor,Chen,victor.chen864@example.com,US,2025-06-25,2025-07-15 00:00:00
C-00865,Zoe,Harris,zoe.harris865@example.com,US,2025-03-21,2025-09-14 00:00:00
C-00866,Lena,Silva,lena.silva866@example.com,CA,2024-09-05,2024-11-12 00:00:00
C-00867,Cleo,Ali,cleo.ali867@example.com,US,2025-03-15,2025-09-22 00:00:00
C-00868,Cleo,Chen,cleo.chen868@example.com,US,2025-01-31,2025-02-15 00:00:00
C-00869,Nora,Davis,nora.davis869@example.com,AU,2025-01-26,2025-11-16 00:00:00
C-00870,Kofi,Nguyen,kofi.nguyen870@example.com,US,2024-06-07,2024-10-25 00:00:00
C-00871,Cleo,White,cleo.white871@example.com,IN,2024-12-15,2025-09-10 00:00:00
C-00872,Nina,Haddad,nina.haddad872@example.com,CA,2024-09-22,2025-02-11 00:00:00
C-00873,Amara,Hall,amara.hall873@example.com,CA,2025-03-14,2025-04-01 00:00:00
C-00874,Rosa,Haddad,rosa.haddad874@example.com,US,2025-04-17,2025-12-19 00:00:00
C-00875,Mira,Okafor,mira.okafor875@example.com,US,2025-03-15,2025-09-25 00:00:00
C-00876,Dante,Patel,dante.patel876@example.com,IN,2025-03-27,2025-11-16 00:00:00
C-00877,Ravi,Novak,ravi.novak877@example.com,CA,2025-05-28,2025-10-03 00:00:00
C-00878,Ivy,Lee,ivy.lee878@example.com,CA,2024-11-30,2025-06-09 00:00:00
C-00879,Ava,Anderson,ava.anderson879@example.com,US,2024-08-17,2025-04-30 00:00:00
C-00880,Diego,Garcia,,US,2025-04-05,2025-10-11 00:00:00
C-00881,Hana,Harris,hana.harris881@example.com,AU,2024-09-29,2025-01-11 00:00:00
C-00882,Priya,Jackson,priya.jackson882@example.com,US,2024-11-21,2025-06-07 00:00:00
C-00883,Rosa,Patel,rosa.patel883@example.com,US,2025-04-08,2025-10-26 00:00:00
C-00884,Omar,Dubois,omar.dubois884@example.com,US,2025-06-07,2026-03-22 00:00:00
C-00885,Ethan,Garcia,ethan.garcia885@example.com,US,2025-03-09,2025-06-28 00:00:00
C-00886,Amara,White,amara.white886@example.com,BR,2025-01-26,2025-06-02 00:00:00
C-00887,June,Garcia,june.garcia887@example.com,US,2025-02-07,2025-10-08 00:00:00
C-00888,Sofia,Taylor,sofia.taylor888@example.com,US,2024-10-26,2025-03-26 00:00:00
C-00889,Cleo,Patel,cleo.patel889@example.com,US,2024-06-19,2025-01-25 00:00:00
C-00890,Marco,Davis,marco.davis890@example.com,US,2024-12-13,2025-04-29 00:00:00
C-00891,Lena,Iyer,lena.iyer891@example.com,CA,2024-12-30,2025-03-04 00:00:00
C-00892,Theo,Lewis,theo.lewis892@example.com,UK,2025-01-26,2025-09-06 00:00:00
C-00893,Ethan,Hall,ethan.hall893@example.com,IN,2024-10-18,2024-11-26 00:00:00
C-00894,Noah,Garcia,noah.garcia894@example.com,UK,2024-11-02,2024-12-31 00:00:00
C-00895,Aisha,Nguyen,aisha.nguyen895@example.com,US,2024-10-28,2025-05-04 00:00:00
C-00896,Cleo,Hall,,US,2024-07-16,2025-02-25 00:00:00
C-00897,Kai,Clark,kai.clark897@example.com,CA,2024-08-29,2025-05-24 00:00:00
C-00898,Omar,Dubois,omar.dubois898@example.com,US,2025-03-20,2025-06-09 00:00:00
C-00899,Theo,Rossi,theo.rossi899@example.com,IN,2025-01-12,2025-02-14 00:00:00
C-00900,June,Okafor,june.okafor900@example.com,IN,2024-07-10,2025-04-22 00:00:00
C-00901,Ivy,Brown,ivy.brown901@example.com,US,2025-04-17,2025-06-02 00:00:00
C-00902,Jonas,Thomas,jonas.thomas902@example.com,US,2024-09-22,2024-11-20 00:00:00
C-00903,Aisha,Miller,aisha.miller903@example.com,US,2024-11-06,2025-02-01 00:00:00
C-00904,Anya,Rossi,anya.rossi904@example.com,US,2024-10-10,2025-03-17 00:00:00
C-00905,Theo,Costa,theo.costa905@example.com,US,2024-08-15,2025-05-06 00:00:00
C-00906,Zoe,Chen,zoe.chen906@example.com,US,2025-03-19,2025-11-02 00:00:00
C-00907,Ethan,Khan,ethan.khan907@example.com,US,2024-08-07,2025-03-07 00:00:00
C-00908,Tara,Smith,tara.smith908@example.com,US,2025-05-01,2025-06-22 00:00:00
C-00909,Lucas,Silva,lucas.silva909@example.com,US,2025-03-28,2025-07-13 00:00:00
C-00910,Anya,Garcia,anya.garcia910@example.com,UK,2025-04-12,2025-09-02 00:00:00
C-00911,Theo,Dubois,theo.dubois911@example.com,US,2025-04-17,2025-05-31 00:00:00
C-00912,Arjun,Garcia,arjun.garcia912@example.com,US,2024-11-03,2025-01-24 00:00:00
C-00913,Liam,Haddad,liam.haddad913@example.com,US,2024-09-08,2024-12-09 00:00:00
C-00914,Nina,Anderson,nina.anderson914@example.com,UK,2024-10-31,2024-12-08 00:00:00
C-00915,Sam,Martin,sam.martin915@example.com,AU,2025-03-10,2025-08-22 00:00:00
C-00916,Anya,Clark,anya.clark916@example.com,US,2025-04-28,2025-11-25 00:00:00
C-00917,Kofi,Dubois,kofi.dubois917@example.com,US,2024-07-30,2024-08-19 00:00:00
C-00918,Amara,Tanaka,amara.tanaka918@example.com,US,2024-11-17,2025-04-10 00:00:00
C-00919,Tara,Nguyen,tara.nguyen919@example.com,US,2024-09-05,2025-04-27 00:00:00
C-00920,Cleo,Johnson,cleo.johnson920@example.com,US,2025-01-19,2025-08-31 00:00:00
C-00921,Theo,Costa,theo.costa921@example.com,US,2024-07-14,2025-03-15 00:00:00
C-00922,Mateo,Johnson,mateo.johnson922@example.com,US,2024-08-22,2025-01-03 00:00:00
C-00923,Sam,Lewis,sam.lewis923@example.com,US,2024-11-23,2025-07-27 00:00:00
C-00924,Aisha,Ali,aisha.ali924@example.com,AU,2024-09-19,2024-11-30 00:00:00
C-00925,Maya,Brown,maya.brown925@example.com,US,2024-10-14,2025-01-30 00:00:00
C-00926,Aisha,Jackson,aisha.jackson926@example.com,US,2024-08-12,2024-10-03 00:00:00
C-00927,Theo,Weber,theo.weber927@example.com,US,2024-09-01,2025-01-19 00:00:00
C-00928,Hana,Martin,hana.martin928@example.com,US,2024-10-16,2025-02-10 00:00:00
C-00929,Sam,Silva,,IN,2025-03-15,2025-05-26 00:00:00
C-00930,Theo,Garcia,theo.garcia930@example.com,AU,2025-05-30,2026-01-10 00:00:00
C-00931,Tara,Harris,tara.harris931@example.com,DE,2024-08-09,2024-11-11 00:00:00
C-00932,Kofi,Silva,kofi.silva932@example.com,DE,2024-08-13,2024-11-02 00:00:00
C-00933,Arjun,Davis,arjun.davis933@example.com,DE,2024-10-25,2024-12-03 00:00:00
C-00934,Diego,Kim,diego.kim934@example.com,CA,2024-06-06,2024-10-15 00:00:00
C-00935,Lucas,Weber,,CA,2025-03-08,2025-06-06 00:00:00
C-00936,Ivy,Jackson,ivy.jackson936@example.com,US,2025-05-11,2025-08-29 00:00:00
C-00937,Noah,Walker,noah.walker937@example.com,CA,2025-05-27,2025-08-05 00:00:00
C-00938,Anya,Haddad,anya.haddad938@example.com,BR,2025-01-02,2025-08-18 00:00:00
C-00939,Dante,Chen,,US,2024-06-24,2025-03-30 00:00:00
C-00940,Arjun,Khan,arjun.khan940@example.com,US,2024-10-24,2025-03-22 00:00:00
C-00941,Nora,Martin,nora.martin941@example.com,CA,2025-02-07,2025-08-18 00:00:00
C-00942,Jonas,Nguyen,jonas.nguyen942@example.com,US,2024-06-10,2025-02-25 00:00:00
C-00943,Hana,Silva,hana.silva943@example.com,US,2025-02-05,2025-12-01 00:00:00
C-00944,Aisha,Moore,aisha.moore944@example.com,US,2024-12-06,2025-06-08 00:00:00
C-00945,Leo,Miller,leo.miller945@example.com,US,2024-11-24,2025-08-17 00:00:00
C-00946,Rosa,Khan,rosa.khan946@example.com,US,2025-04-29,2026-01-26 00:00:00
C-00947,Victor,Jackson,victor.jackson947@example.com,DE,2024-12-19,2025-08-13 00:00:00
C-00948,Lena,Anderson,lena.anderson948@example.com,CA,2024-10-22,2025-03-09 00:00:00
C-00949,Ali,Khan,ali.khan949@example.com,US,2025-04-01,2025-04-25 00:00:00
C-00950,Diego,Martinez,diego.martinez950@example.com,US,2025-03-12,2025-03-16 00:00:00
C-00951,June,Moore,june.moore951@example.com,US,2025-01-19,2025-06-11 00:00:00
C-00952,Dante,Anderson,dante.anderson952@example.com,US,2024-12-05,2025-05-02 00:00:00
C-00953,Kofi,Dubois,kofi.dubois953@example.com,US,2024-12-14,2025-04-15 00:00:00
C-00954,Tara,Clark,tara.clark954@example.com,US,2024-11-28,2025-05-17 00:00:00
C-00955,June,Weber,june.weber955@example.com,IN,2025-04-02,2025-09-14 00:00:00
C-00956,Cleo,Haddad,,US,2025-02-13,2025-10-21 00:00:00
C-00957,Mateo,Tanaka,mateo.tanaka957@example.com,UK,2025-07-01,2025-08-02 00:00:00
C-00958,Diego,Rossi,diego.rossi958@example.com,US,2025-03-13,2025-05-19 00:00:00
C-00959,Victor,Ali,victor.ali959@example.com,AU,2024-08-18,2025-04-12 00:00:00
C-00960,Ravi,Garcia,ravi.garcia960@example.com,US,2024-06-28,2025-03-09 00:00:00
C-00961,Mira,Smith,mira.smith961@example.com,US,2025-04-05,2026-01-28 00:00:00
C-00962,June,Harris,june.harris962@example.com,US,2025-02-23,2025-11-11 00:00:00
C-00963,Diego,Rossi,diego.rossi963@example.com,DE,2024-07-18,2025-04-10 00:00:00
C-00964,Kofi,Garcia,kofi.garcia964@example.com,US,2024-08-04,2024-11-06 00:00:00
C-00965,June,Nguyen,june.nguyen965@example.com,US,2024-07-22,2024-11-19 00:00:00
C-00966,Sofia,Miller,sofia.miller966@example.com,US,2025-03-27,2025-06-15 00:00:00
C-00967,Aisha,Anderson,aisha.anderson967@example.com,US,2025-04-25,2025-10-23 00:00:00
C-00968,Noah,Costa,noah.costa968@example.com,UK,2025-02-07,2025-11-15 00:00:00
C-00969,Zoe,Garcia,zoe.garcia969@example.com,UK,2024-11-20,2025-03-03 00:00:00
C-00970,Kai,Muller,kai.muller970@example.com,US,2025-07-03,2025-12-17 00:00:00
C-00971,Theo,Brown,theo.brown971@example.com,UK,2025-02-01,2025-04-30 00:00:00
C-00972,Yuki,Iyer,yuki.iyer972@example.com,AU,2024-08-26,2024-10-15 00:00:00
C-00973,Aisha,Muller,aisha.muller973@example.com,US,2024-08-29,2024-10-26 00:00:00
C-00974,Mateo,Patel,mateo.patel974@example.com,US,2025-03-26,2025-04-12 00:00:00
C-00975,Aisha,Martin,aisha.martin975@example.com,US,2025-02-07,2025-11-18 00:00:00
C-00976,Priya,Okafor,priya.okafor976@example.com,US,2025-04-03,2025-08-01 00:00:00
C-00977,Nora,Clark,nora.clark977@example.com,US,2024-06-24,2025-03-01 00:00:00
C-00978,Theo,Clark,theo.clark978@example.com,US,2024-06-02,2024-12-23 00:00:00
C-00979,Victor,White,victor.white979@example.com,US,2025-02-24,2025-04-22 00:00:00
C-00980,Sofia,Garcia,sofia.garcia980@example.com,US,2025-03-23,2025-05-14 00:00:00
C-00981,Aisha,Dubois,aisha.dubois981@example.com,CA,2024-08-30,2025-04-30 00:00:00
C-00982,Anya,Davis,anya.davis982@example.com,US,2025-06-27,2025-09-14 00:00:00
C-00983,Liam,Rossi,liam.rossi983@example.com,AU,2025-06-04,2026-03-04 00:00:00
C-00984,Mateo,Haddad,mateo.haddad984@example.com,US,2025-04-04,2025-05-16 00:00:00
C-00985,Sofia,Khan,sofia.khan985@example.com,IN,2024-09-28,2025-04-19 00:00:00
C-00986,Lucas,Smith,,US,2025-07-05,2026-03-06 00:00:00
C-00987,Lena,Kim,lena.kim987@example.com,US,2024-11-16,2025-01-25 00:00:00
C-00988,Jonas,Lee,,US,2025-06-20,2025-09-10 00:00:00
C-00989,Elena,Kim,,UK,2024-10-15,2025-07-31 00:00:00
C-00990,Ava,Muller,ava.muller990@example.com,CA,2025-01-11,2025-03-31 00:00:00
C-00991,Omar,Lee,omar.lee991@example.com,US,2024-06-03,2024-10-09 00:00:00
C-00992,Leo,Garcia,leo.garcia992@example.com,BR,2025-06-30,2025-11-06 00:00:00
C-00993,Dante,Lee,dante.lee993@example.com,US,2025-03-07,2025-05-21 00:00:00
C-00994,Jonas,Hall,jonas.hall994@example.com,CA,2025-04-07,2025-11-25 00:00:00
C-00995,Zoe,Muller,zoe.muller995@example.com,IN,2025-01-30,2025-09-18 00:00:00
C-00996,Ava,Martinez,ava.martinez996@example.com,US,2025-01-18,2025-05-11 00:00:00
C-00997,Tara,Johnson,tara.johnson997@example.com,US,2025-03-23,2025-11-28 00:00:00
C-00998,Ava,Muller,ava.muller998@example.com,US,2025-05-03,2025-07-05 00:00:00
C-00999,Diego,Wilson,diego.wilson999@example.com,US,2025-02-26,2025-02-27 00:00:00
C-01000,Arjun,Muller,arjun.muller1000@example.com,US,2025-01-15,2025-07-05 00:00:00
C-01001,Marco,Thomas,marco.thomas1001@example.com,US,2024-10-24,2025-08-18 00:00:00
C-01002,Victor,Rossi,victor.rossi1002@example.com,US,2025-05-20,2025-05-31 00:00:00
C-01003,Lucas,White,lucas.white1003@example.com,US,2024-08-23,2024-10-24 00:00:00
C-01004,Mira,Wilson,mira.wilson1004@example.com,CA,2025-05-26,2025-10-28 00:00:00
C-01005,Maya,Khan,maya.khan1005@example.com,US,2025-03-19,2025-11-16 00:00:00
C-01006,Marco,Costa,marco.costa1006@example.com,IN,2025-04-04,2025-04-30 00:00:00
C-01007,Yuki,Jackson,yuki.jackson1007@example.com,US,2024-07-27,2024-11-22 00:00:00
C-01008,Tara,Thomas,tara.thomas1008@example.com,US,2024-10-14,2025-05-26 00:00:00
C-01009,Diego,Wilson,diego.wilson1009@example.com,UK,2024-08-02,2024-11-21 00:00:00
C-01010,Mira,Muller,mira.muller1010@example.com,US,2024-09-03,2024-10-29 00:00:00
C-01011,Ethan,Rossi,ethan.rossi1011@example.com,US,2024-08-09,2024-10-06 00:00:00
C-01012,June,Muller,june.muller1012@example.com,US,2025-01-12,2025-05-15 00:00:00
C-01013,Zoe,Wilson,zoe.wilson1013@example.com,US,2024-11-22,2025-04-14 00:00:00
C-01014,Nora,Walker,nora.walker1014@example.com,US,2025-03-24,2025-12-07 00:00:00
C-01015,Lucas,Haddad,lucas.haddad1015@example.com,AU,2024-12-28,2025-07-08 00:00:00
C-01016,Mira,Iyer,mira.iyer1016@example.com,BR,2025-03-23,2025-10-16 00:00:00
C-01017,June,Lee,june.lee1017@example.com,UK,2024-07-24,2025-05-14 00:00:00
C-01018,Hana,Miller,hana.miller1018@example.com,CA,2024-08-05,2024-12-06 00:00:00
C-01019,Hana,Martin,hana.martin1019@example.com,US,2025-02-17,2025-06-18 00:00:00
C-01020,Cleo,Muller,cleo.muller1020@example.com,US,2024-09-06,2025-06-10 00:00:00
C-01021,Mira,Haddad,mira.haddad1021@example.com,US,2024-06-29,2024-09-10 00:00:00
C-01022,Liam,Muller,liam.muller1022@example.com,US,2025-07-03,2026-02-06 00:00:00
C-01023,Mira,Garcia,mira.garcia1023@example.com,US,2024-07-05,2025-02-16 00:00:00
C-01024,Ali,Brown,ali.brown1024@example.com,CA,2025-06-23,2025-07-22 00:00:00
C-01025,Wren,Muller,wren.muller1025@example.com,UK,2024-11-13,2025-04-02 00:00:00
C-01026,Anya,Martin,anya.martin1026@example.com,US,2024-07-23,2024-09-21 00:00:00
C-01027,Tara,Martin,tara.martin1027@example.com,US,2024-08-09,2024-10-03 00:00:00
C-01028,Theo,Davis,theo.davis1028@example.com,US,2024-11-09,2025-03-28 00:00:00
C-01029,Theo,Garcia,theo.garcia1029@example.com,US,2024-09-04,2024-11-29 00:00:00
C-01030,Lena,Rossi,lena.rossi1030@example.com,US,2024-08-16,2025-04-11 00:00:00
C-01031,Marco,Jackson,marco.jackson1031@example.com,US,2024-08-24,2025-05-23 00:00:00
C-01032,Kai,Clark,kai.clark1032@example.com,JP,2025-01-02,2025-08-30 00:00:00
C-01033,Yuki,Johnson,yuki.johnson1033@example.com,US,2025-02-10,2025-04-30 00:00:00
C-01034,Yuki,Moore,yuki.moore1034@example.com,US,2025-01-27,2025-04-19 00:00:00
C-01035,Kofi,Martin,kofi.martin1035@example.com,UK,2024-07-18,2024-10-02 00:00:00
C-01036,Theo,Lewis,theo.lewis1036@example.com,CA,2024-09-19,2024-10-29 00:00:00
C-01037,Amara,Garcia,,US,2024-06-10,2025-03-20 00:00:00
C-01038,Mira,Lee,mira.lee1038@example.com,CA,2024-12-23,2025-04-22 00:00:00
C-01039,Leo,Costa,leo.costa1039@example.com,US,2025-06-07,2025-08-13 00:00:00
C-01040,June,Kim,june.kim1040@example.com,US,2024-11-09,2025-07-21 00:00:00
C-01041,Leo,Lee,,UK,2025-02-08,2025-06-07 00:00:00
C-01042,Nina,Moore,nina.moore1042@example.com,US,2024-09-11,2024-09-21 00:00:00
C-01043,Leo,Anderson,leo.anderson1043@example.com,UK,2024-07-05,2024-08-22 00:00:00
C-01044,Ravi,Novak,ravi.novak1044@example.com,US,2025-04-11,2025-10-19 00:00:00
C-01045,June,Khan,june.khan1045@example.com,US,2024-11-21,2025-07-13 00:00:00
C-01046,Yuki,Rossi,yuki.rossi1046@example.com,US,2024-08-04,2024-10-06 00:00:00
C-01047,Theo,Brown,,UK,2024-11-05,2025-08-07 00:00:00
C-01048,Lena,Lewis,lena.lewis1048@example.com,US,2025-02-01,2025-10-14 00:00:00
C-01049,Dante,Garcia,dante.garcia1049@example.com,CA,2024-09-08,2025-05-20 00:00:00
C-01050,Liam,Brown,liam.brown1050@example.com,US,2024-06-29,2024-09-05 00:00:00
C-01051,Sam,Lewis,sam.lewis1051@example.com,US,2024-12-27,2025-01-11 00:00:00
C-01052,Priya,Okafor,priya.okafor1052@example.com,US,2025-05-10,2026-01-25 00:00:00
C-01053,Nina,Johnson,nina.johnson1053@example.com,US,2025-01-03,2025-04-04 00:00:00
C-01054,Lena,Chen,lena.chen1054@example.com,US,2024-07-10,2025-01-11 00:00:00
C-01055,Theo,Okafor,theo.okafor1055@example.com,US,2025-01-02,2025-08-17 00:00:00
C-01056,Yuki,Lewis,yuki.lewis1056@example.com,US,2025-01-28,2025-03-07 00:00:00
C-01057,Wren,Khan,wren.khan1057@example.com,CA,2024-07-19,2025-03-10 00:00:00
C-01058,Priya,Lee,priya.lee1058@example.com,US,2024-08-03,2025-05-11 00:00:00
C-01059,Kofi,Martinez,kofi.martinez1059@example.com,US,2024-07-13,2025-02-16 00:00:00
C-01060,Leo,Smith,leo.smith1060@example.com,US,2025-06-26,2025-11-05 00:00:00
C-01061,Jonas,Weber,jonas.weber1061@example.com,US,2024-06-23,2025-03-13 00:00:00
C-01062,Sam,Chen,sam.chen1062@example.com,US,2024-08-14,2025-01-19 00:00:00
C-01063,Wren,Garcia,wren.garcia1063@example.com,IN,2025-06-29,2026-02-07 00:00:00
C-01064,Rosa,Ali,rosa.ali1064@example.com,UK,2024-06-19,2025-02-20 00:00:00
C-01065,Anya,Ali,anya.ali1065@example.com,US,2024-08-04,2025-03-16 00:00:00
C-01066,Cleo,Iyer,cleo.iyer1066@example.com,US,2025-02-04,2025-05-01 00:00:00
C-01067,Wren,Thomas,wren.thomas1067@example.com,DE,2024-11-17,2024-12-22 00:00:00
C-01068,Noah,Martinez,noah.martinez1068@example.com,US,2025-06-30,2025-09-09 00:00:00
C-01069,Mateo,Novak,mateo.novak1069@example.com,UK,2024-10-02,2025-03-01 00:00:00
C-01070,Yuki,Thomas,yuki.thomas1070@example.com,US,2025-02-24,2025-07-25 00:00:00
C-01071,Omar,Anderson,omar.anderson1071@example.com,US,2024-12-20,2025-06-12 00:00:00
C-01072,Amara,Tanaka,amara.tanaka1072@example.com,US,2025-05-10,2025-09-05 00:00:00
C-01073,Hana,Novak,hana.novak1073@example.com,US,2025-04-29,2025-12-21 00:00:00
C-01074,Liam,Novak,liam.novak1074@example.com,US,2025-06-20,2026-03-20 00:00:00
C-01075,Cleo,Martin,cleo.martin1075@example.com,US,2025-04-16,2025-06-29 00:00:00
C-01076,Lena,Kim,lena.kim1076@example.com,US,2025-04-06,2025-11-12 00:00:00
C-01077,Sofia,Garcia,sofia.garcia1077@example.com,US,2024-09-24,2025-04-15 00:00:00
C-01078,Rosa,Ali,rosa.ali1078@example.com,US,2024-09-10,2025-02-13 00:00:00
C-01079,Mira,Garcia,,US,2025-04-15,2025-06-10 00:00:00
C-01080,Sam,Walker,sam.walker1080@example.com,US,2024-10-13,2025-06-08 00:00:00
C-01081,Victor,Wilson,victor.wilson1081@example.com,US,2024-11-29,2025-09-13 00:00:00
C-01082,Hana,Dubois,hana.dubois1082@example.com,CA,2024-06-04,2025-01-06 00:00:00
C-01083,Jonas,Rossi,jonas.rossi1083@example.com,CA,2025-04-22,2026-01-22 00:00:00
C-01084,Anya,Tanaka,anya.tanaka1084@example.com,US,2024-08-02,2025-05-24 00:00:00
C-01085,Ravi,Walker,ravi.walker1085@example.com,US,2024-11-04,2025-02-17 00:00:00
C-01086,Nina,Lee,nina.lee1086@example.com,BR,2024-10-21,2025-04-30 00:00:00
C-01087,Ravi,Thomas,ravi.thomas1087@example.com,US,2025-02-19,2025-07-11 00:00:00
C-01088,Kai,Okafor,kai.okafor1088@example.com,US,2024-06-29,2025-04-20 00:00:00
C-01089,Victor,Tanaka,victor.tanaka1089@example.com,US,2024-08-28,2024-09-25 00:00:00
C-01090,Mira,Robinson,mira.robinson1090@example.com,US,2025-01-25,2025-05-28 00:00:00
C-01091,Sam,Robinson,sam.robinson1091@example.com,UK,2025-02-02,2025-10-22 00:00:00
C-01092,Ravi,Iyer,ravi.iyer1092@example.com,US,2024-07-09,2024-10-02 00:00:00
C-01093,Aisha,Harris,aisha.harris1093@example.com,US,2024-12-24,2025-08-17 00:00:00
C-01094,Liam,Walker,,IN,2025-01-27,2025-05-21 00:00:00
C-01095,Noah,Novak,noah.novak1095@example.com,US,2025-01-31,2025-11-20 00:00:00
C-01096,Yuki,Wilson,yuki.wilson1096@example.com,UK,2024-12-10,2025-09-01 00:00:00
C-01097,Lucas,Robinson,lucas.robinson1097@example.com,US,2025-04-08,2025-07-07 00:00:00
C-01098,Marco,Patel,marco.patel1098@example.com,US,2024-09-08,2025-04-27 00:00:00
C-01099,Elena,Weber,elena.weber1099@example.com,DE,2024-08-22,2024-12-01 00:00:00
C-01100,Ravi,Weber,ravi.weber1100@example.com,US,2024-09-03,2025-03-03 00:00:00
C-01101,Arjun,Brown,arjun.brown1101@example.com,BR,2024-09-26,2025-04-11 00:00:00
C-01102,Victor,Kim,victor.kim1102@example.com,US,2025-06-09,2026-02-12 00:00:00
C-01103,Mira,Harris,mira.harris1103@example.com,US,2025-06-15,2025-06-22 00:00:00
C-01104,Lena,Muller,lena.muller1104@example.com,AU,2024-11-30,2025-02-04 00:00:00
C-01105,Elena,Garcia,,US,2025-06-03,2026-01-02 00:00:00
C-01106,Ali,Clark,ali.clark1106@example.com,US,2024-10-07,2025-03-25 00:00:00
C-01107,Liam,Nguyen,liam.nguyen1107@example.com,US,2025-01-29,2025-06-26 00:00:00
C-01108,Arjun,Dubois,,US,2024-12-07,2024-12-23 00:00:00
C-01109,Yuki,Brown,yuki.brown1109@example.com,US,2024-11-28,2025-03-12 00:00:00
C-01110,Amara,Novak,amara.novak1110@example.com,BR,2025-04-24,2026-01-08 00:00:00
C-01111,Sofia,Walker,sofia.walker1111@example.com,US,2025-03-28,2025-04-06 00:00:00
C-01112,Arjun,Harris,arjun.harris1112@example.com,US,2025-05-03,2025-08-29 00:00:00
C-01113,Elena,Ali,elena.ali1113@example.com,US,2024-11-14,2025-08-24 00:00:00
C-01114,Tara,Chen,tara.chen1114@example.com,US,2025-05-13,2025-05-28 00:00:00
C-01115,Kai,Taylor,kai.taylor1115@example.com,CA,2024-10-22,2025-06-03 00:00:00
C-01116,Ivy,Garcia,ivy.garcia1116@example.com,CA,2025-01-02,2025-03-20 00:00:00
C-01117,Wren,Haddad,wren.haddad1117@example.com,US,2024-12-27,2025-09-12 00:00:00
C-01118,Nora,Tanaka,nora.tanaka1118@example.com,US,2024-08-29,2025-04-09 00:00:00
C-01119,Noah,Taylor,noah.taylor1119@example.com,CA,2025-03-21,2025-12-11 00:00:00
C-01120,Elena,Silva,elena.silva1120@example.com,US,2024-09-28,2024-12-01 00:00:00
C-01121,Amara,Lewis,amara.lewis1121@example.com,AU,2025-01-06,2025-06-14 00:00:00
C-01122,Anya,Thomas,anya.thomas1122@example.com,US,2024-11-11,2025-07-02 00:00:00
C-01123,Mira,Rossi,mira.rossi1123@example.com,US,2025-04-16,2025-06-28 00:00:00
C-01124,Nora,Iyer,nora.iyer1124@example.com,US,2025-04-15,2025-06-23 00:00:00
C-01125,Marco,Dubois,marco.dubois1125@example.com,US,2024-11-11,2024-11-19 00:00:00
C-01126,Ali,Okafor,ali.okafor1126@example.com,US,2024-10-15,2025-07-29 00:00:00
C-01127,Nora,Anderson,nora.anderson1127@example.com,US,2024-11-25,2025-06-26 00:00:00
C-01128,Liam,Costa,liam.costa1128@example.com,US,2024-07-14,2025-01-20 00:00:00
C-01129,Wren,Jackson,wren.jackson1129@example.com,US,2024-10-27,2025-06-07 00:00:00
C-01130,June,White,june.white1130@example.com,US,2025-06-07,2025-11-13 00:00:00
C-01131,Sofia,Brown,sofia.brown1131@example.com,US,2024-07-12,2024-12-01 00:00:00
C-01132,Omar,Moore,omar.moore1132@example.com,IN,2024-07-20,2024-12-01 00:00:00
C-01133,Ali,Tanaka,,CA,2024-06-25,2025-01-03 00:00:00
C-01134,Noah,Nguyen,noah.nguyen1134@example.com,US,2024-10-03,2024-12-02 00:00:00
C-01135,Diego,Miller,diego.miller1135@example.com,UK,2024-06-07,2025-02-28 00:00:00
C-01136,Ali,Kim,,US,2025-05-01,2025-12-30 00:00:00
C-01137,Wren,Moore,wren.moore1137@example.com,US,2024-06-24,2024-10-06 00:00:00
C-01138,Aisha,Dubois,aisha.dubois1138@example.com,CA,2025-06-24,2025-12-14 00:00:00
C-01139,Maya,Lee,maya.lee1139@example.com,US,2024-07-22,2024-09-02 00:00:00
C-01140,Jonas,Martin,jonas.martin1140@example.com,US,2024-09-14,2025-07-02 00:00:00
C-01141,Sofia,Khan,sofia.khan1141@example.com,US,2024-08-07,2025-05-04 00:00:00
C-01142,Lena,Silva,lena.silva1142@example.com,US,2025-02-27,2025-11-30 00:00:00
C-01143,Maya,Dubois,maya.dubois1143@example.com,US,2025-04-27,2025-08-04 00:00:00
C-01144,Aisha,Thomas,aisha.thomas1144@example.com,US,2025-04-28,2025-06-17 00:00:00
C-01145,Wren,Tanaka,wren.tanaka1145@example.com,US,2024-09-25,2024-11-27 00:00:00
C-01146,Amara,Brown,amara.brown1146@example.com,US,2024-07-24,2024-08-20 00:00:00
C-01147,Mateo,Clark,mateo.clark1147@example.com,UK,2024-08-14,2024-09-19 00:00:00
C-01148,Arjun,Nguyen,arjun.nguyen1148@example.com,US,2024-10-31,2024-11-21 00:00:00
C-01149,Ivy,Ali,,US,2024-06-25,2025-04-17 00:00:00
C-01150,Amara,White,amara.white1150@example.com,US,2024-07-06,2024-07-28 00:00:00
C-01151,Maya,Jackson,maya.jackson1151@example.com,AU,2024-06-13,2024-07-22 00:00:00
C-01152,Rosa,Martin,rosa.martin1152@example.com,US,2024-12-29,2025-09-03 00:00:00
C-01153,Mateo,Rossi,mateo.rossi1153@example.com,US,2025-03-21,2025-09-11 00:00:00
C-01154,Tara,Ali,tara.ali1154@example.com,BR,2024-07-05,2025-02-22 00:00:00
C-01155,Jonas,Iyer,jonas.iyer1155@example.com,UK,2024-06-15,2024-12-21 00:00:00
C-01156,June,Okafor,june.okafor1156@example.com,US,2024-11-11,2025-08-02 00:00:00
C-01157,Anya,Lewis,anya.lewis1157@example.com,US,2024-10-02,2025-04-11 00:00:00
C-01158,Ravi,Martin,ravi.martin1158@example.com,US,2024-11-23,2025-04-28 00:00:00
C-01159,Liam,Costa,liam.costa1159@example.com,UK,2025-06-11,2026-01-10 00:00:00
C-01160,Lucas,Taylor,lucas.taylor1160@example.com,US,2024-11-13,2025-03-27 00:00:00
C-01161,Sam,Silva,,US,2025-03-09,2025-06-20 00:00:00
C-01162,Diego,White,diego.white1162@example.com,US,2024-08-07,2024-12-25 00:00:00
C-01163,Ali,Patel,ali.patel1163@example.com,US,2024-06-28,2024-08-17 00:00:00
C-01164,Wren,Jackson,wren.jackson1164@example.com,DE,2024-11-16,2025-07-12 00:00:00
C-01165,Kofi,Dubois,kofi.dubois1165@example.com,US,2025-04-09,2025-06-26 00:00:00
C-01166,Tara,Brown,tara.brown1166@example.com,BR,2024-11-16,2025-01-01 00:00:00
C-01167,Zoe,Clark,zoe.clark1167@example.com,US,2025-03-30,2025-06-11 00:00:00
C-01168,Ethan,Taylor,ethan.taylor1168@example.com,US,2025-04-16,2025-12-24 00:00:00
C-01169,Hana,Khan,,US,2025-03-03,2025-06-10 00:00:00
C-01170,Amara,Moore,amara.moore1170@example.com,US,2025-06-17,2026-01-08 00:00:00
C-01171,Mateo,Rossi,mateo.rossi1171@example.com,US,2025-02-14,2025-10-28 00:00:00
C-01172,Yuki,Walker,yuki.walker1172@example.com,UK,2025-05-19,2025-06-11 00:00:00
C-01173,Priya,Wilson,priya.wilson1173@example.com,US,2025-05-19,2026-01-03 00:00:00
C-01174,Arjun,Moore,arjun.moore1174@example.com,CA,2024-08-22,2024-11-22 00:00:00
C-01175,Ali,Thomas,ali.thomas1175@example.com,US,2025-03-29,2025-06-01 00:00:00
C-01176,Aisha,Hall,aisha.hall1176@example.com,UK,2024-11-28,2025-06-22 00:00:00
C-01177,Lena,Khan,,US,2025-02-16,2025-11-15 00:00:00
C-01178,Cleo,Haddad,cleo.haddad1178@example.com,AU,2024-07-15,2024-10-11 00:00:00
C-01179,Mateo,Martin,mateo.martin1179@example.com,UK,2025-06-29,2025-12-16 00:00:00
C-01180,Anya,Khan,anya.khan1180@example.com,US,2024-09-08,2024-12-03 00:00:00
C-01181,Ethan,Harris,ethan.harris1181@example.com,US,2024-10-14,2025-03-29 00:00:00
C-01182,Yuki,Novak,yuki.novak1182@example.com,US,2024-09-22,2025-03-27 00:00:00
C-01183,Kofi,Nguyen,kofi.nguyen1183@example.com,US,2024-11-26,2025-05-28 00:00:00
C-01184,Jonas,Muller,jonas.muller1184@example.com,US,2024-08-02,2025-02-05 00:00:00
C-01185,Priya,White,priya.white1185@example.com,CA,2025-06-05,2025-07-15 00:00:00
C-01186,Elena,Miller,elena.miller1186@example.com,US,2024-10-09,2025-05-05 00:00:00
C-01187,Jonas,Garcia,jonas.garcia1187@example.com,UK,2025-02-02,2025-08-23 00:00:00
C-01188,Cleo,Ali,cleo.ali1188@example.com,US,2025-01-10,2025-08-02 00:00:00
C-01189,Maya,Khan,maya.khan1189@example.com,AU,2025-01-30,2025-02-21 00:00:00
C-01190,Yuki,Brown,yuki.brown1190@example.com,US,2025-03-28,2025-08-09 00:00:00
C-01191,Arjun,Hall,arjun.hall1191@example.com,US,2024-06-21,2024-10-21 00:00:00
C-01192,Kai,Okafor,kai.okafor1192@example.com,BR,2024-11-22,2024-12-18 00:00:00
C-01193,Ali,Tanaka,ali.tanaka1193@example.com,US,2025-07-04,2025-09-08 00:00:00
C-01194,Lena,Robinson,,US,2024-10-11,2025-02-20 00:00:00
C-01195,Lucas,Patel,lucas.patel1195@example.com,US,2025-04-30,2025-12-08 00:00:00
C-01196,Cleo,Taylor,cleo.taylor1196@example.com,BR,2025-04-05,2025-06-15 00:00:00
C-01197,Ali,Martin,ali.martin1197@example.com,CA,2025-05-05,2026-01-08 00:00:00
C-01198,Aisha,Taylor,aisha.taylor1198@example.com,US,2024-12-03,2025-05-15 00:00:00
C-01199,Sofia,Dubois,,US,2024-06-15,2025-01-29 00:00:00
C-01200,Liam,Chen,liam.chen1200@example.com,US,2025-06-20,2025-11-08 00:00:00
C-01201,Diego,Silva,diego.silva1201@example.com,US,2025-01-03,2025-06-01 00:00:00
C-01202,Theo,Chen,theo.chen1202@example.com,BR,2024-07-04,2025-01-05 00:00:00
C-01203,Cleo,Silva,cleo.silva1203@example.com,US,2025-03-16,2025-12-19 00:00:00
C-01204,Lucas,Johnson,lucas.johnson1204@example.com,IN,2025-06-07,2025-11-01 00:00:00
C-01205,Arjun,Martin,arjun.martin1205@example.com,US,2025-06-19,2025-11-24 00:00:00
C-01206,June,Novak,june.novak1206@example.com,CA,2025-02-12,2025-08-11 00:00:00
C-01207,Hana,Nguyen,hana.nguyen1207@example.com,US,2025-07-05,2026-02-11 00:00:00
C-01208,Lena,Anderson,lena.anderson1208@example.com,IN,2024-07-19,2024-08-09 00:00:00
C-01209,June,Walker,june.walker1209@example.com,US,2024-11-11,2025-04-14 00:00:00
C-01210,Maya,Martin,maya.martin1210@example.com,US,2025-02-23,2025-07-17 00:00:00
C-01211,June,Hall,june.hall1211@example.com,US,2024-12-23,2025-09-25 00:00:00
C-01212,Ivy,Nguyen,ivy.nguyen1212@example.com,US,2024-10-12,2025-03-09 00:00:00
C-01213,Kofi,Brown,kofi.brown1213@example.com,US,2025-01-09,2025-05-29 00:00:00
C-01214,Victor,Harris,victor.harris1214@example.com,CA,2025-06-23,2026-04-07 00:00:00
C-01215,Leo,Jackson,leo.jackson1215@example.com,US,2024-12-23,2025-05-07 00:00:00
C-01216,Amara,Costa,amara.costa1216@example.com,US,2025-01-22,2025-03-17 00:00:00
C-01217,Leo,Jackson,leo.jackson1217@example.com,US,2024-11-18,2025-01-22 00:00:00
C-01218,June,Davis,june.davis1218@example.com,AU,2024-07-28,2024-08-25 00:00:00
C-01219,Cleo,Dubois,cleo.dubois1219@example.com,AU,2025-01-21,2025-01-21 00:00:00
C-01220,Marco,Anderson,marco.anderson1220@example.com,UK,2025-02-14,2025-06-23 00:00:00
C-01221,Aisha,Harris,aisha.harris1221@example.com,US,2024-10-25,2025-06-12 00:00:00
C-01222,Wren,Okafor,wren.okafor1222@example.com,BR,2025-01-02,2025-08-10 00:00:00
C-01223,Ethan,Harris,ethan.harris1223@example.com,US,2025-03-11,2025-03-20 00:00:00
C-01224,Amara,Walker,amara.walker1224@example.com,US,2024-08-26,2025-02-12 00:00:00
C-01225,Mira,Weber,mira.weber1225@example.com,CA,2025-06-26,2025-08-11 00:00:00
C-01226,Noah,Garcia,noah.garcia1226@example.com,US,2024-07-13,2025-04-21 00:00:00
C-01227,Leo,Johnson,leo.johnson1227@example.com,US,2025-06-22,2025-08-11 00:00:00
C-01228,Maya,Smith,maya.smith1228@example.com,US,2024-11-08,2025-05-14 00:00:00
C-01229,Wren,Haddad,wren.haddad1229@example.com,US,2024-08-18,2024-11-23 00:00:00
C-01230,Mira,Tanaka,mira.tanaka1230@example.com,US,2024-11-06,2025-05-17 00:00:00
C-01231,Maya,Clark,maya.clark1231@example.com,US,2024-10-02,2025-02-02 00:00:00
C-01232,Jonas,Walker,jonas.walker1232@example.com,AU,2024-09-24,2025-05-09 00:00:00
C-01233,Noah,Jackson,noah.jackson1233@example.com,DE,2024-08-01,2024-10-09 00:00:00
C-01234,Lucas,Muller,lucas.muller1234@example.com,CA,2024-09-08,2025-06-06 00:00:00
C-01235,Priya,Clark,,US,2025-06-13,2025-11-10 00:00:00
C-01236,Amara,Rossi,amara.rossi1236@example.com,US,2024-08-02,2025-03-16 00:00:00
C-01237,Amara,Costa,amara.costa1237@example.com,IN,2024-12-14,2025-08-25 00:00:00
C-01238,Jonas,Martin,jonas.martin1238@example.com,US,2024-10-22,2025-08-17 00:00:00
C-01239,Mateo,Wilson,mateo.wilson1239@example.com,US,2025-04-19,2025-06-25 00:00:00
C-01240,Lucas,Chen,lucas.chen1240@example.com,US,2025-03-18,2025-06-12 00:00:00
C-01241,Ava,Novak,ava.novak1241@example.com,US,2024-10-18,2025-01-01 00:00:00
C-01242,Nina,Costa,nina.costa1242@example.com,US,2025-02-28,2025-05-17 00:00:00
C-01243,Dante,Wilson,dante.wilson1243@example.com,US,2025-02-11,2025-08-04 00:00:00
C-01244,Aisha,Novak,aisha.novak1244@example.com,DE,2025-03-28,2026-01-20 00:00:00
C-01245,Anya,Anderson,anya.anderson1245@example.com,US,2024-06-04,2025-03-28 00:00:00
C-01246,Lena,Anderson,lena.anderson1246@example.com,US,2024-07-14,2024-12-19 00:00:00
C-01247,Anya,Wilson,anya.wilson1247@example.com,US,2024-10-15,2025-04-24 00:00:00
C-01248,Mateo,Patel,mateo.patel1248@example.com,US,2025-03-16,2025-11-28 00:00:00
C-01249,Zoe,Khan,zoe.khan1249@example.com,US,2024-11-08,2025-08-14 00:00:00
C-01250,Amara,Thomas,,IN,2024-10-07,2024-12-07 00:00:00
C-01251,Maya,Silva,maya.silva1251@example.com,US,2024-10-30,2025-04-06 00:00:00
C-01252,Anya,Costa,anya.costa1252@example.com,UK,2025-02-23,2025-10-30 00:00:00
C-01253,Rosa,Weber,rosa.weber1253@example.com,US,2024-08-29,2024-11-27 00:00:00
C-01254,Leo,Patel,leo.patel1254@example.com,US,2025-06-11,2025-10-20 00:00:00
C-01255,Wren,Silva,wren.silva1255@example.com,US,2024-09-05,2025-06-27 00:00:00
C-01256,Omar,Robinson,omar.robinson1256@example.com,CA,2024-11-27,2025-09-18 00:00:00
C-01257,Arjun,Miller,arjun.miller1257@example.com,UK,2025-06-03,2026-03-01 00:00:00
C-01258,Hana,Chen,hana.chen1258@example.com,US,2025-01-19,2025-09-15 00:00:00
C-01259,Maya,Robinson,maya.robinson1259@example.com,AU,2025-06-20,2025-09-08 00:00:00
C-01260,Sofia,Martinez,sofia.martinez1260@example.com,US,2024-06-16,2024-09-20 00:00:00
C-01261,Omar,Khan,omar.khan1261@example.com,US,2025-02-10,2025-07-24 00:00:00
C-01262,Anya,Davis,anya.davis1262@example.com,US,2024-07-03,2024-12-18 00:00:00
C-01263,Liam,Garcia,liam.garcia1263@example.com,US,2024-08-09,2025-01-07 00:00:00
C-01264,June,Tanaka,june.tanaka1264@example.com,JP,2025-01-17,2025-07-27 00:00:00
C-01265,Yuki,Thomas,yuki.thomas1265@example.com,US,2024-11-13,2025-03-15 00:00:00
C-01266,Noah,Wilson,noah.wilson1266@example.com,US,2025-02-27,2025-10-09 00:00:00
C-01267,Leo,Rossi,,UK,2025-04-20,2025-07-29 00:00:00
C-01268,Lucas,Jackson,lucas.jackson1268@example.com,IN,2024-11-17,2025-02-24 00:00:00
C-01269,Ava,White,ava.white1269@example.com,US,2024-12-29,2025-02-05 00:00:00
C-01270,June,Lewis,june.lewis1270@example.com,UK,2024-11-20,2025-01-15 00:00:00
C-01271,Theo,Walker,theo.walker1271@example.com,US,2024-12-30,2025-09-11 00:00:00
C-01272,Tara,Lewis,tara.lewis1272@example.com,AU,2025-06-30,2025-11-10 00:00:00
C-01273,Marco,Martinez,marco.martinez1273@example.com,US,2024-06-23,2024-08-30 00:00:00
C-01274,Sam,Martinez,sam.martinez1274@example.com,JP,2024-07-12,2025-02-24 00:00:00
C-01275,Aisha,White,aisha.white1275@example.com,AU,2025-06-29,2025-12-12 00:00:00
C-01276,Lena,Anderson,lena.anderson1276@example.com,US,2024-08-10,2024-08-16 00:00:00
C-01277,Lena,Dubois,lena.dubois1277@example.com,US,2025-06-26,2025-09-28 00:00:00
C-01278,Zoe,Wilson,zoe.wilson1278@example.com,US,2024-07-15,2024-09-06 00:00:00
C-01279,June,Clark,june.clark1279@example.com,US,2024-09-11,2025-03-26 00:00:00
C-01280,Elena,Lee,elena.lee1280@example.com,US,2025-05-23,2025-08-13 00:00:00
C-01281,Arjun,Martin,arjun.martin1281@example.com,US,2025-03-02,2025-03-21 00:00:00
C-01282,Amara,Silva,amara.silva1282@example.com,US,2024-06-05,2024-06-21 00:00:00
C-01283,Cleo,Dubois,cleo.dubois1283@example.com,US,2025-06-05,2025-11-26 00:00:00
C-01284,Anya,Rossi,anya.rossi1284@example.com,US,2025-04-19,2025-04-25 00:00:00
C-01285,Diego,Kim,diego.kim1285@example.com,CA,2024-06-09,2025-02-18 00:00:00
C-01286,Aisha,Rossi,aisha.rossi1286@example.com,US,2024-07-12,2024-08-27 00:00:00
C-01287,Lucas,Rossi,lucas.rossi1287@example.com,US,2024-12-25,2025-06-24 00:00:00
C-01288,Maya,Martinez,maya.martinez1288@example.com,US,2024-08-31,2025-01-11 00:00:00
C-01289,Yuki,Wilson,yuki.wilson1289@example.com,US,2025-02-25,2025-07-07 00:00:00
C-01290,Liam,Silva,liam.silva1290@example.com,CA,2024-11-01,2024-11-22 00:00:00
C-01291,Victor,Nguyen,victor.nguyen1291@example.com,US,2024-11-28,2025-07-26 00:00:00
C-01292,Tara,Okafor,tara.okafor1292@example.com,IN,2025-02-06,2025-10-31 00:00:00
C-01293,Mira,Patel,mira.patel1293@example.com,US,2024-07-21,2024-07-24 00:00:00
C-01294,Zoe,Kim,zoe.kim1294@example.com,CA,2025-01-06,2025-02-28 00:00:00
C-01295,Yuki,Lewis,yuki.lewis1295@example.com,US,2025-01-24,2025-10-22 00:00:00
C-01296,Marco,Harris,marco.harris1296@example.com,CA,2024-10-13,2025-03-26 00:00:00
C-01297,Sofia,Dubois,sofia.dubois1297@example.com,US,2025-02-28,2025-04-14 00:00:00
C-01298,Arjun,Jackson,arjun.jackson1298@example.com,DE,2025-05-25,2025-07-24 00:00:00
C-01299,Sam,Khan,sam.khan1299@example.com,UK,2025-04-20,2025-11-03 00:00:00
C-01300,Wren,Anderson,wren.anderson1300@example.com,US,2024-07-27,2025-03-01 00:00:00
C-01301,Nina,Robinson,,UK,2024-08-18,2025-02-13 00:00:00
C-01302,Arjun,Iyer,arjun.iyer1302@example.com,US,2025-06-19,2026-03-31 00:00:00
C-01303,Liam,Lewis,liam.lewis1303@example.com,BR,2025-05-15,2025-10-10 00:00:00
C-01304,Yuki,Clark,yuki.clark1304@example.com,UK,2025-01-10,2025-04-10 00:00:00
C-01305,Rosa,Khan,rosa.khan1305@example.com,CA,2025-06-04,2025-10-25 00:00:00
C-01306,Theo,Lewis,theo.lewis1306@example.com,CA,2025-04-05,2025-07-21 00:00:00
C-01307,Anya,Chen,anya.chen1307@example.com,US,2025-03-24,2025-05-30 00:00:00
C-01308,Liam,Rossi,liam.rossi1308@example.com,US,2025-03-21,2025-04-03 00:00:00
C-01309,Kai,Garcia,kai.garcia1309@example.com,US,2024-07-12,2024-10-25 00:00:00
C-01310,Ravi,Lee,ravi.lee1310@example.com,US,2024-12-10,2025-07-11 00:00:00
C-01311,Ali,Brown,ali.brown1311@example.com,US,2024-10-22,2024-10-27 00:00:00
C-01312,Mira,Garcia,mira.garcia1312@example.com,US,2024-10-09,2025-02-17 00:00:00
C-01313,Victor,Garcia,victor.garcia1313@example.com,US,2025-01-04,2025-07-16 00:00:00
C-01314,Marco,Tanaka,marco.tanaka1314@example.com,US,2024-09-08,2025-03-10 00:00:00
C-01315,Theo,Johnson,theo.johnson1315@example.com,US,2025-02-08,2025-09-28 00:00:00
C-01316,Elena,Khan,elena.khan1316@example.com,US,2024-12-26,2025-08-26 00:00:00
C-01317,Amara,Nguyen,amara.nguyen1317@example.com,US,2024-08-28,2025-03-29 00:00:00
C-01318,Kai,Garcia,kai.garcia1318@example.com,US,2024-06-19,2024-07-19 00:00:00
C-01319,Marco,Muller,marco.muller1319@example.com,US,2025-05-12,2025-10-01 00:00:00
C-01320,Sam,Tanaka,sam.tanaka1320@example.com,US,2025-02-04,2025-08-04 00:00:00
C-01321,Noah,Chen,noah.chen1321@example.com,CA,2025-03-05,2025-05-17 00:00:00
C-01322,June,Novak,june.novak1322@example.com,DE,2024-08-11,2024-08-23 00:00:00
C-01323,Jonas,Moore,jonas.moore1323@example.com,US,2025-05-12,2025-07-18 00:00:00
C-01324,Noah,Brown,noah.brown1324@example.com,US,2025-01-17,2025-06-02 00:00:00
C-01325,Zoe,Harris,,UK,2024-08-04,2024-12-06 00:00:00
C-01326,Ivy,Garcia,ivy.garcia1326@example.com,CA,2024-07-04,2024-08-26 00:00:00
C-01327,Priya,Novak,priya.novak1327@example.com,UK,2024-07-26,2025-03-30 00:00:00
C-01328,Sofia,Weber,sofia.weber1328@example.com,US,2025-01-13,2025-10-17 00:00:00
C-01329,Ethan,Garcia,ethan.garcia1329@example.com,US,2024-11-22,2025-01-21 00:00:00
C-01330,Aisha,Robinson,aisha.robinson1330@example.com,US,2025-01-30,2025-11-04 00:00:00
C-01331,Theo,Thomas,theo.thomas1331@example.com,CA,2024-12-31,2025-01-05 00:00:00
C-01332,Arjun,Kim,,US,2024-09-30,2025-07-04 00:00:00
C-01333,Wren,Costa,wren.costa1333@example.com,US,2024-12-25,2025-10-06 00:00:00
C-01334,Ava,Nguyen,ava.nguyen1334@example.com,US,2024-12-21,2024-12-24 00:00:00
C-01335,Dante,Walker,dante.walker1335@example.com,UK,2025-05-16,2025-12-30 00:00:00
C-01336,Marco,Miller,marco.miller1336@example.com,US,2025-03-14,2025-12-30 00:00:00
C-01337,June,Garcia,june.garcia1337@example.com,US,2024-08-18,2025-05-16 00:00:00
C-01338,Theo,Lewis,,US,2024-09-02,2025-06-20 00:00:00
C-01339,Hana,Rossi,hana.rossi1339@example.com,AU,2024-08-16,2025-01-28 00:00:00
C-01340,Rosa,Iyer,rosa.iyer1340@example.com,US,2025-04-12,2025-05-05 00:00:00
C-01341,Wren,Garcia,wren.garcia1341@example.com,US,2024-06-27,2025-03-08 00:00:00
C-01342,Nina,Tanaka,nina.tanaka1342@example.com,AU,2024-06-25,2024-12-26 00:00:00
C-01343,Arjun,Iyer,arjun.iyer1343@example.com,US,2025-06-11,2025-12-12 00:00:00
C-01344,Nina,Okafor,nina.okafor1344@example.com,CA,2024-12-10,2025-04-14 00:00:00
C-01345,Nina,Garcia,nina.garcia1345@example.com,US,2025-02-11,2025-08-01 00:00:00
C-01346,Ava,Walker,ava.walker1346@example.com,US,2024-12-18,2025-02-02 00:00:00
C-01347,Kai,Anderson,kai.anderson1347@example.com,AU,2025-02-21,2025-09-30 00:00:00
C-01348,Mira,Taylor,mira.taylor1348@example.com,UK,2025-03-11,2025-04-02 00:00:00
C-01349,Zoe,Robinson,,UK,2025-03-09,2025-10-13 00:00:00
C-01350,Arjun,Rossi,arjun.rossi1350@example.com,US,2024-08-13,2025-04-24 00:00:00
C-01351,Ali,Miller,ali.miller1351@example.com,BR,2024-12-27,2025-05-17 00:00:00
C-01352,Ava,Rossi,ava.rossi1352@example.com,US,2025-03-17,2025-08-16 00:00:00
C-01353,Arjun,Patel,arjun.patel1353@example.com,US,2025-01-04,2025-04-07 00:00:00
C-01354,Dante,Miller,dante.miller1354@example.com,CA,2025-06-07,2026-03-24 00:00:00
C-01355,Yuki,Haddad,yuki.haddad1355@example.com,US,2024-07-23,2025-02-27 00:00:00
C-01356,Aisha,Kim,aisha.kim1356@example.com,AU,2024-06-10,2024-09-28 00:00:00
C-01357,Ali,Okafor,,UK,2025-06-23,2025-08-14 00:00:00
C-01358,Hana,Rossi,hana.rossi1358@example.com,CA,2024-10-29,2025-01-02 00:00:00
C-01359,Jonas,Martin,jonas.martin1359@example.com,US,2025-03-19,2025-08-05 00:00:00
C-01360,Kofi,Walker,kofi.walker1360@example.com,US,2025-01-24,2025-11-02 00:00:00
C-01361,June,Dubois,june.dubois1361@example.com,US,2024-12-26,2025-08-03 00:00:00
C-01362,Elena,Lewis,elena.lewis1362@example.com,US,2024-07-10,2024-09-12 00:00:00
C-01363,Dante,Chen,dante.chen1363@example.com,US,2025-06-14,2026-02-26 00:00:00
C-01364,Theo,Hall,theo.hall1364@example.com,CA,2025-02-18,2025-06-11 00:00:00
C-01365,Cleo,Patel,cleo.patel1365@example.com,UK,2024-08-19,2025-05-01 00:00:00
C-01366,Noah,Brown,noah.brown1366@example.com,US,2025-04-11,2025-06-22 00:00:00
C-01367,Dante,Rossi,dante.rossi1367@example.com,US,2025-01-22,2025-07-26 00:00:00
C-01368,Mira,Wilson,mira.wilson1368@example.com,US,2024-12-08,2025-09-12 00:00:00
C-01369,Ivy,Nguyen,ivy.nguyen1369@example.com,US,2024-07-20,2024-10-05 00:00:00
C-01370,Theo,Jackson,theo.jackson1370@example.com,US,2024-07-09,2025-02-01 00:00:00
C-01371,Nora,Davis,nora.davis1371@example.com,CA,2025-02-13,2025-12-06 00:00:00
C-01372,Liam,Haddad,liam.haddad1372@example.com,US,2025-01-03,2025-02-17 00:00:00
C-01373,Zoe,Novak,zoe.novak1373@example.com,US,2024-11-28,2024-12-24 00:00:00
C-01374,Yuki,Smith,yuki.smith1374@example.com,US,2025-02-24,2025-09-14 00:00:00
C-01375,Liam,Harris,liam.harris1375@example.com,US,2025-05-10,2025-08-19 00:00:00
C-01376,June,Davis,june.davis1376@example.com,US,2024-10-03,2024-10-24 00:00:00
C-01377,Priya,Harris,priya.harris1377@example.com,US,2024-11-14,2025-04-05 00:00:00
C-01378,Noah,Davis,noah.davis1378@example.com,US,2025-03-29,2025-11-10 00:00:00
C-01379,Zoe,Walker,zoe.walker1379@example.com,IN,2024-07-27,2024-10-20 00:00:00
C-01380,Priya,Jackson,priya.jackson1380@example.com,US,2024-12-22,2025-04-01 00:00:00
C-01381,Noah,Kim,noah.kim1381@example.com,AU,2024-06-11,2025-02-19 00:00:00
C-01382,Zoe,Dubois,,US,2025-03-20,2025-08-23 00:00:00
C-01383,Noah,Weber,noah.weber1383@example.com,US,2024-10-05,2025-06-14 00:00:00
C-01384,Zoe,Muller,zoe.muller1384@example.com,CA,2024-06-15,2024-10-26 00:00:00
C-01385,Noah,Costa,noah.costa1385@example.com,US,2025-04-17,2026-01-27 00:00:00
C-01386,Priya,Hall,priya.hall1386@example.com,US,2024-09-09,2025-03-23 00:00:00
C-01387,Ali,Hall,,US,2024-08-15,2024-09-18 00:00:00
C-01388,Cleo,Thomas,cleo.thomas1388@example.com,CA,2024-10-20,2025-07-12 00:00:00
C-01389,Priya,Davis,priya.davis1389@example.com,UK,2025-03-03,2025-07-27 00:00:00
C-01390,Liam,White,liam.white1390@example.com,CA,2024-09-22,2024-11-03 00:00:00
C-01391,Nora,Muller,nora.muller1391@example.com,CA,2024-09-17,2024-11-01 00:00:00
C-01392,Zoe,Lee,zoe.lee1392@example.com,US,2024-08-14,2025-03-08 00:00:00
C-01393,Kofi,Dubois,kofi.dubois1393@example.com,US,2024-07-24,2024-08-07 00:00:00
C-01394,Leo,Anderson,leo.anderson1394@example.com,CA,2025-01-03,2025-03-29 00:00:00
C-01395,Arjun,Ali,arjun.ali1395@example.com,US,2024-11-29,2025-01-09 00:00:00
C-01396,Noah,Dubois,noah.dubois1396@example.com,US,2024-08-23,2025-01-02 00:00:00
C-01397,Jonas,Miller,jonas.miller1397@example.com,US,2025-03-04,2025-07-06 00:00:00
C-01398,Mateo,Silva,mateo.silva1398@example.com,CA,2025-01-03,2025-06-08 00:00:00
C-01399,Nina,Costa,nina.costa1399@example.com,US,2024-09-16,2024-12-08 00:00:00
C-01400,Anya,Lee,anya.lee1400@example.com,US,2024-11-18,2024-11-27 00:00:00
C-01401,Noah,Novak,noah.novak1401@example.com,CA,2025-03-02,2025-09-02 00:00:00
C-01402,Noah,Thomas,noah.thomas1402@example.com,US,2024-10-01,2025-01-21 00:00:00
C-01403,Nora,Smith,nora.smith1403@example.com,UK,2024-10-10,2025-04-23 00:00:00
C-01404,Diego,White,diego.white1404@example.com,US,2025-03-31,2025-05-02 00:00:00
C-01405,June,Lewis,june.lewis1405@example.com,CA,2024-11-13,2024-11-17 00:00:00
C-01406,Yuki,Anderson,yuki.anderson1406@example.com,US,2024-11-28,2025-02-10 00:00:00
C-01407,Cleo,Kim,cleo.kim1407@example.com,US,2024-10-13,2025-02-26 00:00:00
C-01408,Ivy,Haddad,ivy.haddad1408@example.com,US,2024-10-08,2025-02-03 00:00:00
C-01409,Ravi,Harris,ravi.harris1409@example.com,US,2025-04-02,2025-12-01 00:00:00
C-01410,Marco,Okafor,marco.okafor1410@example.com,US,2024-06-03,2024-09-24 00:00:00
C-01411,Aisha,Patel,,US,2025-05-05,2025-10-11 00:00:00
C-01412,Rosa,Rossi,rosa.rossi1412@example.com,US,2024-08-22,2025-02-16 00:00:00
C-01413,Nora,Lee,nora.lee1413@example.com,US,2024-07-28,2024-08-03 00:00:00
C-01414,Maya,Garcia,maya.garcia1414@example.com,US,2025-02-08,2025-07-12 00:00:00
C-01415,Kai,Haddad,kai.haddad1415@example.com,AU,2025-03-30,2025-07-11 00:00:00
C-01416,Kai,Davis,kai.davis1416@example.com,US,2025-05-08,2025-09-11 00:00:00
C-01417,Kai,Chen,,US,2025-03-23,2025-04-22 00:00:00
C-01418,Priya,Garcia,priya.garcia1418@example.com,US,2024-07-09,2025-02-28 00:00:00
C-01419,Marco,Rossi,marco.rossi1419@example.com,US,2025-04-30,2026-02-06 00:00:00
C-01420,Yuki,White,yuki.white1420@example.com,US,2024-10-08,2024-10-14 00:00:00
C-01421,Amara,Martinez,amara.martinez1421@example.com,CA,2025-06-27,2025-12-24 00:00:00
C-01422,Lena,Smith,lena.smith1422@example.com,US,2024-09-07,2025-04-24 00:00:00
C-01423,Nora,Chen,nora.chen1423@example.com,AU,2025-05-28,2025-08-21 00:00:00
C-01424,Aisha,Brown,aisha.brown1424@example.com,UK,2025-04-04,2025-11-26 00:00:00
C-01425,Ravi,Kim,ravi.kim1425@example.com,CA,2024-12-18,2025-06-25 00:00:00
C-01426,Nora,Robinson,nora.robinson1426@example.com,US,2024-09-16,2025-06-21 00:00:00
C-01427,Sam,Novak,,US,2025-06-29,2026-04-19 00:00:00
C-01428,Sofia,Garcia,sofia.garcia1428@example.com,US,2025-03-22,2025-04-03 00:00:00
C-01429,Omar,Khan,omar.khan1429@example.com,UK,2024-10-25,2025-03-07 00:00:00
C-01430,Wren,Smith,wren.smith1430@example.com,US,2025-06-19,2025-11-30 00:00:00
C-01431,Jonas,Wilson,jonas.wilson1431@example.com,US,2025-01-01,2025-02-14 00:00:00
C-01432,Kai,Brown,kai.brown1432@example.com,US,2025-04-14,2025-07-23 00:00:00
C-01433,Diego,Martin,diego.martin1433@example.com,CA,2024-07-07,2025-04-29 00:00:00
C-01434,Hana,Lee,hana.lee1434@example.com,US,2024-08-16,2024-08-20 00:00:00
C-01435,Ivy,Chen,ivy.chen1435@example.com,US,2024-07-02,2024-11-14 00:00:00
C-01436,Hana,Okafor,hana.okafor1436@example.com,US,2024-07-12,2025-03-21 00:00:00
C-01437,Kofi,Johnson,kofi.johnson1437@example.com,US,2024-12-22,2025-03-29 00:00:00
C-01438,Elena,Clark,elena.clark1438@example.com,DE,2024-06-02,2024-10-23 00:00:00
C-01439,Ethan,Costa,ethan.costa1439@example.com,US,2024-07-31,2025-05-20 00:00:00
C-01440,Ivy,Lee,,US,2024-09-25,2025-02-14 00:00:00
C-01441,Wren,Davis,wren.davis1441@example.com,US,2024-06-08,2024-07-17 00:00:00
C-01442,Lena,Anderson,lena.anderson1442@example.com,US,2024-08-22,2024-09-06 00:00:00
C-01443,Sam,Iyer,sam.iyer1443@example.com,US,2025-03-18,2025-12-26 00:00:00
C-01444,Arjun,Haddad,arjun.haddad1444@example.com,US,2025-06-30,2025-09-17 00:00:00
C-01445,Leo,Khan,leo.khan1445@example.com,US,2025-04-12,2025-09-10 00:00:00
C-01446,Jonas,Robinson,jonas.robinson1446@example.com,US,2024-06-19,2024-07-16 00:00:00
C-01447,Ivy,Muller,ivy.muller1447@example.com,US,2025-01-06,2025-05-13 00:00:00
C-01448,Maya,Robinson,maya.robinson1448@example.com,US,2024-06-04,2025-03-10 00:00:00
C-01449,Nina,Tanaka,nina.tanaka1449@example.com,BR,2025-03-20,2025-08-17 00:00:00
C-01450,Dante,Chen,dante.chen1450@example.com,US,2025-06-30,2026-04-17 00:00:00
C-01451,Theo,Tanaka,,US,2025-06-25,2025-09-10 00:00:00
C-01452,Tara,Miller,tara.miller1452@example.com,US,2025-05-19,2025-10-17 00:00:00
C-01453,Hana,Lee,hana.lee1453@example.com,US,2025-03-18,2025-11-30 00:00:00
C-01454,Diego,Garcia,diego.garcia1454@example.com,US,2024-08-05,2024-12-17 00:00:00
C-01455,Hana,Haddad,hana.haddad1455@example.com,BR,2024-07-22,2024-10-13 00:00:00
C-01456,Omar,Harris,omar.harris1456@example.com,CA,2024-11-13,2025-07-27 00:00:00
C-01457,Rosa,White,rosa.white1457@example.com,US,2025-05-12,2025-09-05 00:00:00
C-01458,Nina,Khan,nina.khan1458@example.com,US,2024-10-10,2025-03-18 00:00:00
C-01459,Lena,Anderson,lena.anderson1459@example.com,US,2025-05-31,2026-03-19 00:00:00
C-01460,Rosa,Garcia,rosa.garcia1460@example.com,CA,2024-08-30,2024-10-24 00:00:00
C-01461,Sofia,Weber,sofia.weber1461@example.com,US,2025-03-10,2025-06-08 00:00:00
C-01462,Mira,Miller,mira.miller1462@example.com,US,2024-08-19,2024-08-28 00:00:00
C-01463,Lena,Taylor,lena.taylor1463@example.com,AU,2024-11-09,2025-03-06 00:00:00
C-01464,Theo,Weber,theo.weber1464@example.com,US,2025-01-12,2025-03-13 00:00:00
C-01465,Kofi,Kim,kofi.kim1465@example.com,US,2025-03-13,2025-10-03 00:00:00
C-01466,Nina,Lewis,nina.lewis1466@example.com,CA,2024-12-02,2025-01-25 00:00:00
C-01467,Ali,Lewis,ali.lewis1467@example.com,US,2024-12-20,2025-07-10 00:00:00
C-01468,Omar,Taylor,,US,2024-10-28,2025-01-15 00:00:00
C-01469,Nora,Harris,nora.harris1469@example.com,CA,2024-12-20,2025-04-05 00:00:00
C-01470,Arjun,Weber,arjun.weber1470@example.com,US,2024-11-08,2025-02-20 00:00:00
C-01471,Rosa,Ali,,AU,2024-09-30,2025-05-03 00:00:00
C-01472,Ali,Martin,,US,2024-12-02,2025-04-20 00:00:00
C-01473,Zoe,Moore,zoe.moore1473@example.com,US,2025-02-17,2025-06-05 00:00:00
C-01474,Tara,Martinez,,US,2024-07-11,2025-03-23 00:00:00
C-01475,Aisha,Martinez,,US,2024-06-23,2024-12-11 00:00:00
C-01476,Victor,Taylor,victor.taylor1476@example.com,US,2024-09-15,2024-11-18 00:00:00
C-01477,Sofia,Robinson,sofia.robinson1477@example.com,BR,2024-06-17,2025-03-14 00:00:00
C-01478,Zoe,Moore,zoe.moore1478@example.com,US,2024-11-19,2025-03-01 00:00:00
C-01479,Sofia,Okafor,sofia.okafor1479@example.com,AU,2025-03-24,2025-04-04 00:00:00
C-01480,Diego,Johnson,diego.johnson1480@example.com,US,2025-01-12,2025-06-09 00:00:00
C-01481,June,Chen,june.chen1481@example.com,UK,2025-01-08,2025-02-14 00:00:00
C-01482,Cleo,Iyer,cleo.iyer1482@example.com,US,2025-06-17,2025-08-27 00:00:00
C-01483,Arjun,Smith,arjun.smith1483@example.com,CA,2025-02-27,2025-10-09 00:00:00
C-01484,Ravi,Martinez,ravi.martinez1484@example.com,CA,2024-10-16,2024-11-24 00:00:00
C-01485,Mira,White,mira.white1485@example.com,US,2024-09-27,2025-05-27 00:00:00
C-01486,Ethan,Costa,ethan.costa1486@example.com,US,2025-05-29,2026-03-06 00:00:00
C-01487,Leo,Weber,leo.weber1487@example.com,US,2024-08-30,2025-02-27 00:00:00
C-01488,Victor,Novak,victor.novak1488@example.com,CA,2024-07-31,2025-03-01 00:00:00
C-01489,Lena,White,lena.white1489@example.com,UK,2024-11-14,2025-06-16 00:00:00
C-01490,Kai,Lewis,kai.lewis1490@example.com,AU,2025-03-02,2025-12-24 00:00:00
C-01491,Maya,Novak,maya.novak1491@example.com,US,2024-12-13,2025-03-25 00:00:00
C-01492,Dante,Robinson,dante.robinson1492@example.com,US,2024-12-28,2025-02-14 00:00:00
C-01493,Omar,Martin,omar.martin1493@example.com,IN,2024-07-15,2024-12-17 00:00:00
C-01494,Rosa,Rossi,rosa.rossi1494@example.com,US,2025-04-27,2025-10-03 00:00:00
C-01495,Priya,Garcia,priya.garcia1495@example.com,US,2025-04-09,2025-06-01 00:00:00
C-01496,Victor,Jackson,victor.jackson1496@example.com,US,2024-11-27,2025-05-29 00:00:00
C-01497,Jonas,Kim,jonas.kim1497@example.com,US,2024-10-18,2024-10-22 00:00:00
C-01498,Cleo,Moore,cleo.moore1498@example.com,US,2024-06-30,2025-04-04 00:00:00
C-01499,Nora,Taylor,,US,2025-01-29,2025-04-18 00:00:00
C-01500,Lucas,Dubois,lucas.dubois1500@example.com,BR,2024-09-12,2024-09-23 00:00:00
C-01501,Cleo,Martin,cleo.martin1501@example.com,US,2025-06-13,2025-07-15 00:00:00
C-01502,Rosa,Novak,rosa.novak1502@example.com,US,2025-03-31,2025-06-11 00:00:00
C-01503,Sofia,Harris,sofia.harris1503@example.com,US,2024-10-13,2025-01-03 00:00:00
C-01504,Amara,Garcia,amara.garcia1504@example.com,US,2025-04-26,2025-05-05 00:00:00
C-01505,Tara,Rossi,tara.rossi1505@example.com,US,2024-10-19,2025-01-10 00:00:00
C-01506,Amara,Smith,amara.smith1506@example.com,US,2024-09-18,2024-11-14 00:00:00
C-01507,Dante,Silva,dante.silva1507@example.com,US,2025-05-31,2025-09-21 00:00:00
C-01508,Omar,Kim,omar.kim1508@example.com,US,2024-11-15,2025-03-10 00:00:00
C-01509,Omar,Jackson,omar.jackson1509@example.com,UK,2025-06-28,2025-10-07 00:00:00
C-01510,Anya,Muller,anya.muller1510@example.com,US,2024-10-15,2025-01-21 00:00:00
C-01511,Arjun,Nguyen,arjun.nguyen1511@example.com,US,2024-10-09,2024-11-04 00:00:00
C-01512,Marco,Chen,marco.chen1512@example.com,US,2025-01-28,2025-02-04 00:00:00
C-01513,Ravi,Chen,ravi.chen1513@example.com,US,2024-08-30,2024-10-29 00:00:00
C-01514,Liam,Patel,liam.patel1514@example.com,US,2024-09-25,2025-05-09 00:00:00
C-01515,Zoe,Haddad,zoe.haddad1515@example.com,US,2025-01-26,2025-11-19 00:00:00
C-01516,Amara,Johnson,,US,2024-10-19,2025-07-24 00:00:00
C-01517,Priya,Brown,priya.brown1517@example.com,UK,2024-06-18,2024-11-16 00:00:00
C-01518,Nora,Hall,nora.hall1518@example.com,US,2025-04-16,2025-09-22 00:00:00
C-01519,Hana,Thomas,hana.thomas1519@example.com,US,2025-06-09,2025-09-11 00:00:00
C-01520,Priya,Miller,priya.miller1520@example.com,US,2024-06-14,2025-02-01 00:00:00
C-01521,Hana,Brown,,US,2024-06-28,2025-02-12 00:00:00
C-01522,Cleo,Haddad,,US,2025-03-21,2025-11-29 00:00:00
C-01523,Wren,Wilson,,US,2024-12-09,2025-09-03 00:00:00
C-01524,Victor,Weber,victor.weber1524@example.com,US,2024-08-07,2024-12-15 00:00:00
C-01525,Priya,Robinson,priya.robinson1525@example.com,CA,2024-07-19,2025-03-06 00:00:00
C-01526,Amara,Tanaka,amara.tanaka1526@example.com,CA,2025-03-13,2025-11-09 00:00:00
C-01527,Sam,Moore,sam.moore1527@example.com,BR,2025-04-02,2025-07-03 00:00:00
C-01528,Sofia,Davis,sofia.davis1528@example.com,IN,2024-06-28,2025-04-02 00:00:00
C-01529,Sam,Harris,,US,2024-12-15,2025-01-12 00:00:00
C-01530,Ali,Lee,ali.lee1530@example.com,US,2025-06-06,2026-03-31 00:00:00
C-01531,Ivy,Garcia,ivy.garcia1531@example.com,US,2024-11-26,2025-07-15 00:00:00
C-01532,Ivy,Garcia,ivy.garcia1532@example.com,US,2024-06-15,2024-07-12 00:00:00
C-01533,Yuki,Novak,yuki.novak1533@example.com,DE,2024-09-19,2025-04-03 00:00:00
C-01534,Ravi,Hall,,US,2024-07-24,2024-08-03 00:00:00
C-01535,Aisha,Martin,aisha.martin1535@example.com,US,2025-02-23,2025-10-12 00:00:00
C-01536,Marco,Okafor,marco.okafor1536@example.com,US,2025-03-23,2025-11-17 00:00:00
C-01537,Ali,Jackson,ali.jackson1537@example.com,US,2025-04-18,2025-10-15 00:00:00
C-01538,Sofia,Iyer,sofia.iyer1538@example.com,IN,2024-12-25,2025-09-08 00:00:00
C-01539,Maya,Martinez,maya.martinez1539@example.com,US,2024-10-18,2024-11-16 00:00:00
C-01540,Tara,Garcia,tara.garcia1540@example.com,DE,2025-03-28,2025-06-18 00:00:00
C-01541,Nina,Davis,nina.davis1541@example.com,US,2025-06-27,2025-10-29 00:00:00
C-01542,Noah,Novak,noah.novak1542@example.com,AU,2025-05-07,2025-05-19 00:00:00
C-01543,Ivy,Walker,ivy.walker1543@example.com,US,2025-02-19,2025-07-03 00:00:00
C-01544,Sam,Ali,sam.ali1544@example.com,US,2024-12-03,2025-02-20 00:00:00
C-01545,Zoe,Martin,,US,2025-06-24,2025-10-19 00:00:00
C-01546,Noah,Silva,noah.silva1546@example.com,US,2025-05-07,2025-09-11 00:00:00
C-01547,Ethan,Ali,ethan.ali1547@example.com,US,2024-06-20,2025-03-10 00:00:00
C-01548,Ravi,Garcia,,AU,2024-08-14,2024-11-03 00:00:00
C-01549,Cleo,Weber,cleo.weber1549@example.com,US,2025-05-11,2026-02-03 00:00:00
C-01550,Ravi,Thomas,ravi.thomas1550@example.com,US,2025-06-02,2025-10-07 00:00:00
C-01551,Yuki,Costa,yuki.costa1551@example.com,UK,2025-03-30,2025-07-06 00:00:00
C-01552,Nora,Iyer,nora.iyer1552@example.com,US,2025-03-24,2025-08-21 00:00:00
C-01553,Ethan,Wilson,ethan.wilson1553@example.com,US,2024-06-21,2024-10-24 00:00:00
C-01554,Diego,Jackson,diego.jackson1554@example.com,CA,2024-12-05,2025-02-20 00:00:00
C-01555,Lena,Silva,lena.silva1555@example.com,US,2024-10-28,2025-03-27 00:00:00
C-01556,Liam,Moore,liam.moore1556@example.com,US,2024-06-20,2024-08-04 00:00:00
C-01557,Yuki,Walker,yuki.walker1557@example.com,CA,2025-04-03,2025-07-17 00:00:00
C-01558,Kai,Tanaka,kai.tanaka1558@example.com,US,2025-01-30,2025-07-18 00:00:00
C-01559,Cleo,Costa,cleo.costa1559@example.com,CA,2025-01-07,2025-05-11 00:00:00
C-01560,Diego,Smith,diego.smith1560@example.com,AU,2024-12-11,2025-08-15 00:00:00
C-01561,Diego,Chen,diego.chen1561@example.com,US,2025-06-22,2025-09-07 00:00:00
C-01562,Ava,Patel,ava.patel1562@example.com,DE,2025-02-23,2025-12-10 00:00:00
C-01563,Aisha,Martin,aisha.martin1563@example.com,US,2024-06-04,2025-01-25 00:00:00
C-01564,Hana,Wilson,hana.wilson1564@example.com,US,2024-12-16,2025-10-02 00:00:00
C-01565,June,Smith,june.smith1565@example.com,US,2025-01-18,2025-09-26 00:00:00
C-01566,Lucas,Moore,lucas.moore1566@example.com,US,2024-08-06,2024-09-17 00:00:00
C-01567,Nora,Thomas,nora.thomas1567@example.com,BR,2025-06-06,2025-11-10 00:00:00
C-01568,Leo,Garcia,leo.garcia1568@example.com,UK,2025-01-10,2025-03-01 00:00:00
C-01569,Aisha,Nguyen,aisha.nguyen1569@example.com,US,2024-08-30,2025-05-02 00:00:00
C-01570,Ravi,Novak,ravi.novak1570@example.com,US,2024-09-30,2025-03-24 00:00:00
C-01571,Liam,Silva,liam.silva1571@example.com,US,2024-10-05,2024-12-23 00:00:00
C-01572,Mateo,Tanaka,mateo.tanaka1572@example.com,CA,2024-08-06,2025-05-11 00:00:00
C-01573,Amara,Patel,amara.patel1573@example.com,US,2025-06-12,2025-07-16 00:00:00
C-01574,Marco,Taylor,marco.taylor1574@example.com,US,2024-10-20,2025-04-07 00:00:00
C-01575,Anya,Chen,anya.chen1575@example.com,US,2024-11-01,2025-06-05 00:00:00
C-01576,Lena,Tanaka,lena.tanaka1576@example.com,US,2024-09-13,2024-09-30 00:00:00
C-01577,Theo,Moore,theo.moore1577@example.com,DE,2024-10-13,2025-04-10 00:00:00
C-01578,Victor,Khan,victor.khan1578@example.com,CA,2024-08-12,2025-04-13 00:00:00
C-01579,Leo,Silva,leo.silva1579@example.com,US,2024-06-05,2024-06-25 00:00:00
C-01580,Hana,Weber,,US,2024-12-21,2025-05-23 00:00:00
C-01581,Mira,Patel,mira.patel1581@example.com,JP,2024-09-26,2024-12-12 00:00:00
C-01582,Victor,Martinez,victor.martinez1582@example.com,US,2024-06-28,2025-01-12 00:00:00
C-01583,Lena,Johnson,lena.johnson1583@example.com,US,2024-10-30,2024-12-04 00:00:00
C-01584,Sofia,Chen,sofia.chen1584@example.com,US,2024-11-07,2025-08-15 00:00:00
C-01585,Lucas,Jackson,lucas.jackson1585@example.com,US,2024-09-13,2025-06-08 00:00:00
C-01586,Kai,Chen,,US,2024-09-12,2024-11-06 00:00:00
C-01587,Nora,Tanaka,nora.tanaka1587@example.com,US,2024-09-13,2024-12-18 00:00:00
C-01588,Arjun,Hall,arjun.hall1588@example.com,UK,2024-07-19,2025-01-11 00:00:00
C-01589,Amara,Khan,amara.khan1589@example.com,US,2024-10-12,2025-05-15 00:00:00
C-01590,Lucas,Iyer,,US,2024-12-14,2025-04-25 00:00:00
C-01591,June,Novak,june.novak1591@example.com,UK,2024-12-06,2025-01-21 00:00:00
C-01592,Priya,Patel,,DE,2025-03-13,2025-04-13 00:00:00
C-01593,Ava,Lee,ava.lee1593@example.com,US,2025-03-16,2026-01-09 00:00:00
C-01594,Priya,Okafor,priya.okafor1594@example.com,US,2025-04-02,2025-08-16 00:00:00
C-01595,Marco,Walker,marco.walker1595@example.com,IN,2024-10-04,2025-06-22 00:00:00
C-01596,Dante,Martin,dante.martin1596@example.com,US,2024-09-11,2025-02-02 00:00:00
C-01597,Ali,Thomas,ali.thomas1597@example.com,UK,2025-04-05,2026-01-06 00:00:00
C-01598,Nina,Brown,nina.brown1598@example.com,US,2025-06-04,2025-06-30 00:00:00
C-01599,Hana,Moore,hana.moore1599@example.com,US,2025-05-26,2025-06-29 00:00:00
C-01600,Nina,Muller,,AU,2025-01-20,2025-10-25 00:00:00
C-01601,Hana,Dubois,,US,2025-02-17,2025-11-28 00:00:00
C-01602,Anya,Iyer,anya.iyer1602@example.com,DE,2024-10-16,2025-01-18 00:00:00
C-01603,Ravi,Wilson,ravi.wilson1603@example.com,UK,2024-10-09,2025-01-23 00:00:00
C-01604,Diego,Garcia,diego.garcia1604@example.com,US,2025-03-01,2025-07-14 00:00:00
C-01605,Ava,Brown,,US,2025-03-22,2025-07-24 00:00:00
C-01606,Maya,Brown,maya.brown1606@example.com,US,2024-10-02,2024-11-28 00:00:00
C-01607,Ali,Martin,ali.martin1607@example.com,CA,2025-01-07,2025-10-03 00:00:00
C-01608,Ethan,Miller,ethan.miller1608@example.com,US,2025-05-10,2025-07-24 00:00:00
C-01609,Priya,Moore,priya.moore1609@example.com,US,2024-12-09,2025-07-08 00:00:00
C-01610,Mateo,Martinez,mateo.martinez1610@example.com,AU,2025-01-31,2025-02-20 00:00:00
C-01611,Jonas,Kim,jonas.kim1611@example.com,US,2025-01-23,2025-02-03 00:00:00
C-01612,Yuki,Clark,yuki.clark1612@example.com,US,2024-07-17,2025-01-29 00:00:00
C-01613,Amara,Jackson,amara.jackson1613@example.com,US,2024-07-12,2024-10-21 00:00:00
C-01614,Theo,Novak,theo.novak1614@example.com,US,2025-01-22,2025-08-06 00:00:00
C-01615,Ethan,Muller,ethan.muller1615@example.com,AU,2024-11-26,2024-12-24 00:00:00
C-01616,Liam,Johnson,liam.johnson1616@example.com,US,2025-04-16,2026-01-25 00:00:00
C-01617,Marco,Iyer,marco.iyer1617@example.com,US,2025-05-22,2026-01-01 00:00:00
C-01618,Diego,Rossi,diego.rossi1618@example.com,US,2024-11-08,2025-07-28 00:00:00
C-01619,Mira,Khan,mira.khan1619@example.com,US,2024-12-13,2025-01-22 00:00:00
C-01620,Ivy,Lewis,ivy.lewis1620@example.com,CA,2025-05-07,2025-08-11 00:00:00
C-01621,Zoe,Davis,zoe.davis1621@example.com,AU,2025-06-11,2025-09-29 00:00:00
C-01622,Marco,Clark,marco.clark1622@example.com,US,2025-05-14,2025-10-22 00:00:00
C-01623,Ivy,Haddad,ivy.haddad1623@example.com,US,2024-12-04,2025-03-03 00:00:00
C-01624,Ethan,Rossi,ethan.rossi1624@example.com,IN,2025-05-01,2025-05-19 00:00:00
C-01625,June,Chen,june.chen1625@example.com,US,2024-12-05,2025-03-25 00:00:00
C-01626,Kofi,Wilson,kofi.wilson1626@example.com,US,2025-01-04,2025-03-21 00:00:00
C-01627,Marco,Lewis,marco.lewis1627@example.com,US,2025-02-21,2025-06-16 00:00:00
C-01628,Noah,Lee,noah.lee1628@example.com,US,2024-08-15,2024-10-13 00:00:00
C-01629,Lena,Brown,lena.brown1629@example.com,UK,2025-03-06,2025-05-23 00:00:00
C-01630,Sofia,Martinez,sofia.martinez1630@example.com,CA,2024-10-01,2025-04-07 00:00:00
C-01631,Ivy,Muller,ivy.muller1631@example.com,US,2024-10-10,2025-02-03 00:00:00
C-01632,Cleo,Brown,cleo.brown1632@example.com,US,2024-09-06,2024-12-18 00:00:00
C-01633,Ivy,Martin,ivy.martin1633@example.com,US,2025-03-05,2025-08-12 00:00:00
C-01634,Ali,Costa,ali.costa1634@example.com,UK,2025-07-05,2026-02-21 00:00:00
C-01635,Maya,Walker,maya.walker1635@example.com,US,2024-06-07,2024-09-28 00:00:00
C-01636,Lucas,Iyer,lucas.iyer1636@example.com,AU,2024-09-24,2025-03-19 00:00:00
C-01637,Kofi,Harris,kofi.harris1637@example.com,US,2024-09-15,2025-07-01 00:00:00
C-01638,Mira,Costa,mira.costa1638@example.com,US,2024-09-28,2025-03-03 00:00:00
C-01639,Noah,Davis,noah.davis1639@example.com,AU,2024-07-20,2025-04-18 00:00:00
C-01640,Omar,Haddad,omar.haddad1640@example.com,US,2025-05-31,2026-01-24 00:00:00
C-01641,Kai,Martin,kai.martin1641@example.com,US,2024-10-19,2024-11-05 00:00:00
C-01642,Amara,Garcia,amara.garcia1642@example.com,US,2025-03-12,2025-07-18 00:00:00
C-01643,Lena,Harris,lena.harris1643@example.com,DE,2025-07-02,2026-01-27 00:00:00
C-01644,Hana,Taylor,,DE,2025-01-02,2025-10-25 00:00:00
C-01645,Tara,Costa,tara.costa1645@example.com,US,2025-04-17,2025-09-01 00:00:00
C-01646,Rosa,Taylor,rosa.taylor1646@example.com,US,2024-06-08,2024-07-05 00:00:00
C-01647,June,Nguyen,june.nguyen1647@example.com,AU,2024-11-25,2025-05-12 00:00:00
C-01648,Yuki,White,yuki.white1648@example.com,CA,2024-06-13,2024-07-20 00:00:00
C-01649,Sofia,Jackson,sofia.jackson1649@example.com,US,2025-03-09,2025-10-20 00:00:00
C-01650,Mateo,Okafor,mateo.okafor1650@example.com,BR,2024-06-12,2024-11-11 00:00:00
C-01651,Nora,Patel,nora.patel1651@example.com,CA,2024-07-03,2025-02-05 00:00:00
C-01652,Priya,Silva,priya.silva1652@example.com,US,2025-04-30,2026-01-15 00:00:00
C-01653,Amara,Nguyen,amara.nguyen1653@example.com,US,2025-01-26,2025-08-02 00:00:00
C-01654,Kai,Nguyen,kai.nguyen1654@example.com,US,2025-06-06,2025-12-06 00:00:00
C-01655,Nina,Lee,nina.lee1655@example.com,US,2024-11-26,2025-07-10 00:00:00
C-01656,Hana,Novak,,US,2025-01-23,2025-10-02 00:00:00
C-01657,Hana,Martin,hana.martin1657@example.com,CA,2024-12-27,2025-09-13 00:00:00
C-01658,Kai,Moore,kai.moore1658@example.com,UK,2024-06-18,2024-06-28 00:00:00
C-01659,Ethan,White,ethan.white1659@example.com,UK,2024-07-10,2024-12-23 00:00:00
C-01660,Marco,Iyer,marco.iyer1660@example.com,US,2025-03-11,2025-05-14 00:00:00
C-01661,Aisha,Patel,aisha.patel1661@example.com,US,2024-08-02,2025-04-17 00:00:00
C-01662,Lucas,Martin,lucas.martin1662@example.com,US,2025-03-28,2025-10-08 00:00:00
C-01663,Ivy,Garcia,ivy.garcia1663@example.com,CA,2024-12-13,2025-04-18 00:00:00
C-01664,Diego,Iyer,diego.iyer1664@example.com,US,2024-06-09,2024-08-04 00:00:00
C-01665,June,Ali,june.ali1665@example.com,UK,2025-05-25,2025-09-03 00:00:00
C-01666,Lena,Weber,lena.weber1666@example.com,US,2025-03-09,2025-10-06 00:00:00
C-01667,Sam,Smith,sam.smith1667@example.com,US,2024-10-02,2024-12-02 00:00:00
C-01668,Kai,Taylor,kai.taylor1668@example.com,US,2025-03-04,2025-04-01 00:00:00
C-01669,Hana,Clark,hana.clark1669@example.com,US,2024-12-15,2025-09-07 00:00:00
C-01670,Mira,Smith,mira.smith1670@example.com,CA,2025-03-12,2025-10-27 00:00:00
C-01671,Theo,Rossi,theo.rossi1671@example.com,US,2024-07-04,2024-09-01 00:00:00
C-01672,Lucas,Ali,lucas.ali1672@example.com,AU,2024-09-19,2024-12-15 00:00:00
C-01673,Kai,Patel,kai.patel1673@example.com,US,2024-08-17,2025-06-04 00:00:00
C-01674,Lucas,Kim,lucas.kim1674@example.com,US,2024-08-05,2025-03-05 00:00:00
C-01675,Amara,Khan,amara.khan1675@example.com,DE,2025-01-21,2025-07-23 00:00:00
C-01676,Maya,Khan,maya.khan1676@example.com,US,2024-08-25,2024-11-25 00:00:00
C-01677,Yuki,Wilson,yuki.wilson1677@example.com,US,2025-01-29,2025-04-28 00:00:00
C-01678,Lena,Patel,lena.patel1678@example.com,US,2025-03-05,2025-03-16 00:00:00
C-01679,Anya,Costa,anya.costa1679@example.com,US,2024-06-30,2025-02-03 00:00:00
C-01680,Sofia,Lewis,sofia.lewis1680@example.com,US,2025-02-02,2025-02-14 00:00:00
C-01681,Anya,Miller,anya.miller1681@example.com,US,2025-05-26,2025-05-27 00:00:00
C-01682,Omar,Muller,omar.muller1682@example.com,US,2025-06-18,2026-01-22 00:00:00
C-01683,Ravi,Kim,ravi.kim1683@example.com,US,2025-07-01,2026-04-11 00:00:00
C-01684,Omar,Dubois,omar.dubois1684@example.com,US,2024-10-04,2025-05-18 00:00:00
C-01685,June,Miller,june.miller1685@example.com,DE,2024-08-24,2025-01-12 00:00:00
C-01686,Wren,Thomas,,US,2024-09-05,2025-01-28 00:00:00
C-01687,Elena,Moore,elena.moore1687@example.com,US,2025-05-15,2025-09-22 00:00:00
C-01688,Hana,White,hana.white1688@example.com,US,2024-07-07,2024-10-12 00:00:00
C-01689,Lena,Silva,lena.silva1689@example.com,US,2025-04-11,2025-09-14 00:00:00
C-01690,Dante,Chen,dante.chen1690@example.com,CA,2025-01-11,2025-05-20 00:00:00
C-01691,Jonas,Walker,jonas.walker1691@example.com,US,2024-09-26,2025-03-24 00:00:00
C-01692,Sam,Thomas,sam.thomas1692@example.com,CA,2025-02-09,2025-11-05 00:00:00
C-01693,Ravi,Smith,ravi.smith1693@example.com,US,2025-02-03,2025-11-28 00:00:00
C-01694,Lucas,Clark,lucas.clark1694@example.com,US,2025-04-27,2025-05-20 00:00:00
C-01695,Ethan,Wilson,ethan.wilson1695@example.com,JP,2024-11-04,2025-02-27 00:00:00
C-01696,Dante,Silva,dante.silva1696@example.com,US,2024-06-02,2024-07-26 00:00:00
C-01697,Dante,Patel,dante.patel1697@example.com,US,2025-04-01,2025-07-15 00:00:00
C-01698,Marco,Muller,marco.muller1698@example.com,US,2024-07-30,2024-10-24 00:00:00
C-01699,Kai,Martinez,kai.martinez1699@example.com,US,2024-09-18,2024-11-09 00:00:00
C-01700,June,Martin,june.martin1700@example.com,US,2024-07-11,2025-02-25 00:00:00
C-01701,Kofi,Costa,kofi.costa1701@example.com,CA,2025-04-26,2025-09-21 00:00:00
C-01702,Priya,Nguyen,priya.nguyen1702@example.com,DE,2025-02-02,2025-11-04 00:00:00
C-01703,Marco,Ali,marco.ali1703@example.com,IN,2025-05-04,2025-05-13 00:00:00
C-01704,Theo,Clark,theo.clark1704@example.com,US,2025-06-17,2025-07-07 00:00:00
C-01705,Diego,Lee,diego.lee1705@example.com,US,2024-06-11,2024-10-09 00:00:00
C-01706,Jonas,Silva,jonas.silva1706@example.com,US,2025-03-26,2025-04-19 00:00:00
C-01707,Marco,Lewis,marco.lewis1707@example.com,US,2024-09-26,2024-12-13 00:00:00
C-01708,Aisha,Novak,aisha.novak1708@example.com,US,2024-11-06,2025-08-28 00:00:00
C-01709,Cleo,Ali,cleo.ali1709@example.com,US,2024-10-11,2024-12-12 00:00:00
C-01710,Cleo,Garcia,cleo.garcia1710@example.com,US,2024-07-19,2024-09-16 00:00:00
C-01711,Anya,Haddad,anya.haddad1711@example.com,US,2024-07-24,2025-01-12 00:00:00
C-01712,Yuki,Anderson,yuki.anderson1712@example.com,US,2024-11-16,2025-04-14 00:00:00
C-01713,Ethan,Smith,ethan.smith1713@example.com,US,2025-04-29,2025-10-20 00:00:00
C-01714,Amara,Lewis,,BR,2024-08-02,2024-11-23 00:00:00
C-01715,Tara,Clark,tara.clark1715@example.com,US,2024-10-04,2025-06-09 00:00:00
C-01716,Lena,Garcia,lena.garcia1716@example.com,US,2024-10-01,2024-11-11 00:00:00
C-01717,Diego,Martin,diego.martin1717@example.com,UK,2025-03-22,2025-07-28 00:00:00
C-01718,Theo,Rossi,theo.rossi1718@example.com,CA,2024-07-09,2025-01-31 00:00:00
C-01719,Nora,Patel,nora.patel1719@example.com,AU,2024-08-24,2025-05-11 00:00:00
C-01720,Theo,Miller,theo.miller1720@example.com,IN,2025-04-29,2025-08-17 00:00:00
C-01721,Anya,Walker,,US,2025-01-09,2025-06-28 00:00:00
C-01722,Amara,Martinez,amara.martinez1722@example.com,US,2025-02-17,2025-03-09 00:00:00
C-01723,Zoe,Wilson,zoe.wilson1723@example.com,US,2024-10-08,2024-11-28 00:00:00
C-01724,Leo,Nguyen,leo.nguyen1724@example.com,US,2025-03-06,2025-03-26 00:00:00
C-01725,Amara,Wilson,amara.wilson1725@example.com,US,2024-12-24,2025-07-30 00:00:00
C-01726,Ravi,Robinson,ravi.robinson1726@example.com,US,2025-06-15,2025-09-09 00:00:00
C-01727,Tara,Weber,tara.weber1727@example.com,US,2024-06-04,2025-01-07 00:00:00
C-01728,Omar,Patel,omar.patel1728@example.com,CA,2024-06-01,2024-06-20 00:00:00
C-01729,Hana,Okafor,hana.okafor1729@example.com,UK,2025-07-02,2026-03-17 00:00:00
C-01730,Jonas,Kim,jonas.kim1730@example.com,CA,2025-03-11,2025-11-16 00:00:00
C-01731,Mira,Nguyen,mira.nguyen1731@example.com,CA,2024-07-01,2024-07-27 00:00:00
C-01732,Cleo,Davis,cleo.davis1732@example.com,US,2024-09-29,2024-10-06 00:00:00
C-01733,Ava,Miller,ava.miller1733@example.com,US,2025-05-22,2025-06-07 00:00:00
C-01734,Hana,Miller,,US,2025-01-04,2025-09-17 00:00:00
C-01735,Mira,Chen,mira.chen1735@example.com,US,2025-03-21,2025-05-30 00:00:00
C-01736,Mateo,Anderson,mateo.anderson1736@example.com,US,2024-12-06,2025-05-19 00:00:00
C-01737,Ava,Silva,ava.silva1737@example.com,US,2025-04-04,2025-08-09 00:00:00
C-01738,Ivy,Harris,ivy.harris1738@example.com,US,2024-09-23,2025-05-19 00:00:00
C-01739,Aisha,Thomas,aisha.thomas1739@example.com,US,2025-05-21,2025-10-14 00:00:00
C-01740,Dante,Muller,dante.muller1740@example.com,UK,2024-06-12,2024-11-09 00:00:00
C-01741,Arjun,Johnson,arjun.johnson1741@example.com,BR,2025-05-22,2026-03-14 00:00:00
C-01742,Lena,Patel,lena.patel1742@example.com,AU,2024-11-08,2024-12-23 00:00:00
C-01743,Nora,Rossi,nora.rossi1743@example.com,US,2025-01-15,2025-09-21 00:00:00
C-01744,Sofia,Taylor,sofia.taylor1744@example.com,US,2025-06-14,2025-06-29 00:00:00
C-01745,Maya,Johnson,maya.johnson1745@example.com,US,2024-09-25,2025-02-15 00:00:00
C-01746,Dante,Rossi,dante.rossi1746@example.com,CA,2024-07-10,2025-04-01 00:00:00
C-01747,Mira,Dubois,mira.dubois1747@example.com,IN,2024-07-15,2025-01-30 00:00:00
C-01748,Hana,Garcia,hana.garcia1748@example.com,IN,2025-06-03,2025-12-25 00:00:00
C-01749,Marco,Dubois,marco.dubois1749@example.com,US,2025-04-02,2025-06-19 00:00:00
C-01750,Liam,Dubois,liam.dubois1750@example.com,US,2025-04-27,2025-08-30 00:00:00
C-01751,Ava,Novak,,US,2024-06-25,2024-10-12 00:00:00
C-01752,Lena,Walker,lena.walker1752@example.com,US,2024-10-18,2025-03-23 00:00:00
C-01753,Diego,Costa,diego.costa1753@example.com,US,2024-09-14,2025-01-30 00:00:00
C-01754,Lena,Novak,lena.novak1754@example.com,DE,2024-11-19,2025-02-25 00:00:00
C-01755,Jonas,Ali,jonas.ali1755@example.com,BR,2025-03-06,2025-06-05 00:00:00
C-01756,Lucas,Tanaka,lucas.tanaka1756@example.com,US,2025-04-03,2025-06-17 00:00:00
C-01757,Lena,Chen,lena.chen1757@example.com,US,2025-05-12,2025-08-29 00:00:00
C-01758,Jonas,Hall,jonas.hall1758@example.com,CA,2024-06-17,2024-07-31 00:00:00
C-01759,Mateo,Haddad,mateo.haddad1759@example.com,US,2025-04-19,2026-01-05 00:00:00
C-01760,Maya,Iyer,maya.iyer1760@example.com,US,2024-08-24,2025-02-20 00:00:00
C-01761,Lena,Garcia,lena.garcia1761@example.com,US,2025-01-16,2025-02-25 00:00:00
C-01762,Noah,Moore,noah.moore1762@example.com,US,2024-11-28,2025-06-24 00:00:00
C-01763,Ivy,Haddad,ivy.haddad1763@example.com,US,2025-06-22,2026-03-03 00:00:00
C-01764,Noah,Garcia,noah.garcia1764@example.com,US,2024-07-10,2024-09-19 00:00:00
C-01765,Yuki,Rossi,yuki.rossi1765@example.com,US,2024-11-22,2025-01-06 00:00:00
C-01766,Leo,Anderson,leo.anderson1766@example.com,US,2025-01-15,2025-01-17 00:00:00
C-01767,Kai,Kim,,UK,2024-07-16,2024-07-30 00:00:00
C-01768,Sam,Okafor,sam.okafor1768@example.com,US,2024-09-27,2025-05-13 00:00:00
C-01769,Ali,Muller,ali.muller1769@example.com,US,2024-08-10,2025-06-02 00:00:00
C-01770,Mira,Wilson,mira.wilson1770@example.com,US,2024-09-16,2024-09-29 00:00:00
C-01771,Priya,Patel,priya.patel1771@example.com,BR,2024-10-13,2025-05-25 00:00:00
C-01772,Sofia,Davis,sofia.davis1772@example.com,US,2024-07-13,2024-08-03 00:00:00
C-01773,June,Martinez,june.martinez1773@example.com,US,2025-05-06,2025-10-30 00:00:00
C-01774,Dante,Okafor,dante.okafor1774@example.com,US,2024-10-16,2025-05-30 00:00:00
C-01775,Priya,Dubois,priya.dubois1775@example.com,CA,2025-05-04,2025-08-19 00:00:00
C-01776,Lucas,Kim,lucas.kim1776@example.com,UK,2025-01-11,2025-01-14 00:00:00
C-01777,Nora,Chen,nora.chen1777@example.com,US,2024-10-01,2025-03-28 00:00:00
C-01778,Zoe,Robinson,zoe.robinson1778@example.com,US,2024-08-18,2025-06-11 00:00:00
C-01779,Diego,Chen,diego.chen1779@example.com,US,2025-06-24,2025-09-09 00:00:00
C-01780,Maya,Dubois,maya.dubois1780@example.com,CA,2024-11-06,2025-01-01 00:00:00
C-01781,Elena,Clark,elena.clark1781@example.com,US,2024-12-19,2025-01-25 00:00:00
C-01782,Arjun,Rossi,arjun.rossi1782@example.com,US,2024-11-04,2025-04-19 00:00:00
C-01783,Diego,Anderson,diego.anderson1783@example.com,US,2025-01-31,2025-07-28 00:00:00
C-01784,Liam,Johnson,liam.johnson1784@example.com,AU,2024-08-28,2025-04-22 00:00:00
C-01785,Sofia,Costa,,CA,2025-03-04,2025-10-15 00:00:00
C-01786,Noah,Chen,noah.chen1786@example.com,US,2024-12-05,2025-08-29 00:00:00
C-01787,Mira,Robinson,mira.robinson1787@example.com,US,2024-11-03,2025-07-02 00:00:00
C-01788,Amara,Jackson,amara.jackson1788@example.com,US,2024-08-21,2024-11-03 00:00:00
C-01789,Rosa,Moore,rosa.moore1789@example.com,US,2024-12-28,2025-06-12 00:00:00
C-01790,Omar,Ali,,CA,2025-03-26,2025-06-23 00:00:00
C-01791,Omar,Lee,omar.lee1791@example.com,US,2025-05-16,2025-08-22 00:00:00
C-01792,Cleo,Garcia,cleo.garcia1792@example.com,US,2024-12-31,2025-10-06 00:00:00
C-01793,Elena,Weber,elena.weber1793@example.com,US,2025-01-02,2025-07-25 00:00:00
C-01794,Dante,Clark,dante.clark1794@example.com,US,2025-05-30,2026-03-18 00:00:00
C-01795,Maya,Robinson,maya.robinson1795@example.com,US,2024-12-17,2025-04-21 00:00:00
C-01796,Mateo,Iyer,mateo.iyer1796@example.com,US,2024-08-18,2025-01-26 00:00:00
C-01797,Noah,Novak,noah.novak1797@example.com,US,2025-06-03,2025-10-27 00:00:00
C-01798,Theo,Rossi,,US,2024-10-18,2024-11-19 00:00:00
C-01799,Ali,Wilson,ali.wilson1799@example.com,AU,2024-11-03,2025-01-13 00:00:00
C-01800,Rosa,Tanaka,rosa.tanaka1800@example.com,US,2025-06-26,2025-12-01 00:00:00
C-01801,Wren,Costa,wren.costa1801@example.com,US,2024-07-25,2024-08-14 00:00:00
C-01802,Ava,Miller,ava.miller1802@example.com,US,2025-05-07,2026-02-10 00:00:00
C-01803,Kai,Tanaka,kai.tanaka1803@example.com,US,2025-04-02,2025-05-09 00:00:00
C-01804,June,Muller,june.muller1804@example.com,AU,2024-07-10,2024-09-07 00:00:00
C-01805,Marco,Tanaka,marco.tanaka1805@example.com,UK,2025-03-28,2025-11-12 00:00:00
C-01806,Ali,Clark,ali.clark1806@example.com,US,2025-05-02,2025-05-31 00:00:00
C-01807,Ivy,Brown,ivy.brown1807@example.com,CA,2024-08-01,2025-04-28 00:00:00
C-01808,Hana,Silva,hana.silva1808@example.com,DE,2025-06-07,2026-01-10 00:00:00
C-01809,Lena,Wilson,lena.wilson1809@example.com,US,2024-07-13,2024-08-02 00:00:00
C-01810,Ethan,Martin,ethan.martin1810@example.com,US,2024-06-23,2025-01-16 00:00:00
C-01811,Kai,Chen,kai.chen1811@example.com,DE,2025-05-05,2025-11-10 00:00:00
C-01812,Kai,Costa,,US,2024-09-13,2025-04-28 00:00:00
C-01813,Kai,Taylor,kai.taylor1813@example.com,US,2024-06-24,2025-02-27 00:00:00
C-01814,Zoe,Silva,,US,2025-05-23,2025-12-24 00:00:00
C-01815,Cleo,Taylor,cleo.taylor1815@example.com,US,2025-05-18,2025-11-09 00:00:00
C-01816,Sofia,Patel,sofia.patel1816@example.com,US,2024-12-05,2025-03-11 00:00:00
C-01817,Marco,Garcia,marco.garcia1817@example.com,US,2025-06-04,2025-12-30 00:00:00
C-01818,Maya,Dubois,maya.dubois1818@example.com,US,2024-08-16,2025-05-30 00:00:00
C-01819,Dante,Silva,dante.silva1819@example.com,CA,2024-06-24,2024-12-17 00:00:00
C-01820,Ava,Patel,ava.patel1820@example.com,US,2024-08-16,2025-03-03 00:00:00
C-01821,Theo,Davis,theo.davis1821@example.com,US,2024-11-13,2025-03-24 00:00:00
C-01822,Nora,Dubois,nora.dubois1822@example.com,CA,2025-02-24,2025-10-08 00:00:00
C-01823,Arjun,Johnson,arjun.johnson1823@example.com,US,2024-10-31,2025-08-26 00:00:00
C-01824,Mateo,Novak,,AU,2024-12-17,2025-02-03 00:00:00
C-01825,Dante,Robinson,dante.robinson1825@example.com,US,2024-06-03,2024-08-02 00:00:00
C-01826,Priya,Robinson,priya.robinson1826@example.com,US,2025-03-04,2025-08-12 00:00:00
C-01827,Victor,Silva,,US,2024-10-14,2025-03-07 00:00:00
C-01828,Liam,Haddad,liam.haddad1828@example.com,US,2025-05-02,2025-10-20 00:00:00
C-01829,Leo,Costa,leo.costa1829@example.com,UK,2024-06-24,2024-07-08 00:00:00
C-01830,Marco,Rossi,marco.rossi1830@example.com,US,2024-12-10,2025-04-10 00:00:00
C-01831,Ivy,Muller,ivy.muller1831@example.com,US,2025-05-07,2025-10-28 00:00:00
C-01832,Leo,Smith,leo.smith1832@example.com,US,2025-03-30,2025-09-21 00:00:00
C-01833,Aisha,Khan,aisha.khan1833@example.com,CA,2024-10-17,2025-05-02 00:00:00
C-01834,Mateo,Ali,mateo.ali1834@example.com,US,2025-02-04,2025-09-08 00:00:00
C-01835,Ali,Ali,ali.ali1835@example.com,US,2024-08-15,2025-02-23 00:00:00
C-01836,Yuki,Hall,yuki.hall1836@example.com,US,2024-09-23,2025-05-18 00:00:00
C-01837,Priya,Iyer,priya.iyer1837@example.com,UK,2025-04-16,2025-10-20 00:00:00
C-01838,Aisha,Tanaka,aisha.tanaka1838@example.com,AU,2025-06-14,2025-11-22 00:00:00
C-01839,Zoe,Patel,zoe.patel1839@example.com,US,2024-06-11,2024-12-09 00:00:00
C-01840,Mateo,Brown,mateo.brown1840@example.com,US,2025-04-08,2025-05-08 00:00:00
C-01841,Diego,Smith,diego.smith1841@example.com,US,2024-07-12,2024-10-01 00:00:00
C-01842,Dante,Silva,dante.silva1842@example.com,US,2025-05-04,2025-10-09 00:00:00
C-01843,Kai,Moore,kai.moore1843@example.com,US,2025-06-26,2026-03-14 00:00:00
C-01844,Lena,Harris,lena.harris1844@example.com,US,2025-01-08,2025-07-30 00:00:00
C-01845,Ali,Davis,ali.davis1845@example.com,UK,2024-10-11,2024-11-07 00:00:00
C-01846,Ravi,Moore,ravi.moore1846@example.com,US,2024-11-07,2025-05-03 00:00:00
C-01847,Theo,Robinson,theo.robinson1847@example.com,US,2024-08-12,2024-10-17 00:00:00
C-01848,Ivy,Moore,ivy.moore1848@example.com,AU,2024-06-06,2025-01-12 00:00:00
C-01849,Victor,Martinez,victor.martinez1849@example.com,AU,2025-05-26,2026-01-29 00:00:00
C-01850,Ivy,Khan,ivy.khan1850@example.com,US,2024-10-30,2025-04-26 00:00:00
C-01851,Omar,Garcia,omar.garcia1851@example.com,US,2025-06-20,2025-12-14 00:00:00
C-01852,Sofia,Rossi,,US,2024-09-27,2025-01-06 00:00:00
C-01853,Aisha,Dubois,aisha.dubois1853@example.com,US,2025-03-18,2025-07-29 00:00:00
C-01854,Rosa,Anderson,rosa.anderson1854@example.com,US,2025-05-01,2026-01-15 00:00:00
C-01855,Noah,Dubois,noah.dubois1855@example.com,AU,2024-06-15,2025-01-17 00:00:00
C-01856,Mateo,Moore,mateo.moore1856@example.com,AU,2024-10-26,2025-03-30 00:00:00
C-01857,Lena,Wilson,,US,2024-09-14,2025-01-02 00:00:00
C-01858,June,Smith,june.smith1858@example.com,CA,2024-10-11,2024-10-26 00:00:00
C-01859,Amara,Garcia,amara.garcia1859@example.com,US,2025-04-10,2025-05-22 00:00:00
C-01860,Ethan,Novak,,CA,2024-10-29,2024-12-25 00:00:00
C-01861,Victor,Silva,victor.silva1861@example.com,US,2024-08-04,2024-11-24 00:00:00
C-01862,Sofia,Martinez,sofia.martinez1862@example.com,US,2025-06-03,2026-03-13 00:00:00
C-01863,Diego,Anderson,diego.anderson1863@example.com,US,2024-10-31,2025-03-31 00:00:00
C-01864,Ava,Costa,ava.costa1864@example.com,US,2025-06-30,2025-09-08 00:00:00
C-01865,Maya,Walker,maya.walker1865@example.com,US,2025-06-13,2025-07-14 00:00:00
C-01866,Amara,Patel,amara.patel1866@example.com,US,2024-08-30,2024-12-09 00:00:00
C-01867,Cleo,Clark,cleo.clark1867@example.com,US,2024-06-15,2025-02-14 00:00:00
C-01868,Kofi,Garcia,kofi.garcia1868@example.com,US,2025-05-09,2025-09-01 00:00:00
C-01869,Lena,Johnson,lena.johnson1869@example.com,US,2025-05-01,2025-12-18 00:00:00
C-01870,Anya,Moore,anya.moore1870@example.com,US,2025-04-17,2025-12-13 00:00:00
C-01871,Omar,Taylor,omar.taylor1871@example.com,US,2025-01-16,2025-02-18 00:00:00
C-01872,Hana,Ali,hana.ali1872@example.com,CA,2025-06-05,2025-12-04 00:00:00
C-01873,Ali,Smith,ali.smith1873@example.com,US,2025-05-27,2026-03-10 00:00:00
C-01874,Diego,Brown,diego.brown1874@example.com,US,2024-08-14,2024-12-12 00:00:00
C-01875,Marco,Johnson,,US,2024-08-16,2024-08-31 00:00:00
C-01876,Lena,Chen,lena.chen1876@example.com,US,2025-06-22,2026-03-25 00:00:00
C-01877,Zoe,Wilson,zoe.wilson1877@example.com,US,2025-06-08,2026-02-28 00:00:00
C-01878,Liam,Novak,liam.novak1878@example.com,US,2025-02-15,2025-07-21 00:00:00
C-01879,Priya,Smith,priya.smith1879@example.com,US,2025-07-02,2025-12-14 00:00:00
C-01880,Yuki,Chen,yuki.chen1880@example.com,UK,2025-02-12,2025-04-16 00:00:00
C-01881,Maya,Novak,maya.novak1881@example.com,CA,2025-03-26,2025-11-26 00:00:00
C-01882,Kofi,Kim,kofi.kim1882@example.com,US,2025-02-27,2025-07-26 00:00:00
C-01883,Maya,Nguyen,maya.nguyen1883@example.com,US,2024-08-19,2024-08-29 00:00:00
C-01884,Ava,Miller,ava.miller1884@example.com,US,2025-02-06,2025-08-29 00:00:00
C-01885,Jonas,Chen,jonas.chen1885@example.com,US,2025-04-06,2026-01-16 00:00:00
C-01886,Leo,Dubois,leo.dubois1886@example.com,US,2024-12-16,2025-08-21 00:00:00
C-01887,Nina,Anderson,nina.anderson1887@example.com,US,2025-03-14,2025-06-05 00:00:00
C-01888,Priya,Garcia,priya.garcia1888@example.com,US,2025-05-05,2025-05-20 00:00:00
C-01889,Liam,Lee,liam.lee1889@example.com,US,2025-01-26,2025-11-04 00:00:00
C-01890,June,Kim,june.kim1890@example.com,US,2025-02-19,2025-11-27 00:00:00
C-01891,Cleo,Khan,cleo.khan1891@example.com,US,2024-06-23,2024-11-29 00:00:00
C-01892,Ivy,Okafor,ivy.okafor1892@example.com,UK,2025-04-09,2025-10-18 00:00:00
C-01893,Mateo,Johnson,mateo.johnson1893@example.com,US,2025-05-19,2025-10-04 00:00:00
C-01894,Anya,Walker,anya.walker1894@example.com,BR,2025-03-01,2025-07-04 00:00:00
C-01895,Nina,Jackson,nina.jackson1895@example.com,US,2025-05-15,2025-06-19 00:00:00
C-01896,Tara,Wilson,tara.wilson1896@example.com,US,2024-09-10,2024-10-09 00:00:00
C-01897,Maya,Moore,maya.moore1897@example.com,CA,2025-03-08,2025-05-16 00:00:00
C-01898,Ali,Smith,ali.smith1898@example.com,CA,2024-10-05,2025-06-12 00:00:00
C-01899,Mira,Muller,mira.muller1899@example.com,US,2024-10-23,2024-12-05 00:00:00
C-01900,Yuki,Clark,yuki.clark1900@example.com,US,2024-06-09,2024-08-16 00:00:00
C-01901,Mira,Muller,mira.muller1901@example.com,US,2025-06-01,2025-11-12 00:00:00
C-01902,Tara,Johnson,,CA,2025-07-03,2025-09-05 00:00:00
C-01903,Aisha,Miller,aisha.miller1903@example.com,US,2024-10-19,2024-12-06 00:00:00
C-01904,Cleo,Tanaka,cleo.tanaka1904@example.com,US,2024-11-07,2025-04-24 00:00:00
C-01905,Arjun,Dubois,arjun.dubois1905@example.com,CA,2025-04-20,2025-08-08 00:00:00
C-01906,Mira,Kim,mira.kim1906@example.com,US,2025-04-05,2025-10-09 00:00:00
C-01907,Hana,Anderson,hana.anderson1907@example.com,UK,2024-09-25,2025-06-25 00:00:00
C-01908,Sofia,Jackson,sofia.jackson1908@example.com,CA,2024-11-21,2025-01-05 00:00:00
C-01909,Sam,Wilson,sam.wilson1909@example.com,US,2025-06-21,2026-03-22 00:00:00
C-01910,Jonas,Jackson,jonas.jackson1910@example.com,UK,2024-06-20,2025-03-17 00:00:00
C-01911,Maya,Hall,maya.hall1911@example.com,US,2025-06-14,2026-02-17 00:00:00
C-01912,Ravi,Clark,,US,2024-09-10,2025-03-18 00:00:00
C-01913,Tara,Moore,tara.moore1913@example.com,US,2025-01-02,2025-07-07 00:00:00
C-01914,Zoe,Haddad,zoe.haddad1914@example.com,US,2025-02-02,2025-08-12 00:00:00
C-01915,Ethan,Miller,ethan.miller1915@example.com,UK,2024-12-23,2025-07-18 00:00:00
C-01916,Theo,White,theo.white1916@example.com,US,2024-12-28,2025-01-01 00:00:00
C-01917,Priya,Taylor,priya.taylor1917@example.com,US,2024-06-15,2025-03-29 00:00:00
C-01918,Hana,Davis,,US,2025-05-30,2025-11-21 00:00:00
C-01919,Ali,Martin,ali.martin1919@example.com,IN,2024-08-09,2025-03-31 00:00:00
C-01920,Diego,Rossi,diego.rossi1920@example.com,US,2024-07-28,2024-11-18 00:00:00
C-01921,Theo,Silva,theo.silva1921@example.com,US,2024-10-10,2024-10-13 00:00:00
C-01922,Omar,Brown,omar.brown1922@example.com,CA,2025-04-19,2025-09-18 00:00:00
C-01923,Marco,Nguyen,marco.nguyen1923@example.com,US,2024-10-05,2025-03-06 00:00:00
C-01924,Lena,Harris,lena.harris1924@example.com,US,2024-06-01,2024-10-10 00:00:00
C-01925,Liam,Thomas,liam.thomas1925@example.com,UK,2024-12-25,2025-04-05 00:00:00
C-01926,Kai,Khan,kai.khan1926@example.com,US,2025-04-29,2025-07-12 00:00:00
C-01927,Hana,Khan,hana.khan1927@example.com,AU,2024-07-26,2024-12-31 00:00:00
C-01928,Arjun,Anderson,arjun.anderson1928@example.com,UK,2025-05-21,2025-09-10 00:00:00
C-01929,Elena,Ali,elena.ali1929@example.com,US,2024-06-19,2025-04-05 00:00:00
C-01930,Lena,Davis,lena.davis1930@example.com,US,2024-11-25,2025-01-15 00:00:00
C-01931,Amara,Chen,amara.chen1931@example.com,US,2025-02-02,2025-05-08 00:00:00
C-01932,Diego,Harris,diego.harris1932@example.com,US,2025-06-11,2025-09-07 00:00:00
C-01933,Lena,Miller,lena.miller1933@example.com,CA,2025-01-07,2025-06-18 00:00:00
C-01934,Marco,Patel,marco.patel1934@example.com,CA,2024-09-05,2025-02-01 00:00:00
C-01935,Nora,Smith,nora.smith1935@example.com,CA,2024-07-14,2025-01-23 00:00:00
C-01936,Wren,Silva,wren.silva1936@example.com,DE,2025-03-31,2026-01-10 00:00:00
C-01937,Sam,Patel,sam.patel1937@example.com,US,2024-10-09,2025-01-02 00:00:00
C-01938,Mateo,Martin,mateo.martin1938@example.com,US,2025-01-06,2025-08-01 00:00:00
C-01939,Victor,Tanaka,victor.tanaka1939@example.com,US,2025-07-02,2025-07-09 00:00:00
C-01940,Arjun,Dubois,arjun.dubois1940@example.com,UK,2024-09-04,2024-11-21 00:00:00
C-01941,June,Muller,,BR,2024-09-11,2025-01-28 00:00:00
C-01942,Nora,Anderson,nora.anderson1942@example.com,JP,2025-05-16,2025-05-25 00:00:00
C-01943,Amara,Walker,amara.walker1943@example.com,US,2025-04-23,2025-10-25 00:00:00
C-01944,Omar,Chen,omar.chen1944@example.com,CA,2025-02-02,2025-08-24 00:00:00
C-01945,Ava,Wilson,ava.wilson1945@example.com,US,2024-07-17,2025-02-26 00:00:00
C-01946,Yuki,Weber,yuki.weber1946@example.com,US,2024-09-08,2025-02-09 00:00:00
C-01947,Mira,White,mira.white1947@example.com,US,2025-02-26,2025-08-26 00:00:00
C-01948,Leo,Robinson,leo.robinson1948@example.com,IN,2024-10-08,2025-02-03 00:00:00
C-01949,Nina,Rossi,nina.rossi1949@example.com,US,2024-12-08,2024-12-20 00:00:00
C-01950,Lena,Wilson,lena.wilson1950@example.com,CA,2025-03-18,2025-04-16 00:00:00
C-01951,Amara,Robinson,amara.robinson1951@example.com,US,2024-12-01,2025-06-15 00:00:00
C-01952,Lena,Costa,lena.costa1952@example.com,US,2024-07-03,2025-04-27 00:00:00
C-01953,Ethan,Muller,ethan.muller1953@example.com,US,2024-10-29,2024-11-02 00:00:00
C-01954,Wren,Anderson,wren.anderson1954@example.com,BR,2025-02-19,2025-08-05 00:00:00
C-01955,Wren,Robinson,wren.robinson1955@example.com,US,2025-02-12,2025-09-25 00:00:00
C-01956,Jonas,Lee,jonas.lee1956@example.com,UK,2024-12-08,2025-08-13 00:00:00
C-01957,Tara,Anderson,tara.anderson1957@example.com,JP,2024-10-27,2025-04-08 00:00:00
C-01958,Cleo,Clark,cleo.clark1958@example.com,US,2024-08-03,2025-02-04 00:00:00
C-01959,Diego,Rossi,diego.rossi1959@example.com,US,2024-09-13,2025-04-10 00:00:00
C-01960,Victor,Taylor,,US,2025-04-17,2025-12-30 00:00:00
C-01961,Ivy,Garcia,ivy.garcia1961@example.com,UK,2025-06-07,2025-07-13 00:00:00
C-01962,Elena,Weber,elena.weber1962@example.com,US,2024-07-26,2025-04-29 00:00:00
C-01963,Ravi,Patel,ravi.patel1963@example.com,US,2024-10-31,2024-11-07 00:00:00
C-01964,Maya,Patel,,US,2024-09-23,2025-05-31 00:00:00
C-01965,Anya,Walker,anya.walker1965@example.com,US,2024-10-20,2024-11-12 00:00:00
C-01966,Kofi,Thomas,kofi.thomas1966@example.com,US,2025-03-16,2025-05-13 00:00:00
C-01967,Nora,Hall,nora.hall1967@example.com,US,2024-10-20,2024-10-21 00:00:00
C-01968,Kofi,Thomas,kofi.thomas1968@example.com,UK,2025-01-27,2025-06-09 00:00:00
C-01969,Marco,Ali,marco.ali1969@example.com,US,2025-05-13,2025-08-21 00:00:00
C-01970,Anya,Johnson,anya.johnson1970@example.com,US,2024-08-21,2024-10-09 00:00:00
C-01971,Sofia,Garcia,sofia.garcia1971@example.com,CA,2024-08-20,2025-01-02 00:00:00
C-01972,Hana,Tanaka,hana.tanaka1972@example.com,US,2024-07-05,2024-11-02 00:00:00
C-01973,Sam,Okafor,sam.okafor1973@example.com,US,2025-05-08,2025-12-24 00:00:00
C-01974,Lena,Patel,lena.patel1974@example.com,CA,2025-02-10,2025-11-04 00:00:00
C-01975,Mateo,Garcia,mateo.garcia1975@example.com,US,2025-04-09,2025-10-21 00:00:00
C-01976,Ethan,Lewis,ethan.lewis1976@example.com,BR,2025-05-12,2025-06-18 00:00:00
C-01977,Sofia,White,sofia.white1977@example.com,JP,2025-04-24,2025-07-21 00:00:00
C-01978,Leo,Ali,leo.ali1978@example.com,US,2025-03-21,2025-12-19 00:00:00
C-01979,Yuki,Chen,yuki.chen1979@example.com,US,2024-12-16,2025-01-11 00:00:00
C-01980,Marco,Tanaka,marco.tanaka1980@example.com,US,2024-10-27,2025-02-26 00:00:00
C-01981,Ethan,Silva,ethan.silva1981@example.com,UK,2025-06-10,2026-03-19 00:00:00
C-01982,June,Muller,june.muller1982@example.com,CA,2025-01-14,2025-10-26 00:00:00
C-01983,Lucas,Muller,lucas.muller1983@example.com,US,2024-11-22,2025-03-25 00:00:00
C-01984,Kai,Khan,,US,2025-05-01,2025-11-17 00:00:00
C-01985,Omar,Taylor,omar.taylor1985@example.com,US,2024-12-26,2025-05-12 00:00:00
C-01986,Victor,Smith,victor.smith1986@example.com,UK,2025-03-10,2025-10-22 00:00:00
C-01987,Zoe,Okafor,zoe.okafor1987@example.com,US,2024-12-14,2024-12-23 00:00:00
C-01988,Sam,Jackson,sam.jackson1988@example.com,US,2024-07-11,2024-08-23 00:00:00
C-01989,Yuki,Patel,yuki.patel1989@example.com,UK,2024-12-02,2025-06-04 00:00:00
C-01990,Kofi,Walker,kofi.walker1990@example.com,US,2025-04-18,2025-06-26 00:00:00
C-01991,Nina,Miller,nina.miller1991@example.com,CA,2025-04-11,2025-10-27 00:00:00
C-01992,Ali,Robinson,,US,2024-06-21,2024-10-04 00:00:00
C-01993,Elena,Rossi,elena.rossi1993@example.com,US,2024-09-30,2025-06-22 00:00:00
C-01994,Theo,Garcia,theo.garcia1994@example.com,IN,2025-06-04,2026-02-04 00:00:00
C-01995,Mateo,Okafor,mateo.okafor1995@example.com,US,2024-12-29,2025-05-25 00:00:00
C-01996,Omar,Garcia,omar.garcia1996@example.com,US,2024-10-03,2025-05-22 00:00:00
C-01997,Ethan,Dubois,ethan.dubois1997@example.com,US,2024-07-05,2024-09-24 00:00:00
C-01998,Nora,Khan,nora.khan1998@example.com,CA,2024-07-25,2024-12-20 00:00:00
C-01999,Tara,White,tara.white1999@example.com,US,2024-09-28,2024-11-26 00:00:00
C-02000,Lena,Garcia,lena.garcia2000@example.com,US,2024-10-29,2025-07-14 00:00:00
C-02001,Elena,Ali,elena.ali2001@example.com,AU,2025-01-10,2025-09-13 00:00:00
C-02002,Dante,Taylor,dante.taylor2002@example.com,BR,2025-06-01,2026-02-26 00:00:00
C-02003,June,Weber,june.weber2003@example.com,US,2024-10-19,2025-07-09 00:00:00
C-02004,Mira,Thomas,mira.thomas2004@example.com,US,2025-05-30,2026-03-13 00:00:00
C-02005,Ali,Iyer,ali.iyer2005@example.com,CA,2024-10-19,2024-12-26 00:00:00
C-02006,Priya,Walker,priya.walker2006@example.com,US,2025-01-20,2025-10-26 00:00:00
C-02007,Kofi,Miller,kofi.miller2007@example.com,UK,2025-05-27,2025-11-14 00:00:00
C-02008,Zoe,Jackson,zoe.jackson2008@example.com,US,2024-07-30,2024-12-03 00:00:00
C-02009,Jonas,Tanaka,jonas.tanaka2009@example.com,US,2025-03-13,2025-08-28 00:00:00
C-02010,Ali,Martinez,ali.martinez2010@example.com,US,2024-10-17,2025-01-27 00:00:00
C-02011,Lucas,Ali,lucas.ali2011@example.com,US,2024-06-24,2024-09-18 00:00:00
C-02012,Kai,Miller,kai.miller2012@example.com,US,2025-02-23,2025-05-06 00:00:00
C-02013,Aisha,Wilson,aisha.wilson2013@example.com,US,2025-07-03,2025-07-27 00:00:00
C-02014,Lucas,Patel,lucas.patel2014@example.com,US,2025-01-22,2025-06-19 00:00:00
C-02015,Nina,Okafor,nina.okafor2015@example.com,US,2025-04-30,2026-01-21 00:00:00
C-02016,Ivy,Clark,,US,2025-01-04,2025-07-12 00:00:00
C-02017,Ali,Okafor,ali.okafor2017@example.com,US,2025-03-07,2025-08-10 00:00:00
C-02018,Rosa,Iyer,rosa.iyer2018@example.com,UK,2024-08-13,2024-12-19 00:00:00
C-02019,Zoe,Lewis,zoe.lewis2019@example.com,US,2024-09-05,2025-01-22 00:00:00
C-02020,Lena,Brown,lena.brown2020@example.com,US,2025-02-02,2025-04-05 00:00:00
C-02021,Nora,Nguyen,nora.nguyen2021@example.com,US,2024-09-08,2025-05-12 00:00:00
C-02022,Maya,Iyer,maya.iyer2022@example.com,US,2024-10-30,2024-12-28 00:00:00
C-02023,Arjun,Johnson,arjun.johnson2023@example.com,CA,2025-03-13,2025-10-13 00:00:00
C-02024,Marco,Novak,marco.novak2024@example.com,US,2025-04-27,2025-12-10 00:00:00
C-02025,Liam,Lewis,liam.lewis2025@example.com,US,2025-07-02,2025-12-21 00:00:00
C-02026,Tara,Dubois,tara.dubois2026@example.com,US,2024-09-23,2025-06-08 00:00:00
C-02027,Maya,Robinson,maya.robinson2027@example.com,US,2024-09-14,2024-12-10 00:00:00
C-02028,Nina,Garcia,,US,2025-04-28,2026-01-17 00:00:00
C-02029,Victor,Weber,victor.weber2029@example.com,DE,2024-10-14,2025-05-20 00:00:00
C-02030,Leo,Taylor,,JP,2025-06-04,2026-01-29 00:00:00
C-02031,Sam,Martin,sam.martin2031@example.com,US,2024-06-02,2024-12-18 00:00:00
C-02032,Yuki,White,yuki.white2032@example.com,UK,2024-08-07,2025-04-17 00:00:00
C-02033,Lucas,Wilson,lucas.wilson2033@example.com,US,2024-06-27,2025-04-20 00:00:00
C-02034,Liam,Haddad,,US,2024-08-10,2024-12-14 00:00:00
C-02035,Sofia,Muller,sofia.muller2035@example.com,AU,2024-09-02,2025-05-04 00:00:00
C-02036,Lena,Haddad,lena.haddad2036@example.com,US,2024-11-05,2025-06-16 00:00:00
C-02037,Aisha,Robinson,aisha.robinson2037@example.com,AU,2024-06-27,2024-11-09 00:00:00
C-02038,Noah,Tanaka,noah.tanaka2038@example.com,US,2025-05-31,2026-03-05 00:00:00
C-02039,Lucas,Nguyen,lucas.nguyen2039@example.com,US,2024-08-23,2024-12-19 00:00:00
C-02040,Elena,Davis,elena.davis2040@example.com,US,2024-11-11,2025-04-29 00:00:00
C-02041,Dante,Johnson,dante.johnson2041@example.com,CA,2025-01-01,2025-02-01 00:00:00
C-02042,Cleo,Rossi,cleo.rossi2042@example.com,US,2025-04-02,2025-06-08 00:00:00
C-02043,June,Anderson,june.anderson2043@example.com,UK,2024-10-04,2025-06-13 00:00:00
C-02044,Lucas,Martinez,lucas.martinez2044@example.com,CA,2025-03-03,2025-06-29 00:00:00
C-02045,Diego,Martin,diego.martin2045@example.com,US,2025-05-31,2025-09-26 00:00:00
C-02046,Diego,Haddad,diego.haddad2046@example.com,BR,2025-01-13,2025-03-27 00:00:00
C-02047,Tara,Khan,tara.khan2047@example.com,US,2024-08-13,2025-01-07 00:00:00
C-02048,Omar,Smith,,US,2025-01-12,2025-09-10 00:00:00
C-02049,Noah,Okafor,,US,2024-11-04,2025-07-30 00:00:00
C-02050,Cleo,Moore,cleo.moore2050@example.com,US,2025-01-29,2025-02-19 00:00:00
C-02051,Nina,Okafor,nina.okafor2051@example.com,IN,2025-03-23,2025-09-11 00:00:00
C-02052,Anya,Garcia,anya.garcia2052@example.com,IN,2024-11-03,2025-03-23 00:00:00
C-02053,Yuki,White,yuki.white2053@example.com,US,2024-09-29,2025-04-01 00:00:00
C-02054,Priya,Dubois,priya.dubois2054@example.com,US,2025-01-13,2025-05-27 00:00:00
C-02055,Marco,Jackson,marco.jackson2055@example.com,US,2024-09-23,2025-01-20 00:00:00
C-02056,Nora,Taylor,nora.taylor2056@example.com,US,2024-12-17,2025-05-07 00:00:00
C-02057,Lena,Johnson,lena.johnson2057@example.com,CA,2024-10-02,2025-03-25 00:00:00
C-02058,Priya,Silva,priya.silva2058@example.com,US,2024-08-30,2025-01-27 00:00:00
C-02059,Lucas,Novak,,US,2024-07-19,2024-12-07 00:00:00
C-02060,Kai,Iyer,,UK,2025-04-10,2025-12-11 00:00:00
C-02061,Anya,Jackson,anya.jackson2061@example.com,US,2025-03-05,2025-10-14 00:00:00
C-02062,Rosa,Khan,rosa.khan2062@example.com,US,2024-06-27,2024-10-07 00:00:00
C-02063,Mateo,Taylor,mateo.taylor2063@example.com,US,2025-02-17,2025-10-15 00:00:00
C-02064,Nina,Nguyen,nina.nguyen2064@example.com,US,2025-01-20,2025-10-03 00:00:00
C-02065,Priya,Nguyen,priya.nguyen2065@example.com,DE,2024-09-18,2024-11-03 00:00:00
C-02066,Lena,Chen,lena.chen2066@example.com,US,2024-07-05,2024-12-26 00:00:00
C-02067,Kai,Walker,kai.walker2067@example.com,CA,2025-02-22,2025-05-18 00:00:00
C-02068,Mira,Martinez,mira.martinez2068@example.com,UK,2025-04-10,2025-11-17 00:00:00
C-02069,Noah,Novak,noah.novak2069@example.com,US,2024-10-23,2025-01-02 00:00:00
C-02070,Lucas,Nguyen,lucas.nguyen2070@example.com,CA,2025-03-24,2025-10-11 00:00:00
C-02071,Dante,Novak,,US,2024-08-08,2024-10-23 00:00:00
C-02072,Dante,Haddad,dante.haddad2072@example.com,AU,2024-12-12,2025-05-14 00:00:00
C-02073,Hana,Taylor,hana.taylor2073@example.com,US,2024-08-06,2025-05-17 00:00:00
C-02074,Dante,Martin,dante.martin2074@example.com,US,2024-11-03,2025-02-25 00:00:00
C-02075,Leo,Costa,leo.costa2075@example.com,US,2024-06-25,2025-03-14 00:00:00
C-02076,Ava,Muller,ava.muller2076@example.com,AU,2024-09-03,2025-06-26 00:00:00
C-02077,Wren,Harris,wren.harris2077@example.com,AU,2024-12-16,2025-09-04 00:00:00
C-02078,Ravi,Johnson,ravi.johnson2078@example.com,US,2024-08-11,2024-09-29 00:00:00
C-02079,Amara,Ali,amara.ali2079@example.com,US,2025-04-17,2025-12-18 00:00:00
C-02080,Mateo,Patel,mateo.patel2080@example.com,US,2025-01-04,2025-01-13 00:00:00
C-02081,Nina,Garcia,nina.garcia2081@example.com,US,2025-06-13,2025-10-08 00:00:00
C-02082,Zoe,Johnson,zoe.johnson2082@example.com,US,2025-06-10,2026-02-26 00:00:00
C-02083,Ali,Miller,ali.miller2083@example.com,CA,2025-05-07,2025-11-29 00:00:00
C-02084,Ava,Martin,ava.martin2084@example.com,US,2025-02-25,2025-08-03 00:00:00
C-02085,Lucas,Kim,lucas.kim2085@example.com,CA,2024-06-10,2024-10-04 00:00:00
C-02086,Tara,Haddad,tara.haddad2086@example.com,US,2025-03-20,2025-11-18 00:00:00
C-02087,Mateo,Muller,mateo.muller2087@example.com,IN,2025-01-10,2025-08-10 00:00:00
C-02088,Nina,Jackson,nina.jackson2088@example.com,US,2024-06-09,2024-10-27 00:00:00
C-02089,Theo,Tanaka,theo.tanaka2089@example.com,US,2024-12-21,2025-09-14 00:00:00
C-02090,Aisha,White,,US,2024-10-03,2024-12-10 00:00:00
C-02091,Yuki,Davis,yuki.davis2091@example.com,JP,2024-10-19,2024-12-09 00:00:00
C-02092,Ali,Harris,ali.harris2092@example.com,UK,2025-01-10,2025-07-21 00:00:00
C-02093,Anya,Garcia,anya.garcia2093@example.com,US,2025-04-17,2026-02-02 00:00:00
C-02094,Ivy,Silva,ivy.silva2094@example.com,US,2024-06-30,2024-09-12 00:00:00
C-02095,Ravi,Lewis,ravi.lewis2095@example.com,US,2024-09-29,2024-12-12 00:00:00
C-02096,Aisha,Okafor,aisha.okafor2096@example.com,US,2025-04-27,2025-06-07 00:00:00
C-02097,Marco,Muller,marco.muller2097@example.com,UK,2024-06-12,2025-02-25 00:00:00
C-02098,Theo,Jackson,theo.jackson2098@example.com,US,2025-06-20,2025-08-26 00:00:00
C-02099,Kai,Tanaka,kai.tanaka2099@example.com,US,2024-10-12,2025-03-11 00:00:00
C-02100,Nina,Taylor,nina.taylor2100@example.com,US,2024-12-28,2025-10-21 00:00:00
C-02101,Yuki,Chen,,US,2024-11-09,2024-11-12 00:00:00
C-02102,Nina,Hall,nina.hall2102@example.com,US,2024-11-17,2025-05-02 00:00:00
C-02103,Kofi,Miller,kofi.miller2103@example.com,US,2024-12-24,2025-05-26 00:00:00
C-02104,Mira,Silva,mira.silva2104@example.com,US,2025-06-05,2026-02-02 00:00:00
C-02105,Anya,Costa,anya.costa2105@example.com,UK,2024-09-09,2024-12-24 00:00:00
C-02106,Amara,Weber,amara.weber2106@example.com,US,2025-02-23,2025-06-26 00:00:00
C-02107,Tara,Patel,tara.patel2107@example.com,US,2024-11-19,2025-01-08 00:00:00
C-02108,Tara,Lee,tara.lee2108@example.com,US,2024-09-10,2025-04-20 00:00:00
C-02109,Yuki,Patel,yuki.patel2109@example.com,UK,2025-05-04,2025-12-25 00:00:00
C-02110,Ava,Nguyen,ava.nguyen2110@example.com,US,2024-10-02,2024-11-11 00:00:00
C-02111,Tara,Garcia,tara.garcia2111@example.com,BR,2024-08-03,2024-11-29 00:00:00
C-02112,Rosa,Silva,rosa.silva2112@example.com,AU,2024-12-25,2025-09-18 00:00:00
C-02113,Dante,Silva,dante.silva2113@example.com,US,2025-05-26,2025-05-26 00:00:00
C-02114,Lena,Lee,lena.lee2114@example.com,US,2025-03-11,2025-06-08 00:00:00
C-02115,Ivy,Kim,ivy.kim2115@example.com,US,2024-08-19,2025-02-01 00:00:00
C-02116,Ravi,Moore,ravi.moore2116@example.com,US,2024-06-14,2024-09-22 00:00:00
C-02117,Elena,Weber,elena.weber2117@example.com,US,2025-01-07,2025-03-29 00:00:00
C-02118,Kofi,Thomas,kofi.thomas2118@example.com,US,2025-01-24,2025-06-11 00:00:00
C-02119,June,Dubois,june.dubois2119@example.com,US,2025-04-16,2025-06-09 00:00:00
C-02120,Elena,Dubois,elena.dubois2120@example.com,US,2024-06-23,2024-11-28 00:00:00
C-02121,Yuki,Weber,yuki.weber2121@example.com,CA,2024-09-11,2025-04-11 00:00:00
C-02122,Cleo,Robinson,cleo.robinson2122@example.com,US,2024-07-08,2024-12-27 00:00:00
C-02123,Priya,Dubois,priya.dubois2123@example.com,AU,2025-07-01,2025-07-28 00:00:00
C-02124,Sam,Garcia,sam.garcia2124@example.com,AU,2024-09-29,2025-06-09 00:00:00
C-02125,Leo,White,leo.white2125@example.com,US,2024-12-31,2025-02-21 00:00:00
C-02126,Victor,Anderson,victor.anderson2126@example.com,CA,2024-08-25,2025-04-11 00:00:00
C-02127,Liam,Anderson,liam.anderson2127@example.com,US,2025-05-11,2025-08-27 00:00:00
C-02128,Wren,Weber,wren.weber2128@example.com,CA,2024-12-07,2025-07-29 00:00:00
C-02129,Jonas,Wilson,jonas.wilson2129@example.com,US,2024-08-10,2024-10-10 00:00:00
C-02130,Kofi,Costa,,US,2025-04-06,2025-05-31 00:00:00
C-02131,Sofia,Taylor,sofia.taylor2131@example.com,US,2025-04-05,2025-09-01 00:00:00
C-02132,Anya,White,anya.white2132@example.com,US,2025-07-02,2025-07-11 00:00:00
C-02133,Noah,Iyer,noah.iyer2133@example.com,UK,2025-06-14,2025-08-20 00:00:00
C-02134,Priya,Davis,priya.davis2134@example.com,US,2024-06-15,2025-01-18 00:00:00
C-02135,Kofi,Harris,kofi.harris2135@example.com,US,2024-12-31,2025-09-08 00:00:00
C-02136,Lucas,Lee,lucas.lee2136@example.com,IN,2024-07-14,2024-08-07 00:00:00
C-02137,Noah,Okafor,noah.okafor2137@example.com,CA,2025-01-13,2025-10-04 00:00:00
C-02138,Mira,Dubois,mira.dubois2138@example.com,UK,2024-11-10,2025-07-07 00:00:00
C-02139,Mateo,Weber,mateo.weber2139@example.com,AU,2025-05-29,2026-02-13 00:00:00
C-02140,Ava,Martin,ava.martin2140@example.com,US,2024-12-21,2025-07-18 00:00:00
C-02141,Lucas,Smith,,CA,2024-12-28,2025-07-18 00:00:00
C-02142,Lucas,Martinez,lucas.martinez2142@example.com,US,2025-01-13,2025-06-19 00:00:00
C-02143,Priya,Harris,,US,2024-11-22,2025-06-05 00:00:00
C-02144,Arjun,Taylor,,US,2025-03-28,2025-12-28 00:00:00
C-02145,Yuki,Taylor,yuki.taylor2145@example.com,US,2025-02-01,2025-03-03 00:00:00
C-02146,Ravi,Robinson,ravi.robinson2146@example.com,CA,2025-01-21,2025-04-25 00:00:00
C-02147,Arjun,Hall,arjun.hall2147@example.com,US,2024-06-11,2024-07-02 00:00:00
C-02148,Liam,Ali,liam.ali2148@example.com,BR,2025-01-23,2025-11-02 00:00:00
C-02149,Ravi,Johnson,ravi.johnson2149@example.com,AU,2024-12-20,2025-05-02 00:00:00
C-02150,Theo,Chen,theo.chen2150@example.com,US,2024-07-06,2025-01-24 00:00:00
C-02151,Tara,Muller,tara.muller2151@example.com,US,2024-06-23,2025-03-02 00:00:00
C-02152,Aisha,Iyer,aisha.iyer2152@example.com,AU,2025-04-23,2026-02-14 00:00:00
C-02153,Priya,White,priya.white2153@example.com,US,2024-09-22,2024-11-09 00:00:00
C-02154,Mateo,Garcia,mateo.garcia2154@example.com,US,2024-09-28,2025-05-25 00:00:00
C-02155,Kofi,Moore,,US,2024-08-27,2025-05-20 00:00:00
C-02156,Maya,Hall,maya.hall2156@example.com,US,2024-08-01,2024-08-15 00:00:00
C-02157,Sofia,White,sofia.white2157@example.com,US,2024-08-27,2025-04-10 00:00:00
C-02158,Dante,Patel,dante.patel2158@example.com,US,2025-01-27,2025-05-13 00:00:00
C-02159,Jonas,Garcia,jonas.garcia2159@example.com,AU,2025-02-18,2025-08-31 00:00:00
C-02160,Anya,Moore,anya.moore2160@example.com,US,2025-01-08,2025-06-11 00:00:00
C-02161,Mateo,Miller,mateo.miller2161@example.com,CA,2024-07-11,2024-09-26 00:00:00
C-02162,Nina,White,nina.white2162@example.com,US,2024-12-29,2025-02-07 00:00:00
C-02163,Dante,Weber,dante.weber2163@example.com,US,2024-12-08,2025-01-12 00:00:00
C-02164,Diego,Moore,diego.moore2164@example.com,CA,2025-04-11,2025-05-11 00:00:00
C-02165,Kai,Lewis,kai.lewis2165@example.com,US,2024-07-08,2025-01-15 00:00:00
C-02166,Anya,Tanaka,anya.tanaka2166@example.com,US,2024-08-28,2024-12-11 00:00:00
C-02167,June,Lee,june.lee2167@example.com,CA,2024-10-04,2024-12-07 00:00:00
C-02168,Hana,Smith,,DE,2025-04-01,2025-10-25 00:00:00
C-02169,Amara,Haddad,amara.haddad2169@example.com,US,2024-09-04,2025-03-29 00:00:00
C-02170,Mira,Harris,mira.harris2170@example.com,US,2025-03-13,2025-08-21 00:00:00
C-02171,Ravi,Muller,ravi.muller2171@example.com,US,2025-01-18,2025-10-25 00:00:00
C-02172,Marco,Anderson,marco.anderson2172@example.com,US,2024-11-29,2025-03-24 00:00:00
C-02173,Wren,Tanaka,wren.tanaka2173@example.com,BR,2025-01-02,2025-09-09 00:00:00
C-02174,Zoe,Jackson,zoe.jackson2174@example.com,CA,2025-03-11,2025-04-02 00:00:00
C-02175,Liam,Ali,liam.ali2175@example.com,AU,2024-12-01,2025-07-10 00:00:00
C-02176,Arjun,Moore,arjun.moore2176@example.com,UK,2024-08-29,2025-06-21 00:00:00
C-02177,Kofi,Clark,kofi.clark2177@example.com,US,2025-04-20,2025-12-29 00:00:00
C-02178,Mira,Jackson,mira.jackson2178@example.com,US,2024-07-03,2024-12-23 00:00:00
C-02179,Nora,Johnson,nora.johnson2179@example.com,US,2024-12-29,2025-07-05 00:00:00
C-02180,Nora,Khan,nora.khan2180@example.com,UK,2025-05-07,2025-08-20 00:00:00
C-02181,Priya,Okafor,,US,2024-12-31,2025-07-22 00:00:00
C-02182,Ava,Wilson,ava.wilson2182@example.com,CA,2025-03-29,2025-11-15 00:00:00
C-02183,Theo,Smith,theo.smith2183@example.com,UK,2024-10-13,2025-08-08 00:00:00
C-02184,Anya,Martin,anya.martin2184@example.com,US,2024-06-04,2024-10-29 00:00:00
C-02185,Kofi,Harris,kofi.harris2185@example.com,US,2025-01-30,2025-02-17 00:00:00
C-02186,Wren,Clark,wren.clark2186@example.com,US,2024-11-28,2025-05-25 00:00:00
C-02187,Arjun,Thomas,arjun.thomas2187@example.com,US,2025-01-30,2025-03-06 00:00:00
C-02188,Kofi,Khan,kofi.khan2188@example.com,US,2024-09-20,2024-12-02 00:00:00
C-02189,Yuki,Muller,yuki.muller2189@example.com,US,2025-02-11,2025-05-20 00:00:00
C-02190,Noah,Walker,noah.walker2190@example.com,US,2025-01-15,2025-08-22 00:00:00
C-02191,Ivy,Costa,ivy.costa2191@example.com,US,2025-04-15,2025-06-09 00:00:00
C-02192,Marco,Miller,,US,2025-05-28,2025-07-16 00:00:00
C-02193,Tara,Smith,tara.smith2193@example.com,US,2024-06-09,2024-06-22 00:00:00
C-02194,Anya,Hall,anya.hall2194@example.com,US,2024-08-20,2025-05-08 00:00:00
C-02195,Wren,Nguyen,wren.nguyen2195@example.com,US,2024-08-23,2025-03-19 00:00:00
C-02196,June,Harris,june.harris2196@example.com,US,2024-11-15,2024-11-26 00:00:00
C-02197,Liam,Kim,liam.kim2197@example.com,US,2024-11-25,2024-12-03 00:00:00
C-02198,Nora,Davis,nora.davis2198@example.com,US,2024-12-08,2025-05-24 00:00:00
C-02199,Sofia,Okafor,sofia.okafor2199@example.com,DE,2024-12-26,2025-03-20 00:00:00
C-02200,Nina,Nguyen,nina.nguyen2200@example.com,US,2025-04-03,2025-09-29 00:00:00
C-02201,Kofi,Hall,kofi.hall2201@example.com,IN,2024-09-10,2025-01-18 00:00:00
C-02202,Maya,Miller,maya.miller2202@example.com,US,2024-07-14,2025-04-16 00:00:00
C-02203,Ali,Hall,ali.hall2203@example.com,CA,2025-03-29,2025-06-23 00:00:00
C-02204,Diego,Dubois,diego.dubois2204@example.com,US,2025-02-25,2025-09-16 00:00:00
C-02205,Priya,Kim,priya.kim2205@example.com,US,2025-01-30,2025-02-15 00:00:00
C-02206,Leo,Thomas,leo.thomas2206@example.com,US,2025-05-18,2026-02-28 00:00:00
C-02207,Liam,Nguyen,,US,2025-06-25,2026-04-15 00:00:00
C-02208,Theo,Walker,theo.walker2208@example.com,UK,2025-06-07,2026-01-14 00:00:00
C-02209,Liam,Clark,liam.clark2209@example.com,US,2024-06-23,2024-11-09 00:00:00
C-02210,Marco,Dubois,marco.dubois2210@example.com,US,2024-09-07,2024-11-11 00:00:00
C-02211,Rosa,Dubois,rosa.dubois2211@example.com,US,2025-04-29,2025-12-28 00:00:00
C-02212,Wren,Wilson,wren.wilson2212@example.com,US,2024-12-26,2025-08-03 00:00:00
C-02213,Lena,Nguyen,lena.nguyen2213@example.com,US,2024-07-22,2024-09-26 00:00:00
C-02214,June,Patel,june.patel2214@example.com,BR,2025-05-11,2025-09-23 00:00:00
C-02215,Theo,Lewis,,US,2025-01-05,2025-05-23 00:00:00
C-02216,Ravi,Nguyen,,US,2024-08-20,2025-04-24 00:00:00
C-02217,Arjun,Ali,arjun.ali2217@example.com,US,2025-03-31,2025-10-22 00:00:00
C-02218,Leo,Walker,leo.walker2218@example.com,US,2024-10-20,2025-04-30 00:00:00
C-02219,Tara,Dubois,tara.dubois2219@example.com,US,2025-06-17,2025-12-28 00:00:00
C-02220,Lucas,Smith,,US,2024-12-15,2025-03-06 00:00:00
C-02221,Omar,Martin,omar.martin2221@example.com,US,2024-12-27,2025-04-17 00:00:00
C-02222,Ivy,Jackson,ivy.jackson2222@example.com,US,2025-01-31,2025-02-13 00:00:00
C-02223,Rosa,Costa,rosa.costa2223@example.com,US,2024-08-16,2025-04-09 00:00:00
C-02224,Anya,Iyer,anya.iyer2224@example.com,US,2024-10-31,2025-03-09 00:00:00
C-02225,Jonas,Muller,,US,2025-01-04,2025-05-15 00:00:00
C-02226,Wren,Martin,wren.martin2226@example.com,US,2025-03-31,2025-06-12 00:00:00
C-02227,Sofia,Martinez,sofia.martinez2227@example.com,IN,2025-03-31,2025-06-01 00:00:00
C-02228,Rosa,Okafor,rosa.okafor2228@example.com,AU,2024-10-27,2025-04-21 00:00:00
C-02229,Mateo,Kim,mateo.kim2229@example.com,AU,2025-05-21,2025-07-29 00:00:00
C-02230,Arjun,White,arjun.white2230@example.com,US,2025-01-21,2025-02-09 00:00:00
C-02231,Mira,Kim,mira.kim2231@example.com,CA,2024-07-01,2025-02-16 00:00:00
C-02232,Marco,Weber,marco.weber2232@example.com,US,2025-03-15,2025-07-05 00:00:00
C-02233,Noah,Iyer,noah.iyer2233@example.com,US,2025-02-05,2025-05-30 00:00:00
C-02234,Mira,Garcia,mira.garcia2234@example.com,US,2024-09-19,2025-01-26 00:00:00
C-02235,Arjun,Kim,arjun.kim2235@example.com,US,2024-10-03,2025-06-04 00:00:00
C-02236,Kai,Thomas,kai.thomas2236@example.com,UK,2024-11-12,2025-02-16 00:00:00
C-02237,Yuki,Kim,yuki.kim2237@example.com,US,2025-01-01,2025-08-16 00:00:00
C-02238,Liam,Walker,liam.walker2238@example.com,US,2024-09-18,2025-06-26 00:00:00
C-02239,Elena,Lee,elena.lee2239@example.com,US,2024-12-03,2025-06-19 00:00:00
C-02240,Nina,Hall,nina.hall2240@example.com,US,2025-06-18,2025-10-25 00:00:00
C-02241,Noah,Muller,noah.muller2241@example.com,AU,2024-08-19,2025-03-31 00:00:00
C-02242,Tara,Robinson,tara.robinson2242@example.com,CA,2024-06-03,2024-10-18 00:00:00
C-02243,Kofi,Martinez,kofi.martinez2243@example.com,US,2025-06-27,2025-10-29 00:00:00
C-02244,Cleo,Novak,cleo.novak2244@example.com,US,2025-03-01,2025-08-05 00:00:00
C-02245,Dante,Iyer,dante.iyer2245@example.com,US,2024-08-25,2024-11-28 00:00:00
C-02246,Theo,Costa,theo.costa2246@example.com,US,2024-12-27,2025-01-27 00:00:00
C-02247,Maya,Hall,maya.hall2247@example.com,US,2024-11-13,2025-03-17 00:00:00
C-02248,Elena,Walker,,US,2025-04-30,2025-06-06 00:00:00
C-02249,Kofi,Brown,kofi.brown2249@example.com,US,2025-05-04,2025-09-04 00:00:00
C-02250,Arjun,White,,US,2025-02-16,2025-08-02 00:00:00
C-02251,Cleo,Kim,cleo.kim2251@example.com,US,2024-09-28,2025-07-04 00:00:00
C-02252,Rosa,Okafor,rosa.okafor2252@example.com,CA,2024-08-29,2024-09-08 00:00:00
C-02253,Ethan,Iyer,ethan.iyer2253@example.com,CA,2025-03-28,2025-09-30 00:00:00
C-02254,Sam,Smith,sam.smith2254@example.com,US,2025-05-23,2025-10-07 00:00:00
C-02255,Dante,Tanaka,dante.tanaka2255@example.com,US,2024-06-07,2024-06-13 00:00:00
C-02256,Ivy,Ali,ivy.ali2256@example.com,CA,2024-11-21,2025-02-03 00:00:00
C-02257,Noah,Haddad,noah.haddad2257@example.com,US,2025-06-04,2025-07-09 00:00:00
C-02258,Kai,Garcia,kai.garcia2258@example.com,CA,2025-05-19,2025-07-23 00:00:00
C-02259,Sam,Kim,sam.kim2259@example.com,US,2024-07-18,2024-10-08 00:00:00
C-02260,Noah,Tanaka,noah.tanaka2260@example.com,US,2024-07-28,2024-11-25 00:00:00
C-02261,Leo,Robinson,leo.robinson2261@example.com,CA,2024-10-11,2025-03-18 00:00:00
C-02262,Ravi,Miller,ravi.miller2262@example.com,US,2025-01-01,2025-01-01 00:00:00
C-02263,Arjun,Rossi,arjun.rossi2263@example.com,US,2024-07-20,2024-09-06 00:00:00
C-02264,Omar,Brown,omar.brown2264@example.com,UK,2024-08-17,2024-09-14 00:00:00
C-02265,Victor,Smith,victor.smith2265@example.com,US,2024-10-04,2025-03-17 00:00:00
C-02266,Mateo,Garcia,mateo.garcia2266@example.com,US,2024-10-02,2025-01-08 00:00:00
C-02267,Nina,Anderson,nina.anderson2267@example.com,US,2024-12-05,2025-05-18 00:00:00
C-02268,Diego,Costa,diego.costa2268@example.com,US,2024-10-11,2024-12-16 00:00:00
C-02269,Aisha,Kim,aisha.kim2269@example.com,US,2024-11-11,2024-11-18 00:00:00
C-02270,June,Garcia,june.garcia2270@example.com,US,2024-12-15,2025-09-23 00:00:00
C-02271,Sam,Garcia,sam.garcia2271@example.com,IN,2024-11-07,2024-12-09 00:00:00
C-02272,Jonas,Lee,jonas.lee2272@example.com,US,2025-03-10,2025-04-17 00:00:00
C-02273,Marco,Lee,,AU,2024-08-17,2024-09-29 00:00:00
C-02274,Mateo,Moore,mateo.moore2274@example.com,UK,2025-05-20,2026-03-10 00:00:00
C-02275,Ethan,Smith,ethan.smith2275@example.com,US,2025-01-14,2025-07-18 00:00:00
C-02276,Kofi,Garcia,kofi.garcia2276@example.com,UK,2025-02-14,2025-08-16 00:00:00
C-02277,Rosa,Anderson,rosa.anderson2277@example.com,US,2025-01-04,2025-10-27 00:00:00
C-02278,Anya,Nguyen,anya.nguyen2278@example.com,UK,2025-03-21,2025-04-16 00:00:00
C-02279,Anya,Martinez,anya.martinez2279@example.com,US,2024-11-04,2025-08-23 00:00:00
C-02280,Nora,Lewis,nora.lewis2280@example.com,US,2024-11-09,2025-01-09 00:00:00
C-02281,Nina,Novak,nina.novak2281@example.com,US,2025-05-14,2025-11-16 00:00:00
C-02282,Ivy,White,ivy.white2282@example.com,US,2025-01-12,2025-05-18 00:00:00
C-02283,Ravi,Jackson,ravi.jackson2283@example.com,US,2024-07-20,2024-11-12 00:00:00
C-02284,Aisha,Khan,aisha.khan2284@example.com,US,2024-11-22,2025-08-28 00:00:00
C-02285,Zoe,Wilson,zoe.wilson2285@example.com,CA,2024-10-01,2024-11-14 00:00:00
C-02286,Ivy,Jackson,ivy.jackson2286@example.com,US,2024-11-19,2025-09-14 00:00:00
C-02287,Kofi,Dubois,kofi.dubois2287@example.com,US,2024-12-10,2025-04-02 00:00:00
C-02288,Victor,Lee,victor.lee2288@example.com,CA,2025-02-22,2025-09-04 00:00:00
C-02289,Elena,Costa,elena.costa2289@example.com,US,2024-09-28,2025-07-15 00:00:00
C-02290,Ethan,Anderson,ethan.anderson2290@example.com,US,2025-01-24,2025-02-10 00:00:00
C-02291,Kofi,Martin,kofi.martin2291@example.com,BR,2024-11-11,2025-08-14 00:00:00
C-02292,Nora,Ali,nora.ali2292@example.com,US,2024-11-05,2025-04-24 00:00:00
C-02293,Amara,Rossi,amara.rossi2293@example.com,IN,2025-02-01,2025-08-31 00:00:00
C-02294,Rosa,Harris,rosa.harris2294@example.com,US,2025-05-15,2025-06-28 00:00:00
C-02295,Maya,Thomas,,US,2024-12-24,2025-06-02 00:00:00
C-02296,Zoe,Dubois,zoe.dubois2296@example.com,US,2024-07-31,2025-02-18 00:00:00
C-02297,Marco,Thomas,marco.thomas2297@example.com,US,2024-07-18,2024-12-01 00:00:00
C-02298,Rosa,Novak,rosa.novak2298@example.com,US,2024-10-11,2024-11-26 00:00:00
C-02299,Nina,Davis,nina.davis2299@example.com,CA,2025-04-25,2025-07-07 00:00:00
C-02300,Priya,Kim,,US,2024-09-11,2025-05-25 00:00:00
C-02301,Arjun,Anderson,arjun.anderson2301@example.com,IN,2025-05-17,2025-05-27 00:00:00
C-02302,Lena,Costa,lena.costa2302@example.com,AU,2024-09-20,2025-04-20 00:00:00
C-02303,Sofia,Ali,sofia.ali2303@example.com,CA,2025-04-08,2026-02-01 00:00:00
C-02304,Jonas,Khan,jonas.khan2304@example.com,US,2025-01-08,2025-01-10 00:00:00
C-02305,June,Lee,june.lee2305@example.com,UK,2025-05-16,2025-07-03 00:00:00
C-02306,Cleo,Moore,cleo.moore2306@example.com,US,2024-07-19,2025-02-06 00:00:00
C-02307,Jonas,Lee,jonas.lee2307@example.com,BR,2025-01-28,2025-02-14 00:00:00
C-02308,Priya,Haddad,priya.haddad2308@example.com,US,2024-08-07,2025-01-30 00:00:00
C-02309,Noah,Lewis,noah.lewis2309@example.com,US,2024-09-11,2025-04-04 00:00:00
C-02310,June,Garcia,june.garcia2310@example.com,US,2024-11-12,2025-05-07 00:00:00
C-02311,Tara,Brown,tara.brown2311@example.com,DE,2024-12-07,2025-03-26 00:00:00
C-02312,Kai,Silva,,IN,2024-10-15,2025-05-12 00:00:00
C-02313,Omar,Thomas,omar.thomas2313@example.com,CA,2024-12-23,2025-06-19 00:00:00
C-02314,Wren,Brown,wren.brown2314@example.com,US,2025-01-17,2025-03-20 00:00:00
C-02315,Amara,Rossi,amara.rossi2315@example.com,US,2025-06-01,2025-11-16 00:00:00
C-02316,Arjun,Haddad,arjun.haddad2316@example.com,US,2025-03-15,2025-12-04 00:00:00
C-02317,Elena,Walker,elena.walker2317@example.com,US,2025-06-05,2025-12-22 00:00:00
C-02318,Dante,Silva,dante.silva2318@example.com,CA,2025-04-11,2025-08-30 00:00:00
C-02319,Jonas,Johnson,,US,2025-03-23,2025-06-27 00:00:00
C-02320,Theo,Robinson,theo.robinson2320@example.com,US,2025-03-12,2025-04-06 00:00:00
C-02321,Mira,Garcia,mira.garcia2321@example.com,US,2025-06-01,2025-08-13 00:00:00
C-02322,Kofi,Thomas,kofi.thomas2322@example.com,US,2025-02-18,2025-02-21 00:00:00
C-02323,Sofia,White,sofia.white2323@example.com,US,2024-08-02,2025-05-24 00:00:00
C-02324,Lucas,Jackson,lucas.jackson2324@example.com,US,2025-04-30,2025-07-05 00:00:00
C-02325,Elena,Khan,elena.khan2325@example.com,US,2024-07-23,2025-03-24 00:00:00
C-02326,Lucas,Miller,lucas.miller2326@example.com,BR,2025-07-02,2025-08-21 00:00:00
C-02327,Ivy,Smith,ivy.smith2327@example.com,US,2025-02-21,2025-05-17 00:00:00
C-02328,Nina,Iyer,nina.iyer2328@example.com,IN,2025-03-25,2025-07-28 00:00:00
C-02329,Jonas,Smith,jonas.smith2329@example.com,US,2024-07-21,2024-10-26 00:00:00
C-02330,Maya,Thomas,maya.thomas2330@example.com,AU,2025-01-02,2025-08-29 00:00:00
C-02331,Anya,Brown,anya.brown2331@example.com,CA,2024-06-09,2025-03-23 00:00:00
C-02332,Maya,Patel,maya.patel2332@example.com,CA,2025-02-15,2025-11-04 00:00:00
C-02333,Marco,Haddad,marco.haddad2333@example.com,US,2025-06-08,2025-07-24 00:00:00
C-02334,Diego,Silva,diego.silva2334@example.com,US,2024-07-08,2025-02-26 00:00:00
C-02335,Mira,Costa,mira.costa2335@example.com,UK,2024-08-15,2024-09-28 00:00:00
C-02336,Ethan,Martinez,ethan.martinez2336@example.com,BR,2024-12-05,2025-09-05 00:00:00
C-02337,Omar,Patel,omar.patel2337@example.com,US,2025-04-15,2025-09-17 00:00:00
C-02338,Rosa,Hall,rosa.hall2338@example.com,US,2024-08-18,2024-11-26 00:00:00
C-02339,Maya,Anderson,maya.anderson2339@example.com,CA,2025-03-03,2025-04-19 00:00:00
C-02340,Marco,Lee,marco.lee2340@example.com,US,2024-12-27,2024-12-30 00:00:00
C-02341,Diego,Martinez,diego.martinez2341@example.com,US,2024-10-09,2024-12-22 00:00:00
C-02342,Yuki,Haddad,yuki.haddad2342@example.com,UK,2025-02-28,2025-11-29 00:00:00
C-02343,Mira,Martin,mira.martin2343@example.com,US,2024-07-29,2025-03-25 00:00:00
C-02344,Ali,Miller,ali.miller2344@example.com,US,2025-02-18,2025-12-05 00:00:00
C-02345,Priya,Haddad,priya.haddad2345@example.com,DE,2025-05-31,2025-06-30 00:00:00
C-02346,Tara,Anderson,tara.anderson2346@example.com,US,2025-03-25,2025-09-18 00:00:00
C-02347,Ravi,Thomas,ravi.thomas2347@example.com,US,2024-07-16,2024-10-01 00:00:00
C-02348,Sam,Rossi,sam.rossi2348@example.com,US,2025-06-06,2025-11-15 00:00:00
C-02349,Sofia,Harris,sofia.harris2349@example.com,US,2024-10-14,2025-01-18 00:00:00
C-02350,Ali,Anderson,ali.anderson2350@example.com,US,2025-05-02,2025-07-26 00:00:00
C-02351,Tara,Iyer,tara.iyer2351@example.com,US,2024-08-03,2025-01-22 00:00:00
C-02352,Noah,Clark,noah.clark2352@example.com,US,2025-07-03,2025-08-26 00:00:00
C-02353,Sam,Anderson,sam.anderson2353@example.com,US,2024-09-11,2025-01-29 00:00:00
C-02354,Lena,Taylor,lena.taylor2354@example.com,US,2024-08-19,2025-03-02 00:00:00
C-02355,Dante,Martin,dante.martin2355@example.com,US,2024-09-10,2024-10-18 00:00:00
C-02356,Maya,Weber,maya.weber2356@example.com,US,2024-09-13,2025-06-19 00:00:00
C-02357,Kofi,Johnson,kofi.johnson2357@example.com,JP,2025-06-09,2025-11-07 00:00:00
C-02358,Lucas,Hall,lucas.hall2358@example.com,US,2024-11-08,2025-07-11 00:00:00
C-02359,Ali,Robinson,,AU,2024-08-17,2025-03-01 00:00:00
C-02360,Liam,Moore,liam.moore2360@example.com,AU,2025-02-28,2025-09-29 00:00:00
C-02361,Nina,Miller,nina.miller2361@example.com,CA,2024-08-27,2025-03-29 00:00:00
C-02362,Zoe,Nguyen,zoe.nguyen2362@example.com,US,2025-01-31,2025-10-20 00:00:00
C-02363,Theo,Chen,theo.chen2363@example.com,US,2024-08-09,2025-02-09 00:00:00
C-02364,Hana,Haddad,hana.haddad2364@example.com,US,2025-04-28,2025-07-20 00:00:00
C-02365,Aisha,Davis,aisha.davis2365@example.com,CA,2025-03-25,2025-04-23 00:00:00
C-02366,Ravi,Patel,,US,2025-03-15,2025-09-12 00:00:00
C-02367,Anya,Muller,anya.muller2367@example.com,US,2024-08-17,2024-09-05 00:00:00
C-02368,Maya,Johnson,maya.johnson2368@example.com,US,2025-03-26,2025-06-06 00:00:00
C-02369,Ivy,Novak,,BR,2024-12-16,2025-01-03 00:00:00
C-02370,Lucas,Moore,lucas.moore2370@example.com,US,2025-06-21,2025-12-02 00:00:00
C-02371,Dante,Khan,,US,2025-06-08,2025-07-26 00:00:00
C-02372,Victor,Garcia,,US,2024-08-22,2025-02-21 00:00:00
C-02373,Ali,Silva,ali.silva2373@example.com,CA,2025-01-28,2025-09-22 00:00:00
C-02374,Hana,Chen,hana.chen2374@example.com,US,2025-06-07,2026-02-08 00:00:00
C-02375,Sam,Thomas,sam.thomas2375@example.com,US,2024-07-27,2024-10-27 00:00:00
C-02376,Yuki,Iyer,yuki.iyer2376@example.com,US,2025-06-01,2025-11-12 00:00:00
C-02377,Elena,Lewis,elena.lewis2377@example.com,US,2025-05-13,2025-10-28 00:00:00
C-02378,Lena,Khan,lena.khan2378@example.com,US,2024-06-20,2024-11-08 00:00:00
C-02379,Rosa,Iyer,rosa.iyer2379@example.com,AU,2025-04-26,2025-11-08 00:00:00
C-02380,Theo,Garcia,theo.garcia2380@example.com,US,2024-07-24,2024-09-25 00:00:00
C-02381,Mira,Taylor,mira.taylor2381@example.com,IN,2025-05-08,2026-02-25 00:00:00
C-02382,Theo,Muller,theo.muller2382@example.com,CA,2025-03-29,2025-04-27 00:00:00
C-02383,Liam,Taylor,liam.taylor2383@example.com,US,2025-02-03,2025-10-09 00:00:00
C-02384,Aisha,Harris,aisha.harris2384@example.com,UK,2025-02-12,2025-08-09 00:00:00
C-02385,Yuki,Davis,yuki.davis2385@example.com,UK,2024-12-04,2025-02-15 00:00:00
C-02386,Ethan,Muller,ethan.muller2386@example.com,US,2024-09-21,2025-05-02 00:00:00
C-02387,Mira,Lee,mira.lee2387@example.com,US,2024-06-28,2024-07-23 00:00:00
C-02388,Hana,Hall,hana.hall2388@example.com,US,2024-11-06,2025-06-26 00:00:00
C-02389,Kofi,Haddad,,US,2025-02-18,2025-08-13 00:00:00
C-02390,Elena,Anderson,elena.anderson2390@example.com,US,2024-12-31,2025-02-02 00:00:00
C-02391,Mateo,Kim,mateo.kim2391@example.com,CA,2024-10-11,2024-11-03 00:00:00
C-02392,Ali,Anderson,ali.anderson2392@example.com,US,2025-03-31,2025-11-11 00:00:00
C-02393,Omar,Clark,omar.clark2393@example.com,US,2024-09-12,2024-12-08 00:00:00
C-02394,Mira,Brown,mira.brown2394@example.com,US,2024-10-05,2025-06-28 00:00:00
C-02395,Sam,White,sam.white2395@example.com,US,2024-12-13,2025-07-29 00:00:00
C-02396,Rosa,Khan,rosa.khan2396@example.com,US,2024-11-27,2025-06-24 00:00:00
C-02397,Zoe,Moore,zoe.moore2397@example.com,US,2024-12-29,2025-03-22 00:00:00
C-02398,Amara,Martinez,amara.martinez2398@example.com,US,2025-05-17,2025-12-15 00:00:00
C-02399,Nora,Jackson,nora.jackson2399@example.com,US,2025-04-04,2026-01-13 00:00:00
C-02400,Maya,Thomas,maya.thomas2400@example.com,UK,2024-09-08,2024-10-05 00:00:00
C-02401,Anya,Martin,anya.martin2401@example.com,CA,2025-01-19,2025-04-26 00:00:00
C-02402,Victor,Taylor,,US,2024-11-22,2025-01-31 00:00:00
C-02403,Lena,Costa,lena.costa2403@example.com,UK,2024-11-07,2025-03-04 00:00:00
C-02404,Dante,Martinez,dante.martinez2404@example.com,US,2024-10-19,2025-05-29 00:00:00
C-02405,Kofi,Johnson,kofi.johnson2405@example.com,US,2025-01-24,2025-06-15 00:00:00
C-02406,Omar,Hall,omar.hall2406@example.com,US,2024-07-16,2025-01-03 00:00:00
C-02407,Anya,Walker,anya.walker2407@example.com,US,2024-08-10,2024-11-12 00:00:00
C-02408,Omar,Davis,omar.davis2408@example.com,AU,2024-11-13,2024-12-25 00:00:00
C-02409,Sofia,Johnson,sofia.johnson2409@example.com,US,2024-11-03,2025-01-22 00:00:00
C-02410,Ava,Brown,ava.brown2410@example.com,US,2025-05-06,2026-01-18 00:00:00
C-02411,Diego,Smith,diego.smith2411@example.com,US,2024-06-02,2024-11-29 00:00:00
C-02412,Yuki,Chen,yuki.chen2412@example.com,US,2025-02-12,2025-06-05 00:00:00
C-02413,Theo,White,theo.white2413@example.com,US,2024-12-05,2025-07-29 00:00:00
C-02414,Wren,White,wren.white2414@example.com,US,2024-10-30,2024-11-18 00:00:00
C-02415,Leo,Clark,leo.clark2415@example.com,US,2024-10-28,2025-01-12 00:00:00
C-02416,Ava,Chen,ava.chen2416@example.com,US,2024-11-01,2025-01-09 00:00:00
C-02417,June,Weber,june.weber2417@example.com,BR,2024-07-30,2025-05-21 00:00:00
C-02418,Hana,Tanaka,hana.tanaka2418@example.com,UK,2024-07-22,2025-02-18 00:00:00
C-02419,Nora,Smith,nora.smith2419@example.com,US,2025-03-15,2025-09-16 00:00:00
C-02420,Omar,Iyer,omar.iyer2420@example.com,CA,2025-05-31,2025-06-01 00:00:00
C-02421,Priya,Dubois,priya.dubois2421@example.com,CA,2024-09-29,2024-11-23 00:00:00
C-02422,Marco,Davis,marco.davis2422@example.com,CA,2025-01-17,2025-07-26 00:00:00
C-02423,Ali,Iyer,ali.iyer2423@example.com,IN,2025-05-26,2025-09-16 00:00:00
C-02424,Wren,Harris,wren.harris2424@example.com,US,2024-09-03,2025-06-07 00:00:00
C-02425,Ivy,Okafor,ivy.okafor2425@example.com,CA,2025-02-25,2025-10-12 00:00:00
C-02426,Mateo,Silva,mateo.silva2426@example.com,US,2024-11-25,2025-04-08 00:00:00
C-02427,Sam,Smith,sam.smith2427@example.com,US,2024-11-03,2025-06-15 00:00:00
C-02428,Sofia,Garcia,sofia.garcia2428@example.com,US,2024-08-24,2025-06-12 00:00:00
C-02429,Diego,Brown,diego.brown2429@example.com,IN,2024-08-10,2024-12-26 00:00:00
C-02430,Lucas,Novak,lucas.novak2430@example.com,US,2024-10-04,2025-04-14 00:00:00
C-02431,Marco,Harris,marco.harris2431@example.com,US,2025-02-28,2025-11-30 00:00:00
C-02432,Sam,Martinez,,CA,2025-04-12,2025-06-25 00:00:00
C-02433,Omar,Johnson,omar.johnson2433@example.com,US,2024-08-22,2025-05-14 00:00:00
C-02434,Mateo,Thomas,mateo.thomas2434@example.com,US,2024-12-13,2025-01-11 00:00:00
C-02435,Elena,Rossi,elena.rossi2435@example.com,US,2025-04-26,2025-11-06 00:00:00
C-02436,Leo,Ali,,US,2024-06-11,2025-01-31 00:00:00
C-02437,Cleo,Miller,cleo.miller2437@example.com,US,2025-01-29,2025-08-01 00:00:00
C-02438,Wren,Clark,wren.clark2438@example.com,US,2025-05-12,2025-10-07 00:00:00
C-02439,Marco,Wilson,marco.wilson2439@example.com,BR,2024-12-02,2025-06-05 00:00:00
C-02440,Ava,Chen,ava.chen2440@example.com,US,2024-08-19,2024-10-03 00:00:00
C-02441,Nora,Patel,nora.patel2441@example.com,US,2025-05-04,2025-07-07 00:00:00
C-02442,Priya,Wilson,priya.wilson2442@example.com,US,2024-12-19,2025-03-09 00:00:00
C-02443,Ava,Walker,ava.walker2443@example.com,UK,2024-09-01,2025-02-27 00:00:00
C-02444,Dante,Harris,dante.harris2444@example.com,AU,2025-04-17,2025-08-27 00:00:00
C-02445,Elena,Iyer,elena.iyer2445@example.com,CA,2024-07-26,2024-10-07 00:00:00
C-02446,Liam,Harris,liam.harris2446@example.com,UK,2024-08-05,2025-04-26 00:00:00
C-02447,Cleo,Martin,cleo.martin2447@example.com,BR,2024-10-06,2025-01-26 00:00:00
C-02448,Theo,Muller,,US,2024-06-29,2024-11-09 00:00:00
C-02449,Wren,Silva,wren.silva2449@example.com,US,2025-06-01,2025-10-01 00:00:00
C-02450,Sofia,Khan,sofia.khan2450@example.com,US,2025-02-16,2025-04-11 00:00:00
C-02451,Noah,Jackson,noah.jackson2451@example.com,US,2024-07-28,2025-03-04 00:00:00
C-02452,Sam,Muller,sam.muller2452@example.com,US,2024-06-27,2024-11-08 00:00:00
C-02453,Nora,Hall,nora.hall2453@example.com,US,2024-10-05,2024-10-09 00:00:00
C-02454,Sam,Johnson,sam.johnson2454@example.com,CA,2024-12-30,2025-10-15 00:00:00
C-02455,Aisha,Martinez,,UK,2024-06-28,2025-02-27 00:00:00
C-02456,Hana,Anderson,hana.anderson2456@example.com,UK,2025-01-02,2025-08-07 00:00:00
C-02457,Noah,Smith,noah.smith2457@example.com,IN,2024-07-09,2025-03-26 00:00:00
C-02458,Jonas,Silva,jonas.silva2458@example.com,US,2024-06-05,2025-03-04 00:00:00
C-02459,Kai,Jackson,,CA,2025-02-19,2025-05-31 00:00:00
C-02460,Nora,Garcia,nora.garcia2460@example.com,UK,2024-06-03,2024-12-03 00:00:00
C-02461,Ava,Weber,ava.weber2461@example.com,US,2024-07-05,2025-01-03 00:00:00
C-02462,Lucas,Davis,lucas.davis2462@example.com,AU,2025-04-06,2025-06-25 00:00:00
C-02463,Ethan,Lewis,ethan.lewis2463@example.com,US,2024-09-04,2024-11-09 00:00:00
C-02464,Lucas,Khan,lucas.khan2464@example.com,US,2024-08-29,2024-10-02 00:00:00
C-02465,Kai,Brown,kai.brown2465@example.com,US,2024-09-08,2025-03-24 00:00:00
C-02466,Amara,Patel,amara.patel2466@example.com,US,2024-09-30,2025-05-22 00:00:00
C-02467,Cleo,Khan,cleo.khan2467@example.com,US,2025-04-24,2025-12-08 00:00:00
C-02468,Yuki,Chen,yuki.chen2468@example.com,IN,2025-01-02,2025-04-06 00:00:00
C-02469,Sofia,Weber,,AU,2025-06-07,2025-08-07 00:00:00
C-02470,Tara,Ali,tara.ali2470@example.com,CA,2024-12-03,2025-04-18 00:00:00
C-02471,Sam,Anderson,sam.anderson2471@example.com,US,2025-03-26,2025-09-06 00:00:00
C-02472,Dante,Chen,dante.chen2472@example.com,US,2025-04-16,2026-01-16 00:00:00
C-02473,Elena,Jackson,elena.jackson2473@example.com,US,2024-11-04,2025-07-24 00:00:00
C-02474,Leo,Lee,leo.lee2474@example.com,BR,2024-08-07,2025-05-08 00:00:00
C-02475,Anya,Jackson,anya.jackson2475@example.com,UK,2024-08-11,2025-04-23 00:00:00
C-02476,Amara,Kim,amara.kim2476@example.com,CA,2024-11-04,2025-08-20 00:00:00
C-02477,Marco,Silva,marco.silva2477@example.com,US,2024-07-22,2024-12-08 00:00:00
C-02478,Lena,Miller,lena.miller2478@example.com,UK,2025-05-27,2025-06-10 00:00:00
C-02479,Tara,Okafor,tara.okafor2479@example.com,US,2024-09-15,2024-10-10 00:00:00
C-02480,Rosa,Iyer,rosa.iyer2480@example.com,BR,2024-10-07,2025-02-01 00:00:00
C-02481,Omar,Tanaka,omar.tanaka2481@example.com,US,2025-02-03,2025-04-21 00:00:00
C-02482,Maya,Rossi,maya.rossi2482@example.com,UK,2024-08-03,2024-09-22 00:00:00
C-02483,Kai,Harris,kai.harris2483@example.com,CA,2025-06-11,2026-03-23 00:00:00
C-02484,Sam,Wilson,sam.wilson2484@example.com,UK,2024-08-28,2024-10-25 00:00:00
C-02485,June,Kim,june.kim2485@example.com,US,2024-06-22,2025-04-05 00:00:00
C-02486,Leo,Patel,leo.patel2486@example.com,US,2025-03-10,2025-10-24 00:00:00
C-02487,Nina,Davis,nina.davis2487@example.com,US,2024-09-25,2025-04-05 00:00:00
C-02488,Kai,Miller,kai.miller2488@example.com,US,2024-06-24,2025-01-12 00:00:00
C-02489,Theo,Ali,theo.ali2489@example.com,US,2025-01-18,2025-04-27 00:00:00
C-02490,Wren,White,wren.white2490@example.com,AU,2025-03-12,2025-09-21 00:00:00
C-02491,Lena,Taylor,lena.taylor2491@example.com,US,2024-11-23,2025-01-18 00:00:00
C-02492,Elena,Wilson,elena.wilson2492@example.com,US,2024-06-10,2025-03-18 00:00:00
C-02493,Hana,Weber,,US,2024-09-21,2024-12-20 00:00:00
C-02494,Jonas,Muller,jonas.muller2494@example.com,JP,2025-02-28,2025-05-15 00:00:00
C-02495,Dante,Lewis,dante.lewis2495@example.com,US,2024-10-29,2025-05-30 00:00:00
C-02496,Amara,Garcia,amara.garcia2496@example.com,US,2025-01-25,2025-08-09 00:00:00
C-02497,Ali,Martinez,ali.martinez2497@example.com,CA,2024-06-02,2024-10-15 00:00:00
C-02498,Sofia,Dubois,sofia.dubois2498@example.com,US,2024-12-08,2025-06-15 00:00:00
C-02499,Ethan,Weber,ethan.weber2499@example.com,US,2024-07-31,2024-09-16 00:00:00
C-02500,Leo,White,leo.white2500@example.com,US,2025-04-01,2025-10-19 00:00:00
C-02501,Ava,Silva,ava.silva2501@example.com,US,2025-04-21,2025-07-11 00:00:00
C-02502,Yuki,Weber,yuki.weber2502@example.com,US,2025-07-05,2025-09-24 00:00:00
C-02503,Omar,Thomas,omar.thomas2503@example.com,US,2025-02-16,2025-04-05 00:00:00
C-02504,Mateo,Clark,mateo.clark2504@example.com,US,2025-06-03,2025-09-10 00:00:00
C-02505,Ava,Harris,ava.harris2505@example.com,US,2025-04-17,2025-07-25 00:00:00
C-02506,Diego,Clark,diego.clark2506@example.com,AU,2025-04-13,2025-08-27 00:00:00
C-02507,Omar,Harris,omar.harris2507@example.com,US,2024-06-25,2024-08-21 00:00:00
C-02508,Ravi,Muller,ravi.muller2508@example.com,US,2025-03-01,2025-04-27 00:00:00
C-02509,Sofia,Taylor,sofia.taylor2509@example.com,US,2024-09-19,2025-02-28 00:00:00
C-02510,Lena,Walker,lena.walker2510@example.com,US,2024-09-10,2024-10-18 00:00:00
C-02511,Leo,Martin,leo.martin2511@example.com,CA,2025-02-05,2025-08-30 00:00:00
C-02512,Liam,Haddad,liam.haddad2512@example.com,US,2025-03-21,2025-12-29 00:00:00
C-02513,Ravi,Wilson,ravi.wilson2513@example.com,US,2024-07-20,2024-11-25 00:00:00
C-02514,Ava,Hall,ava.hall2514@example.com,US,2024-09-02,2025-05-30 00:00:00
C-02515,Zoe,Haddad,zoe.haddad2515@example.com,US,2025-01-02,2025-01-31 00:00:00
C-02516,Maya,Okafor,maya.okafor2516@example.com,US,2025-03-04,2025-03-16 00:00:00
C-02517,Nina,Moore,nina.moore2517@example.com,US,2024-09-18,2025-04-22 00:00:00
C-02518,Mateo,Costa,mateo.costa2518@example.com,UK,2024-12-20,2025-08-05 00:00:00
C-02519,Diego,Kim,diego.kim2519@example.com,US,2025-01-15,2025-09-24 00:00:00
C-02520,Kai,Johnson,kai.johnson2520@example.com,US,2025-01-12,2025-01-29 00:00:00
C-02521,Priya,White,priya.white2521@example.com,US,2024-06-29,2025-02-17 00:00:00
C-02522,Priya,Taylor,priya.taylor2522@example.com,US,2024-06-16,2024-10-06 00:00:00
C-02523,Amara,Brown,amara.brown2523@example.com,US,2024-06-07,2024-09-06 00:00:00
C-02524,Marco,White,,UK,2025-01-25,2025-03-17 00:00:00
C-02525,Hana,Thomas,hana.thomas2525@example.com,US,2024-12-04,2025-09-28 00:00:00
C-02526,Lena,Tanaka,lena.tanaka2526@example.com,US,2024-06-29,2024-07-18 00:00:00
C-02527,Ali,Jackson,ali.jackson2527@example.com,JP,2024-09-17,2025-05-23 00:00:00
C-02528,Diego,Davis,diego.davis2528@example.com,US,2024-11-10,2025-05-20 00:00:00
C-02529,Lucas,Ali,lucas.ali2529@example.com,US,2024-06-14,2025-01-20 00:00:00
C-02530,Marco,Khan,marco.khan2530@example.com,US,2024-06-27,2025-01-26 00:00:00
C-02531,June,Tanaka,june.tanaka2531@example.com,CA,2024-07-30,2025-04-13 00:00:00
C-02532,Cleo,Thomas,,US,2024-09-27,2024-11-21 00:00:00
C-02533,Maya,Rossi,maya.rossi2533@example.com,US,2024-10-13,2024-10-13 00:00:00
C-02534,Aisha,Nguyen,aisha.nguyen2534@example.com,UK,2024-08-06,2025-02-01 00:00:00
C-02535,Aisha,Tanaka,aisha.tanaka2535@example.com,UK,2024-09-29,2025-01-13 00:00:00
C-02536,Tara,Garcia,tara.garcia2536@example.com,US,2025-04-19,2025-05-26 00:00:00
C-02537,Tara,Miller,tara.miller2537@example.com,US,2024-11-06,2024-12-31 00:00:00
C-02538,Sam,Weber,sam.weber2538@example.com,CA,2024-12-11,2025-03-20 00:00:00
C-02539,Lucas,Miller,lucas.miller2539@example.com,US,2024-06-19,2024-07-10 00:00:00
C-02540,Hana,Novak,hana.novak2540@example.com,US,2025-05-07,2025-05-24 00:00:00
C-02541,Priya,Dubois,priya.dubois2541@example.com,UK,2025-04-10,2026-01-09 00:00:00
C-02542,Mira,Thomas,mira.thomas2542@example.com,US,2024-12-04,2025-03-07 00:00:00
C-02543,Cleo,Hall,cleo.hall2543@example.com,DE,2025-04-07,2026-01-26 00:00:00
C-02544,Anya,Lewis,anya.lewis2544@example.com,US,2024-07-19,2025-05-04 00:00:00
C-02545,Sam,Wilson,,CA,2025-06-13,2025-07-25 00:00:00
C-02546,Priya,Moore,priya.moore2546@example.com,AU,2024-06-22,2025-01-22 00:00:00
C-02547,Ethan,Davis,ethan.davis2547@example.com,BR,2024-07-02,2024-12-29 00:00:00
C-02548,Yuki,Thomas,yuki.thomas2548@example.com,US,2024-06-26,2025-01-19 00:00:00
C-02549,Elena,Khan,elena.khan2549@example.com,US,2024-09-01,2024-09-29 00:00:00
C-02550,Lucas,Chen,lucas.chen2550@example.com,US,2024-06-27,2024-08-22 00:00:00
C-02551,Wren,Garcia,wren.garcia2551@example.com,US,2025-01-03,2025-01-25 00:00:00
C-02552,Noah,Wilson,noah.wilson2552@example.com,US,2025-04-17,2025-10-15 00:00:00
C-02553,Lena,Iyer,lena.iyer2553@example.com,JP,2024-09-27,2025-07-19 00:00:00
C-02554,Kai,Iyer,kai.iyer2554@example.com,US,2025-02-19,2025-09-08 00:00:00
C-02555,Ali,Taylor,ali.taylor2555@example.com,UK,2024-08-09,2025-03-10 00:00:00
C-02556,Tara,Iyer,,US,2025-01-10,2025-11-01 00:00:00
C-02557,Liam,Anderson,liam.anderson2557@example.com,US,2024-12-09,2025-06-30 00:00:00
C-02558,Dante,White,dante.white2558@example.com,UK,2024-10-15,2024-10-27 00:00:00
C-02559,Sam,Muller,sam.muller2559@example.com,US,2024-07-22,2025-04-08 00:00:00
C-02560,Sam,Haddad,,US,2025-03-23,2025-07-10 00:00:00
C-02561,Ali,White,ali.white2561@example.com,UK,2025-03-07,2025-03-08 00:00:00
C-02562,Ali,Davis,ali.davis2562@example.com,US,2024-06-15,2024-11-14 00:00:00
C-02563,Rosa,Patel,rosa.patel2563@example.com,US,2025-02-05,2025-11-13 00:00:00
C-02564,Leo,Jackson,leo.jackson2564@example.com,BR,2025-03-31,2025-06-16 00:00:00
C-02565,Mira,Okafor,mira.okafor2565@example.com,US,2025-04-23,2025-09-17 00:00:00
C-02566,Marco,Tanaka,marco.tanaka2566@example.com,UK,2025-04-27,2025-06-18 00:00:00
C-02567,Kofi,Khan,kofi.khan2567@example.com,CA,2024-06-11,2024-06-28 00:00:00
C-02568,Leo,Khan,leo.khan2568@example.com,US,2025-07-02,2025-07-26 00:00:00
C-02569,Aisha,Weber,aisha.weber2569@example.com,US,2025-06-11,2026-01-15 00:00:00
C-02570,Arjun,White,,CA,2024-07-29,2025-04-14 00:00:00
C-02571,June,Johnson,june.johnson2571@example.com,CA,2024-07-28,2024-09-08 00:00:00
C-02572,Lena,Anderson,lena.anderson2572@example.com,US,2025-01-17,2025-04-13 00:00:00
C-02573,Tara,Clark,tara.clark2573@example.com,US,2024-09-25,2024-11-22 00:00:00
C-02574,Marco,Robinson,marco.robinson2574@example.com,CA,2025-01-30,2025-02-07 00:00:00
C-02575,Lucas,Muller,lucas.muller2575@example.com,US,2024-09-07,2025-02-20 00:00:00
C-02576,Lucas,Lewis,lucas.lewis2576@example.com,US,2024-12-12,2025-07-09 00:00:00
C-02577,Hana,Clark,hana.clark2577@example.com,DE,2024-08-26,2025-03-08 00:00:00
C-02578,Omar,Anderson,omar.anderson2578@example.com,US,2025-03-31,2025-07-25 00:00:00
C-02579,Sam,Wilson,sam.wilson2579@example.com,UK,2024-09-11,2025-02-24 00:00:00
C-02580,Sam,Garcia,sam.garcia2580@example.com,US,2025-01-18,2025-02-15 00:00:00
C-02581,Ivy,Taylor,ivy.taylor2581@example.com,US,2025-01-13,2025-02-28 00:00:00
C-02582,Tara,Jackson,tara.jackson2582@example.com,US,2025-01-14,2025-10-20 00:00:00
C-02583,Hana,Costa,,US,2025-01-01,2025-08-17 00:00:00
C-02584,Cleo,Ali,cleo.ali2584@example.com,US,2024-10-02,2025-07-05 00:00:00
C-02585,Marco,Lee,marco.lee2585@example.com,US,2025-04-22,2026-01-22 00:00:00
C-02586,Victor,Chen,victor.chen2586@example.com,CA,2025-03-24,2025-10-04 00:00:00
C-02587,Ivy,Dubois,ivy.dubois2587@example.com,US,2024-12-28,2025-10-02 00:00:00
C-02588,Ethan,Walker,ethan.walker2588@example.com,US,2025-05-06,2025-09-08 00:00:00
C-02589,Liam,Brown,liam.brown2589@example.com,US,2024-07-05,2024-07-06 00:00:00
C-02590,Kofi,Harris,kofi.harris2590@example.com,US,2024-09-02,2024-09-20 00:00:00
C-02591,Liam,Walker,liam.walker2591@example.com,UK,2024-08-24,2024-09-25 00:00:00
C-02592,Marco,Clark,marco.clark2592@example.com,US,2025-06-28,2025-07-26 00:00:00
C-02593,Amara,White,amara.white2593@example.com,US,2025-02-06,2025-05-22 00:00:00
C-02594,Kai,Harris,kai.harris2594@example.com,US,2024-08-09,2025-03-07 00:00:00
C-02595,Sam,Dubois,sam.dubois2595@example.com,US,2025-06-24,2026-02-16 00:00:00
C-02596,Omar,Lewis,omar.lewis2596@example.com,US,2025-06-26,2025-12-20 00:00:00
C-02597,Ali,Jackson,ali.jackson2597@example.com,US,2025-02-25,2025-04-09 00:00:00
C-02598,Cleo,Garcia,cleo.garcia2598@example.com,CA,2025-05-07,2025-12-17 00:00:00
C-02599,Nina,Johnson,nina.johnson2599@example.com,AU,2024-09-10,2024-12-25 00:00:00
C-02600,Zoe,Patel,zoe.patel2600@example.com,UK,2025-01-31,2025-02-03 00:00:00
C-02601,Victor,Martinez,victor.martinez2601@example.com,US,2025-04-24,2025-07-17 00:00:00
C-02602,Zoe,Anderson,zoe.anderson2602@example.com,AU,2024-06-30,2024-10-07 00:00:00
C-02603,Theo,Rossi,theo.rossi2603@example.com,CA,2025-05-01,2025-07-22 00:00:00
C-02604,Theo,Garcia,theo.garcia2604@example.com,AU,2025-01-02,2025-09-02 00:00:00
C-02605,Noah,Costa,noah.costa2605@example.com,AU,2024-06-14,2025-01-27 00:00:00
C-02606,Maya,Wilson,maya.wilson2606@example.com,US,2024-09-24,2025-04-20 00:00:00
C-02607,Arjun,Thomas,arjun.thomas2607@example.com,US,2024-08-15,2024-09-25 00:00:00
C-02608,Mateo,Tanaka,mateo.tanaka2608@example.com,CA,2025-04-12,2025-12-10 00:00:00
C-02609,Lucas,Johnson,lucas.johnson2609@example.com,UK,2025-06-28,2026-01-17 00:00:00
C-02610,Nina,Silva,nina.silva2610@example.com,US,2024-12-04,2025-01-31 00:00:00
C-02611,Omar,Tanaka,omar.tanaka2611@example.com,UK,2024-09-27,2025-04-09 00:00:00
C-02612,Zoe,White,zoe.white2612@example.com,US,2024-10-17,2025-03-11 00:00:00
C-02613,Ravi,Tanaka,ravi.tanaka2613@example.com,AU,2024-08-07,2024-12-16 00:00:00
C-02614,Arjun,Davis,arjun.davis2614@example.com,AU,2024-09-04,2024-10-07 00:00:00
C-02615,Elena,Lewis,elena.lewis2615@example.com,US,2024-07-23,2024-12-25 00:00:00
C-02616,Sofia,Silva,sofia.silva2616@example.com,US,2024-10-25,2024-11-23 00:00:00
C-02617,Ivy,Wilson,ivy.wilson2617@example.com,AU,2024-12-23,2025-02-10 00:00:00
C-02618,Tara,Weber,tara.weber2618@example.com,US,2024-06-07,2024-07-16 00:00:00
C-02619,Kofi,Weber,kofi.weber2619@example.com,US,2024-11-27,2025-09-09 00:00:00
C-02620,Tara,Silva,tara.silva2620@example.com,AU,2024-09-05,2024-11-29 00:00:00
C-02621,Sofia,Silva,sofia.silva2621@example.com,US,2024-09-06,2024-12-21 00:00:00
C-02622,Elena,Haddad,,US,2025-03-14,2025-06-18 00:00:00
C-02623,June,Weber,june.weber2623@example.com,US,2025-02-19,2025-11-15 00:00:00
C-02624,Elena,Wilson,elena.wilson2624@example.com,BR,2025-06-14,2025-11-29 00:00:00
C-02625,Anya,Taylor,anya.taylor2625@example.com,US,2025-03-13,2025-12-13 00:00:00
C-02626,Leo,Silva,leo.silva2626@example.com,US,2025-04-11,2025-07-09 00:00:00
C-02627,Sam,Martinez,sam.martinez2627@example.com,US,2024-07-23,2024-08-26 00:00:00
C-02628,Amara,Martinez,amara.martinez2628@example.com,US,2025-05-19,2025-11-01 00:00:00
C-02629,Marco,Patel,marco.patel2629@example.com,US,2024-09-27,2025-01-08 00:00:00
C-02630,Nina,Haddad,nina.haddad2630@example.com,US,2024-09-21,2025-05-19 00:00:00
C-02631,Mateo,Iyer,mateo.iyer2631@example.com,DE,2025-01-31,2025-10-21 00:00:00
C-02632,Lucas,Chen,lucas.chen2632@example.com,US,2024-09-29,2025-02-17 00:00:00
C-02633,Kofi,Patel,kofi.patel2633@example.com,US,2024-07-19,2025-05-06 00:00:00
C-02634,Ivy,Chen,ivy.chen2634@example.com,US,2024-12-22,2025-06-05 00:00:00
C-02635,Hana,Muller,hana.muller2635@example.com,US,2024-11-13,2025-02-02 00:00:00
C-02636,Zoe,Iyer,zoe.iyer2636@example.com,US,2025-06-15,2025-11-08 00:00:00
C-02637,Theo,Khan,theo.khan2637@example.com,US,2025-02-25,2025-03-08 00:00:00
C-02638,Arjun,Lewis,arjun.lewis2638@example.com,US,2024-09-19,2025-05-18 00:00:00
C-02639,Elena,Ali,elena.ali2639@example.com,UK,2024-07-06,2024-08-05 00:00:00
C-02640,Ravi,Haddad,ravi.haddad2640@example.com,US,2025-04-20,2025-07-21 00:00:00
C-02641,Kai,Kim,kai.kim2641@example.com,US,2024-09-18,2025-03-06 00:00:00
C-02642,Rosa,Iyer,rosa.iyer2642@example.com,US,2024-08-17,2024-08-29 00:00:00
C-02643,Zoe,Dubois,zoe.dubois2643@example.com,US,2024-06-02,2024-06-25 00:00:00
C-02644,Omar,Haddad,omar.haddad2644@example.com,IN,2024-08-03,2025-02-27 00:00:00
C-02645,June,Harris,june.harris2645@example.com,US,2024-09-28,2024-10-19 00:00:00
C-02646,Noah,Brown,noah.brown2646@example.com,US,2024-06-06,2024-10-27 00:00:00
C-02647,Nora,Harris,nora.harris2647@example.com,US,2025-05-03,2025-08-12 00:00:00
C-02648,Diego,Chen,diego.chen2648@example.com,CA,2024-06-26,2024-09-02 00:00:00
C-02649,Omar,Walker,omar.walker2649@example.com,CA,2024-12-17,2025-02-11 00:00:00
C-02650,Ava,Lee,ava.lee2650@example.com,US,2025-06-27,2026-02-11 00:00:00
C-02651,Arjun,Chen,arjun.chen2651@example.com,UK,2024-10-16,2025-07-28 00:00:00
C-02652,Wren,White,wren.white2652@example.com,US,2024-10-09,2024-11-20 00:00:00
C-02653,Victor,Walker,victor.walker2653@example.com,UK,2025-06-11,2026-03-25 00:00:00
C-02654,Kai,Davis,kai.davis2654@example.com,US,2024-10-04,2025-03-31 00:00:00
C-02655,Tara,Weber,tara.weber2655@example.com,US,2024-08-09,2025-02-17 00:00:00
C-02656,Ravi,Davis,ravi.davis2656@example.com,CA,2025-03-04,2025-10-02 00:00:00
C-02657,Jonas,Weber,jonas.weber2657@example.com,US,2025-01-14,2025-08-13 00:00:00
C-02658,Kai,Martin,,US,2025-01-09,2025-09-11 00:00:00
C-02659,Diego,Martin,diego.martin2659@example.com,US,2024-08-11,2025-01-03 00:00:00
C-02660,Lena,Weber,lena.weber2660@example.com,US,2024-11-14,2025-04-23 00:00:00
C-02661,Nina,Robinson,nina.robinson2661@example.com,US,2024-07-27,2024-11-01 00:00:00
C-02662,Priya,Haddad,priya.haddad2662@example.com,US,2025-06-17,2025-07-18 00:00:00
C-02663,Yuki,Brown,yuki.brown2663@example.com,US,2025-02-10,2025-08-28 00:00:00
C-02664,Priya,Weber,priya.weber2664@example.com,US,2024-12-07,2024-12-17 00:00:00
C-02665,Kofi,Silva,kofi.silva2665@example.com,US,2024-06-14,2024-09-04 00:00:00
C-02666,Hana,Johnson,hana.johnson2666@example.com,CA,2024-07-12,2024-08-09 00:00:00
C-02667,Amara,Brown,amara.brown2667@example.com,US,2024-08-04,2024-09-30 00:00:00
C-02668,Ali,Anderson,ali.anderson2668@example.com,US,2025-05-02,2025-11-09 00:00:00
C-02669,Ivy,Tanaka,ivy.tanaka2669@example.com,US,2024-06-13,2024-12-18 00:00:00
C-02670,Aisha,Silva,aisha.silva2670@example.com,DE,2024-07-25,2024-11-28 00:00:00
C-02671,Leo,Brown,leo.brown2671@example.com,US,2024-06-16,2024-07-13 00:00:00
C-02672,Kofi,Taylor,kofi.taylor2672@example.com,US,2024-07-24,2024-12-01 00:00:00
C-02673,Hana,Nguyen,hana.nguyen2673@example.com,US,2024-12-03,2025-03-18 00:00:00
C-02674,Sofia,White,sofia.white2674@example.com,US,2025-02-04,2025-09-08 00:00:00
C-02675,Nora,Okafor,nora.okafor2675@example.com,US,2025-03-19,2025-09-08 00:00:00
C-02676,Tara,Wilson,,US,2025-01-05,2025-06-01 00:00:00
C-02677,Marco,Brown,marco.brown2677@example.com,IN,2024-09-04,2025-01-28 00:00:00
C-02678,Nora,Okafor,nora.okafor2678@example.com,US,2024-06-05,2025-03-21 00:00:00
C-02679,Dante,Muller,,US,2024-10-27,2025-06-10 00:00:00
C-02680,Sam,Harris,sam.harris2680@example.com,CA,2025-06-18,2025-11-14 00:00:00
C-02681,Diego,Kim,diego.kim2681@example.com,US,2025-05-11,2025-10-01 00:00:00
C-02682,Mira,Novak,mira.novak2682@example.com,CA,2024-07-23,2024-07-30 00:00:00
C-02683,June,Moore,,US,2024-07-25,2025-05-03 00:00:00
C-02684,Nina,Iyer,nina.iyer2684@example.com,US,2024-12-08,2025-03-13 00:00:00
C-02685,Tara,Rossi,tara.rossi2685@example.com,BR,2024-11-26,2025-02-10 00:00:00
C-02686,Zoe,Brown,zoe.brown2686@example.com,DE,2025-05-15,2026-03-10 00:00:00
C-02687,Victor,Silva,victor.silva2687@example.com,CA,2024-07-04,2025-02-04 00:00:00
C-02688,Yuki,Lewis,yuki.lewis2688@example.com,US,2024-10-13,2024-10-27 00:00:00
C-02689,Arjun,Novak,arjun.novak2689@example.com,US,2025-06-04,2025-06-22 00:00:00
C-02690,Elena,Clark,elena.clark2690@example.com,US,2024-08-22,2024-08-29 00:00:00
C-02691,Liam,Dubois,liam.dubois2691@example.com,US,2024-12-06,2025-06-03 00:00:00
C-02692,Sam,Wilson,sam.wilson2692@example.com,US,2024-10-07,2024-10-28 00:00:00
C-02693,Omar,Ali,omar.ali2693@example.com,US,2024-07-17,2025-04-23 00:00:00
C-02694,Cleo,Wilson,cleo.wilson2694@example.com,UK,2025-04-19,2026-01-25 00:00:00
C-02695,Elena,Tanaka,elena.tanaka2695@example.com,US,2024-12-30,2025-06-11 00:00:00
C-02696,Sofia,Rossi,sofia.rossi2696@example.com,US,2025-04-11,2025-10-12 00:00:00
C-02697,Hana,Martin,hana.martin2697@example.com,US,2024-11-22,2025-02-17 00:00:00
C-02698,Noah,Garcia,noah.garcia2698@example.com,CA,2024-12-12,2024-12-31 00:00:00
C-02699,Lena,Kim,lena.kim2699@example.com,US,2024-08-16,2025-03-25 00:00:00
C-02700,Theo,Martin,theo.martin2700@example.com,US,2025-05-14,2025-06-13 00:00:00
C-02701,Zoe,Smith,zoe.smith2701@example.com,CA,2024-07-09,2024-08-03 00:00:00
C-02702,Lucas,Robinson,lucas.robinson2702@example.com,US,2025-04-13,2025-07-15 00:00:00
C-02703,Ethan,Lewis,ethan.lewis2703@example.com,CA,2024-10-09,2024-10-12 00:00:00
C-02704,Nora,Smith,nora.smith2704@example.com,US,2025-06-25,2025-11-02 00:00:00
C-02705,Dante,White,dante.white2705@example.com,IN,2025-04-15,2025-11-13 00:00:00
C-02706,Mateo,Davis,,UK,2024-07-27,2025-03-24 00:00:00
C-02707,Kofi,Davis,kofi.davis2707@example.com,JP,2025-01-07,2025-07-07 00:00:00
C-02708,Lena,Garcia,lena.garcia2708@example.com,US,2024-08-20,2025-05-01 00:00:00
C-02709,Ava,Hall,ava.hall2709@example.com,US,2025-06-08,2025-10-07 00:00:00
C-02710,Ava,Haddad,ava.haddad2710@example.com,US,2024-07-07,2025-03-18 00:00:00
C-02711,Elena,Haddad,elena.haddad2711@example.com,BR,2025-05-21,2025-10-19 00:00:00
C-02712,Sam,Robinson,sam.robinson2712@example.com,UK,2025-01-18,2025-03-25 00:00:00
C-02713,Nora,Lewis,nora.lewis2713@example.com,AU,2024-06-27,2025-04-06 00:00:00
C-02714,Kofi,Silva,kofi.silva2714@example.com,US,2024-12-11,2025-03-03 00:00:00
C-02715,Omar,Weber,omar.weber2715@example.com,US,2025-03-05,2025-03-12 00:00:00
C-02716,Theo,Walker,theo.walker2716@example.com,US,2024-07-02,2024-09-12 00:00:00
C-02717,Sofia,Robinson,sofia.robinson2717@example.com,US,2024-11-28,2025-03-18 00:00:00
C-02718,Sam,Brown,sam.brown2718@example.com,UK,2024-08-14,2024-11-27 00:00:00
C-02719,Omar,Chen,omar.chen2719@example.com,US,2024-10-12,2025-03-18 00:00:00
C-02720,Dante,Haddad,dante.haddad2720@example.com,US,2025-01-12,2025-10-03 00:00:00
C-02721,Leo,Garcia,leo.garcia2721@example.com,US,2025-04-19,2025-07-15 00:00:00
C-02722,Lucas,Moore,,BR,2025-05-28,2025-10-31 00:00:00
C-02723,Omar,Moore,,US,2024-08-15,2024-11-25 00:00:00
C-02724,Hana,Chen,hana.chen2724@example.com,US,2025-03-24,2025-11-25 00:00:00
C-02725,June,Rossi,june.rossi2725@example.com,US,2024-10-28,2024-12-14 00:00:00
C-02726,Jonas,Lee,jonas.lee2726@example.com,US,2024-08-16,2024-09-16 00:00:00
C-02727,Amara,Okafor,amara.okafor2727@example.com,US,2025-03-07,2025-08-04 00:00:00
C-02728,Ali,Miller,ali.miller2728@example.com,US,2024-11-28,2025-06-17 00:00:00
C-02729,Victor,Chen,victor.chen2729@example.com,US,2025-04-28,2025-12-22 00:00:00
C-02730,Jonas,Wilson,jonas.wilson2730@example.com,US,2024-07-25,2025-01-17 00:00:00
C-02731,Lucas,White,,US,2025-05-20,2026-01-07 00:00:00
C-02732,Victor,Taylor,victor.taylor2732@example.com,US,2024-10-10,2025-02-04 00:00:00
C-02733,Leo,Wilson,leo.wilson2733@example.com,US,2025-05-23,2025-06-01 00:00:00
C-02734,Lena,Weber,lena.weber2734@example.com,AU,2024-12-28,2025-01-31 00:00:00
C-02735,Ethan,Moore,ethan.moore2735@example.com,US,2025-05-24,2025-06-04 00:00:00
C-02736,Dante,Brown,,US,2024-06-10,2024-09-16 00:00:00
C-02737,Kai,Lewis,,US,2024-08-20,2025-01-15 00:00:00
C-02738,Mateo,Dubois,mateo.dubois2738@example.com,IN,2024-09-28,2025-01-12 00:00:00
C-02739,Maya,Nguyen,maya.nguyen2739@example.com,US,2025-01-12,2025-06-29 00:00:00
C-02740,Tara,Wilson,tara.wilson2740@example.com,US,2025-06-09,2025-10-31 00:00:00
C-02741,Victor,Ali,victor.ali2741@example.com,US,2025-01-12,2025-08-03 00:00:00
C-02742,Mateo,Ali,mateo.ali2742@example.com,US,2024-08-09,2025-02-25 00:00:00
C-02743,Amara,Garcia,amara.garcia2743@example.com,US,2025-05-11,2025-08-14 00:00:00
C-02744,Hana,Wilson,hana.wilson2744@example.com,US,2024-08-11,2024-11-22 00:00:00
C-02745,Wren,Brown,,US,2024-09-19,2025-03-13 00:00:00
C-02746,Nina,Garcia,nina.garcia2746@example.com,US,2025-05-12,2025-11-06 00:00:00
C-02747,Mateo,Anderson,,US,2024-07-21,2024-10-23 00:00:00
C-02748,Ali,Martinez,ali.martinez2748@example.com,US,2025-03-03,2025-06-10 00:00:00
C-02749,Ava,Miller,ava.miller2749@example.com,US,2025-01-21,2025-08-17 00:00:00
C-02750,Victor,Smith,victor.smith2750@example.com,US,2024-10-10,2025-04-22 00:00:00
C-02751,Cleo,Anderson,cleo.anderson2751@example.com,US,2024-11-07,2024-12-17 00:00:00
C-02752,Arjun,Dubois,arjun.dubois2752@example.com,UK,2024-10-27,2025-03-08 00:00:00
C-02753,Ava,Weber,ava.weber2753@example.com,US,2024-06-01,2025-02-23 00:00:00
C-02754,Sofia,Brown,sofia.brown2754@example.com,US,2024-12-29,2025-01-08 00:00:00
C-02755,Wren,Muller,wren.muller2755@example.com,BR,2025-05-14,2026-01-25 00:00:00
C-02756,Kofi,Chen,kofi.chen2756@example.com,US,2024-06-05,2024-07-23 00:00:00
C-02757,Sofia,Silva,sofia.silva2757@example.com,US,2024-10-24,2025-03-25 00:00:00
C-02758,Priya,Taylor,priya.taylor2758@example.com,CA,2025-03-18,2025-07-23 00:00:00
C-02759,Priya,Novak,priya.novak2759@example.com,US,2025-01-31,2025-02-03 00:00:00
C-02760,Yuki,Davis,yuki.davis2760@example.com,US,2025-02-19,2025-11-20 00:00:00
C-02761,June,Martinez,june.martinez2761@example.com,US,2024-12-28,2025-05-13 00:00:00
C-02762,Sofia,Brown,sofia.brown2762@example.com,UK,2024-09-27,2025-07-10 00:00:00
C-02763,Mateo,Lee,mateo.lee2763@example.com,US,2024-06-14,2024-09-08 00:00:00
C-02764,Marco,Nguyen,marco.nguyen2764@example.com,US,2024-07-26,2025-04-11 00:00:00
C-02765,Ava,Silva,ava.silva2765@example.com,US,2024-12-11,2025-09-13 00:00:00
C-02766,Amara,Taylor,amara.taylor2766@example.com,CA,2025-02-22,2025-08-08 00:00:00
C-02767,Diego,Harris,diego.harris2767@example.com,US,2024-12-24,2025-02-22 00:00:00
C-02768,Kofi,Taylor,kofi.taylor2768@example.com,US,2025-01-11,2025-08-04 00:00:00
C-02769,Cleo,Hall,cleo.hall2769@example.com,US,2025-06-22,2025-12-03 00:00:00
C-02770,Lucas,Iyer,lucas.iyer2770@example.com,US,2025-06-11,2026-03-21 00:00:00
C-02771,Nina,Davis,nina.davis2771@example.com,US,2024-12-27,2025-05-07 00:00:00
C-02772,Elena,Davis,elena.davis2772@example.com,US,2024-07-28,2024-10-16 00:00:00
C-02773,Rosa,White,rosa.white2773@example.com,UK,2025-05-18,2025-06-28 00:00:00
C-02774,Nina,Martinez,nina.martinez2774@example.com,US,2024-11-06,2025-06-03 00:00:00
C-02775,Lena,Garcia,lena.garcia2775@example.com,US,2024-09-05,2025-06-24 00:00:00
C-02776,Priya,Haddad,priya.haddad2776@example.com,US,2025-02-15,2025-02-23 00:00:00
C-02777,Lucas,Clark,lucas.clark2777@example.com,US,2024-09-07,2025-04-17 00:00:00
C-02778,Leo,Weber,leo.weber2778@example.com,CA,2025-05-12,2026-02-14 00:00:00
C-02779,Ethan,Garcia,ethan.garcia2779@example.com,US,2025-05-07,2025-05-29 00:00:00
C-02780,Nora,Silva,nora.silva2780@example.com,US,2025-03-19,2025-04-21 00:00:00
C-02781,Liam,Chen,liam.chen2781@example.com,US,2024-07-01,2025-01-24 00:00:00
C-02782,Anya,Walker,anya.walker2782@example.com,CA,2024-12-09,2025-06-21 00:00:00
C-02783,Anya,Martinez,,US,2025-05-07,2025-05-27 00:00:00
C-02784,Aisha,Robinson,aisha.robinson2784@example.com,US,2024-12-29,2025-09-05 00:00:00
C-02785,Amara,Wilson,amara.wilson2785@example.com,UK,2024-11-24,2025-04-30 00:00:00
C-02786,Amara,Hall,amara.hall2786@example.com,DE,2024-12-17,2025-09-15 00:00:00
C-02787,Mateo,Robinson,mateo.robinson2787@example.com,CA,2024-06-20,2025-03-10 00:00:00
C-02788,Lena,Chen,lena.chen2788@example.com,US,2025-04-23,2025-12-22 00:00:00
C-02789,Tara,Moore,tara.moore2789@example.com,US,2024-11-12,2025-04-15 00:00:00
C-02790,Diego,White,diego.white2790@example.com,AU,2024-10-26,2025-01-09 00:00:00
C-02791,Yuki,Patel,,AU,2025-05-17,2025-10-15 00:00:00
C-02792,Rosa,Weber,rosa.weber2792@example.com,DE,2025-03-17,2025-04-16 00:00:00
C-02793,Wren,Walker,wren.walker2793@example.com,US,2025-04-12,2025-10-26 00:00:00
C-02794,Victor,Dubois,victor.dubois2794@example.com,US,2025-07-05,2025-08-14 00:00:00
C-02795,Ravi,Taylor,ravi.taylor2795@example.com,UK,2025-01-03,2025-06-05 00:00:00
C-02796,Victor,Taylor,victor.taylor2796@example.com,US,2025-01-02,2025-01-18 00:00:00
C-02797,Leo,Smith,leo.smith2797@example.com,US,2024-12-07,2025-03-06 00:00:00
C-02798,Sofia,Taylor,sofia.taylor2798@example.com,IN,2025-02-02,2025-04-12 00:00:00
C-02799,June,Silva,june.silva2799@example.com,US,2024-11-22,2025-05-27 00:00:00
C-02800,Dante,Brown,,US,2024-06-26,2025-02-17 00:00:00
C-02801,Anya,Weber,anya.weber2801@example.com,BR,2025-03-14,2025-03-31 00:00:00
C-02802,Ali,Harris,ali.harris2802@example.com,US,2024-06-26,2025-03-08 00:00:00
C-02803,Yuki,Rossi,yuki.rossi2803@example.com,CA,2024-09-22,2025-06-07 00:00:00
C-02804,Cleo,Silva,,DE,2024-12-17,2025-03-29 00:00:00
C-02805,Nina,Iyer,nina.iyer2805@example.com,US,2024-09-18,2025-04-03 00:00:00
C-02806,Marco,Tanaka,marco.tanaka2806@example.com,US,2024-07-14,2024-11-11 00:00:00
C-02807,Lena,Lee,lena.lee2807@example.com,AU,2024-10-17,2024-12-02 00:00:00
C-02808,Mira,Costa,mira.costa2808@example.com,US,2024-10-20,2025-03-27 00:00:00
C-02809,Ethan,Walker,ethan.walker2809@example.com,US,2025-02-27,2025-03-24 00:00:00
C-02810,Ravi,Martin,ravi.martin2810@example.com,US,2025-05-15,2026-02-02 00:00:00
C-02811,Victor,Nguyen,victor.nguyen2811@example.com,BR,2025-03-04,2025-12-06 00:00:00
C-02812,Dante,Iyer,dante.iyer2812@example.com,UK,2024-11-19,2025-07-23 00:00:00
C-02813,Jonas,Davis,jonas.davis2813@example.com,US,2025-03-18,2025-09-02 00:00:00
C-02814,Leo,Khan,,AU,2024-08-11,2025-01-25 00:00:00
C-02815,Mira,Novak,mira.novak2815@example.com,US,2025-05-27,2026-03-18 00:00:00
C-02816,June,Thomas,june.thomas2816@example.com,US,2024-11-27,2025-02-09 00:00:00
C-02817,Mira,Clark,mira.clark2817@example.com,CA,2025-03-27,2025-04-18 00:00:00
C-02818,Marco,Walker,marco.walker2818@example.com,UK,2024-07-31,2025-01-15 00:00:00
C-02819,Marco,Kim,marco.kim2819@example.com,CA,2025-07-02,2025-10-08 00:00:00
C-02820,Priya,Lewis,priya.lewis2820@example.com,IN,2024-11-25,2025-03-01 00:00:00
C-02821,Ravi,Wilson,ravi.wilson2821@example.com,AU,2024-11-24,2024-11-26 00:00:00
C-02822,Ali,Anderson,ali.anderson2822@example.com,AU,2025-01-24,2025-07-21 00:00:00
C-02823,Maya,Miller,maya.miller2823@example.com,US,2024-10-05,2024-12-23 00:00:00
C-02824,Cleo,Lewis,cleo.lewis2824@example.com,US,2025-04-01,2025-05-27 00:00:00
C-02825,Hana,Thomas,hana.thomas2825@example.com,US,2024-06-19,2024-07-01 00:00:00
C-02826,Omar,Lewis,omar.lewis2826@example.com,UK,2025-05-19,2025-09-05 00:00:00
C-02827,Nina,Muller,nina.muller2827@example.com,US,2024-07-11,2025-03-31 00:00:00
C-02828,Liam,White,liam.white2828@example.com,US,2024-07-30,2024-11-08 00:00:00
C-02829,Leo,Miller,leo.miller2829@example.com,US,2024-06-09,2024-12-29 00:00:00
C-02830,Dante,Jackson,dante.jackson2830@example.com,US,2025-03-07,2025-10-19 00:00:00
C-02831,Cleo,Tanaka,cleo.tanaka2831@example.com,US,2024-09-14,2024-12-21 00:00:00
C-02832,Omar,Clark,omar.clark2832@example.com,CA,2025-06-11,2026-02-12 00:00:00
C-02833,Sam,Taylor,sam.taylor2833@example.com,JP,2024-06-15,2025-01-08 00:00:00
C-02834,Kai,Martin,kai.martin2834@example.com,US,2025-04-22,2025-10-06 00:00:00
C-02835,Leo,Hall,leo.hall2835@example.com,US,2025-02-11,2025-02-11 00:00:00
C-02836,Sam,Weber,sam.weber2836@example.com,AU,2024-06-13,2024-06-23 00:00:00
C-02837,Ethan,Taylor,ethan.taylor2837@example.com,US,2024-08-03,2025-05-27 00:00:00
C-02838,Kai,Moore,kai.moore2838@example.com,AU,2025-02-09,2025-10-01 00:00:00
C-02839,Mira,Miller,mira.miller2839@example.com,US,2024-09-27,2025-07-05 00:00:00
C-02840,Aisha,Johnson,aisha.johnson2840@example.com,US,2024-08-19,2025-05-16 00:00:00
C-02841,Liam,Rossi,liam.rossi2841@example.com,US,2024-06-13,2024-06-19 00:00:00
C-02842,Jonas,Clark,jonas.clark2842@example.com,CA,2024-07-02,2025-02-24 00:00:00
C-02843,Theo,Ali,theo.ali2843@example.com,AU,2024-09-11,2025-01-24 00:00:00
C-02844,Zoe,Chen,zoe.chen2844@example.com,AU,2024-12-06,2025-07-30 00:00:00
C-02845,Ali,Taylor,ali.taylor2845@example.com,US,2024-10-18,2024-10-20 00:00:00
C-02846,Nina,Robinson,nina.robinson2846@example.com,US,2024-11-02,2025-01-27 00:00:00
C-02847,Marco,Muller,marco.muller2847@example.com,IN,2025-03-20,2025-10-31 00:00:00
C-02848,Tara,Hall,tara.hall2848@example.com,US,2024-07-07,2025-03-01 00:00:00
C-02849,Sam,Haddad,sam.haddad2849@example.com,US,2024-06-29,2024-12-31 00:00:00
C-02850,Ravi,Clark,ravi.clark2850@example.com,US,2024-11-03,2025-02-01 00:00:00
C-02851,Liam,Martin,liam.martin2851@example.com,AU,2024-12-11,2025-03-14 00:00:00
C-02852,Ivy,Novak,ivy.novak2852@example.com,US,2025-04-14,2026-01-29 00:00:00
C-02853,Omar,Silva,,US,2025-04-23,2025-09-01 00:00:00
C-02854,Liam,Hall,liam.hall2854@example.com,US,2024-12-19,2025-05-02 00:00:00
C-02855,Victor,Clark,victor.clark2855@example.com,CA,2025-04-14,2025-09-26 00:00:00
C-02856,Nora,Anderson,nora.anderson2856@example.com,US,2024-12-05,2025-04-06 00:00:00
C-02857,June,Taylor,june.taylor2857@example.com,US,2024-10-29,2025-04-12 00:00:00
C-02858,Elena,Wilson,elena.wilson2858@example.com,US,2025-03-03,2025-07-10 00:00:00
C-02859,Lena,Wilson,lena.wilson2859@example.com,US,2025-04-19,2025-12-23 00:00:00
C-02860,Sam,Robinson,sam.robinson2860@example.com,AU,2024-11-19,2025-08-18 00:00:00
C-02861,Sofia,Brown,sofia.brown2861@example.com,AU,2024-08-09,2025-05-15 00:00:00
C-02862,Ravi,Robinson,ravi.robinson2862@example.com,US,2024-09-26,2025-03-14 00:00:00
C-02863,Jonas,Harris,jonas.harris2863@example.com,US,2024-09-22,2025-02-01 00:00:00
C-02864,Ali,Haddad,ali.haddad2864@example.com,AU,2024-10-15,2025-05-14 00:00:00
C-02865,Rosa,Haddad,rosa.haddad2865@example.com,CA,2024-07-03,2025-03-11 00:00:00
C-02866,Noah,White,noah.white2866@example.com,US,2025-05-28,2025-11-12 00:00:00
C-02867,June,Thomas,,US,2025-01-05,2025-08-02 00:00:00
C-02868,Liam,Clark,liam.clark2868@example.com,UK,2024-08-19,2025-03-31 00:00:00
C-02869,Noah,Miller,noah.miller2869@example.com,AU,2024-08-27,2025-03-17 00:00:00
C-02870,Mateo,Smith,mateo.smith2870@example.com,US,2024-10-01,2025-05-12 00:00:00
C-02871,Dante,Lewis,dante.lewis2871@example.com,DE,2025-04-13,2025-06-14 00:00:00
C-02872,Liam,Walker,liam.walker2872@example.com,AU,2025-02-02,2025-07-01 00:00:00
C-02873,Sofia,Taylor,sofia.taylor2873@example.com,US,2024-09-26,2025-03-21 00:00:00
C-02874,Yuki,Robinson,yuki.robinson2874@example.com,US,2025-07-03,2025-07-03 00:00:00
C-02875,Nina,Haddad,nina.haddad2875@example.com,US,2025-06-18,2026-03-01 00:00:00
C-02876,Victor,Silva,victor.silva2876@example.com,UK,2024-12-29,2025-06-30 00:00:00
C-02877,June,Brown,june.brown2877@example.com,CA,2024-10-26,2024-12-03 00:00:00
C-02878,Noah,Miller,noah.miller2878@example.com,JP,2025-01-15,2025-09-16 00:00:00
C-02879,Zoe,Hall,,US,2024-09-01,2025-04-04 00:00:00
C-02880,Amara,Chen,amara.chen2880@example.com,CA,2025-03-27,2025-11-09 00:00:00
C-02881,Kai,Ali,,US,2024-10-15,2025-02-09 00:00:00
C-02882,Lucas,Davis,lucas.davis2882@example.com,US,2024-11-14,2025-07-28 00:00:00
C-02883,Kofi,Moore,kofi.moore2883@example.com,US,2025-05-27,2025-09-28 00:00:00
C-02884,Diego,Dubois,diego.dubois2884@example.com,US,2025-06-23,2025-12-11 00:00:00
C-02885,Priya,Weber,priya.weber2885@example.com,AU,2024-11-02,2024-11-02 00:00:00
C-02886,Lena,Tanaka,lena.tanaka2886@example.com,US,2025-01-31,2025-08-12 00:00:00
C-02887,Elena,Taylor,elena.taylor2887@example.com,US,2025-06-23,2026-01-24 00:00:00
C-02888,Ethan,Davis,ethan.davis2888@example.com,US,2024-06-12,2024-11-29 00:00:00
C-02889,Anya,Tanaka,,CA,2025-03-25,2025-08-20 00:00:00
C-02890,Noah,Clark,,US,2024-11-19,2025-07-19 00:00:00
C-02891,Priya,Johnson,,US,2025-01-31,2025-08-23 00:00:00
C-02892,Ava,Patel,ava.patel2892@example.com,US,2024-12-03,2025-02-24 00:00:00
C-02893,Liam,Lewis,liam.lewis2893@example.com,US,2024-12-25,2025-10-08 00:00:00
C-02894,Kai,Chen,kai.chen2894@example.com,US,2025-01-28,2025-08-28 00:00:00
C-02895,Kai,Robinson,kai.robinson2895@example.com,US,2024-07-20,2025-05-12 00:00:00
C-02896,Priya,Silva,priya.silva2896@example.com,CA,2024-09-06,2025-06-24 00:00:00
C-02897,Kai,Jackson,kai.jackson2897@example.com,BR,2024-11-26,2025-08-28 00:00:00
C-02898,Kai,Garcia,kai.garcia2898@example.com,US,2025-05-23,2026-01-04 00:00:00
C-02899,Liam,Hall,,US,2025-06-02,2025-12-01 00:00:00
C-02900,Lucas,Weber,lucas.weber2900@example.com,US,2025-05-06,2025-06-26 00:00:00
C-02901,Leo,Ali,leo.ali2901@example.com,US,2024-06-29,2024-12-09 00:00:00
C-02902,Priya,Martin,priya.martin2902@example.com,US,2025-04-20,2025-12-05 00:00:00
C-02903,Wren,Davis,wren.davis2903@example.com,UK,2024-12-29,2025-06-03 00:00:00
C-02904,Rosa,Moore,rosa.moore2904@example.com,US,2025-01-30,2025-10-17 00:00:00
C-02905,Rosa,Smith,rosa.smith2905@example.com,US,2025-05-03,2025-06-04 00:00:00
C-02906,Mateo,Novak,mateo.novak2906@example.com,US,2025-01-25,2025-05-19 00:00:00
C-02907,Nora,Taylor,,US,2025-04-16,2025-09-14 00:00:00
C-02908,Diego,Lee,diego.lee2908@example.com,US,2025-07-02,2025-11-08 00:00:00
C-02909,Ethan,Brown,ethan.brown2909@example.com,CA,2025-02-27,2025-03-31 00:00:00
C-02910,Kofi,Robinson,kofi.robinson2910@example.com,DE,2025-06-08,2025-07-24 00:00:00
C-02911,Theo,Chen,theo.chen2911@example.com,US,2024-10-30,2025-07-08 00:00:00
C-02912,Arjun,Chen,arjun.chen2912@example.com,UK,2025-06-22,2025-11-14 00:00:00
C-02913,Lena,Taylor,lena.taylor2913@example.com,US,2024-12-11,2024-12-25 00:00:00
C-02914,Mira,Garcia,mira.garcia2914@example.com,US,2025-06-27,2025-07-01 00:00:00
C-02915,Rosa,Harris,rosa.harris2915@example.com,US,2024-06-11,2024-10-31 00:00:00
C-02916,Mira,Costa,mira.costa2916@example.com,AU,2024-06-02,2024-07-21 00:00:00
C-02917,Noah,Martinez,noah.martinez2917@example.com,US,2025-02-07,2025-09-06 00:00:00
C-02918,Ethan,Weber,ethan.weber2918@example.com,BR,2024-09-28,2025-05-24 00:00:00
C-02919,Kofi,Robinson,kofi.robinson2919@example.com,US,2025-01-30,2025-04-08 00:00:00
C-02920,Noah,Robinson,,US,2025-03-12,2025-09-05 00:00:00
C-02921,Marco,Chen,marco.chen2921@example.com,US,2025-04-21,2025-06-06 00:00:00
C-02922,Noah,Thomas,noah.thomas2922@example.com,US,2024-09-01,2024-12-01 00:00:00
C-02923,Kai,Garcia,kai.garcia2923@example.com,AU,2024-10-15,2025-07-08 00:00:00
C-02924,Maya,Okafor,maya.okafor2924@example.com,US,2025-03-21,2025-08-31 00:00:00
C-02925,Ivy,Brown,,US,2025-01-03,2025-09-25 00:00:00
C-02926,Mira,Okafor,mira.okafor2926@example.com,CA,2024-11-26,2025-02-01 00:00:00
C-02927,Ava,Kim,ava.kim2927@example.com,US,2024-07-25,2024-11-01 00:00:00
C-02928,Lucas,Costa,,US,2025-02-17,2025-07-08 00:00:00
C-02929,Nina,Ali,nina.ali2929@example.com,US,2024-11-16,2025-04-09 00:00:00
C-02930,Aisha,Taylor,,US,2025-06-25,2026-04-20 00:00:00
C-02931,Ali,Novak,ali.novak2931@example.com,US,2024-08-04,2024-09-07 00:00:00
C-02932,Lena,Lewis,lena.lewis2932@example.com,UK,2024-09-06,2025-05-19 00:00:00
C-02933,Yuki,Okafor,yuki.okafor2933@example.com,UK,2024-12-01,2025-08-17 00:00:00
C-02934,Dante,Anderson,dante.anderson2934@example.com,US,2025-02-14,2025-07-29 00:00:00
C-02935,Victor,Moore,victor.moore2935@example.com,US,2024-09-21,2025-01-02 00:00:00
C-02936,Mira,Tanaka,mira.tanaka2936@example.com,UK,2024-07-30,2025-01-01 00:00:00
C-02937,Hana,Kim,hana.kim2937@example.com,US,2024-09-21,2024-12-17 00:00:00
C-02938,Sofia,Haddad,,US,2024-06-16,2025-02-10 00:00:00
C-02939,Lucas,Johnson,lucas.johnson2939@example.com,US,2025-06-11,2025-11-07 00:00:00
C-02940,Zoe,Ali,zoe.ali2940@example.com,US,2025-01-01,2025-10-05 00:00:00
C-02941,Elena,Taylor,elena.taylor2941@example.com,US,2024-12-22,2025-06-26 00:00:00
C-02942,Tara,Lewis,tara.lewis2942@example.com,IN,2024-11-19,2025-04-22 00:00:00
C-02943,Lucas,Taylor,lucas.taylor2943@example.com,US,2024-12-26,2025-07-27 00:00:00
C-02944,Ethan,Clark,ethan.clark2944@example.com,US,2025-01-28,2025-06-28 00:00:00
C-02945,Sofia,Martinez,sofia.martinez2945@example.com,US,2024-07-01,2025-03-29 00:00:00
C-02946,Diego,Muller,diego.muller2946@example.com,US,2025-05-22,2025-07-16 00:00:00
C-02947,Marco,Ali,marco.ali2947@example.com,AU,2024-09-26,2025-07-15 00:00:00
C-02948,Zoe,Novak,zoe.novak2948@example.com,US,2024-10-07,2025-06-07 00:00:00
C-02949,Arjun,Silva,arjun.silva2949@example.com,BR,2025-04-11,2025-12-25 00:00:00
C-02950,Maya,Garcia,maya.garcia2950@example.com,US,2024-06-07,2024-10-29 00:00:00
C-02951,Omar,Brown,,US,2025-01-13,2025-09-21 00:00:00
C-02952,Mateo,Davis,mateo.davis2952@example.com,US,2024-08-29,2024-11-29 00:00:00
C-02953,Kai,Miller,kai.miller2953@example.com,UK,2024-08-11,2025-03-27 00:00:00
C-02954,Noah,Taylor,noah.taylor2954@example.com,US,2025-07-05,2025-08-16 00:00:00
C-02955,Jonas,Smith,jonas.smith2955@example.com,UK,2024-09-02,2024-12-03 00:00:00
C-02956,Nora,Davis,nora.davis2956@example.com,US,2025-05-22,2025-10-02 00:00:00
C-02957,Liam,Jackson,,US,2024-09-21,2024-12-26 00:00:00
C-02958,Ali,Martinez,ali.martinez2958@example.com,US,2025-01-26,2025-05-22 00:00:00
C-02959,Mateo,Clark,mateo.clark2959@example.com,US,2024-07-27,2025-03-30 00:00:00
C-02960,Lucas,Smith,lucas.smith2960@example.com,US,2024-11-16,2025-02-01 00:00:00
C-02961,Liam,Hall,liam.hall2961@example.com,AU,2025-03-19,2025-10-28 00:00:00
C-02962,Sam,Wilson,,US,2024-08-02,2024-08-24 00:00:00
C-02963,Ivy,Patel,ivy.patel2963@example.com,CA,2024-06-19,2025-02-03 00:00:00
C-02964,Noah,Moore,noah.moore2964@example.com,US,2025-02-06,2025-10-01 00:00:00
C-02965,Ivy,Kim,ivy.kim2965@example.com,US,2025-02-06,2025-06-06 00:00:00
C-02966,Liam,Harris,liam.harris2966@example.com,UK,2025-01-22,2025-08-26 00:00:00
C-02967,Marco,Costa,marco.costa2967@example.com,US,2024-11-07,2025-08-08 00:00:00
C-02968,Arjun,Novak,arjun.novak2968@example.com,CA,2025-05-26,2026-01-21 00:00:00
C-02969,Elena,Miller,elena.miller2969@example.com,UK,2025-07-02,2025-10-27 00:00:00
C-02970,Cleo,Harris,cleo.harris2970@example.com,US,2024-07-16,2024-12-08 00:00:00
C-02971,Cleo,Robinson,cleo.robinson2971@example.com,US,2025-03-26,2025-11-14 00:00:00
C-02972,Mateo,Costa,mateo.costa2972@example.com,US,2024-11-03,2025-01-29 00:00:00
C-02973,Marco,Tanaka,marco.tanaka2973@example.com,US,2024-11-26,2025-07-25 00:00:00
C-02974,Liam,Thomas,liam.thomas2974@example.com,US,2024-06-25,2024-10-01 00:00:00
C-02975,Maya,White,maya.white2975@example.com,US,2024-08-31,2025-04-29 00:00:00
C-02976,Ivy,Taylor,ivy.taylor2976@example.com,UK,2024-12-05,2024-12-31 00:00:00
C-02977,Leo,Okafor,leo.okafor2977@example.com,US,2024-09-13,2024-09-26 00:00:00
C-02978,Victor,White,victor.white2978@example.com,US,2024-12-08,2025-10-03 00:00:00
C-02979,Marco,White,marco.white2979@example.com,US,2025-01-13,2025-09-30 00:00:00
C-02980,Hana,Dubois,hana.dubois2980@example.com,US,2025-03-25,2025-12-14 00:00:00
C-02981,Ravi,Okafor,ravi.okafor2981@example.com,CA,2024-10-03,2025-07-15 00:00:00
C-02982,Nora,Hall,nora.hall2982@example.com,US,2024-09-04,2025-01-13 00:00:00
C-02983,Rosa,Anderson,rosa.anderson2983@example.com,US,2025-02-28,2025-05-25 00:00:00
C-02984,Omar,Taylor,omar.taylor2984@example.com,US,2024-09-14,2024-10-23 00:00:00
C-02985,Theo,Jackson,theo.jackson2985@example.com,JP,2024-06-02,2024-10-30 00:00:00
C-02986,Wren,Anderson,,US,2025-06-30,2025-09-04 00:00:00
C-02987,Nina,Clark,nina.clark2987@example.com,UK,2024-11-24,2025-08-31 00:00:00
C-02988,Marco,Martinez,marco.martinez2988@example.com,US,2025-04-05,2025-04-06 00:00:00
C-02989,Liam,Okafor,liam.okafor2989@example.com,UK,2024-12-18,2025-01-29 00:00:00
C-02990,Kai,Iyer,kai.iyer2990@example.com,UK,2024-09-07,2024-11-19 00:00:00
C-02991,Kofi,Silva,kofi.silva2991@example.com,CA,2025-01-31,2025-03-31 00:00:00
C-02992,Nora,Silva,nora.silva2992@example.com,US,2024-09-09,2024-11-15 00:00:00
C-02993,Ravi,Dubois,ravi.dubois2993@example.com,US,2024-10-21,2025-05-05 00:00:00
C-02994,Sam,Hall,sam.hall2994@example.com,CA,2024-11-07,2025-02-13 00:00:00
C-02995,Anya,Kim,anya.kim2995@example.com,US,2024-12-25,2025-06-27 00:00:00
C-02996,Ethan,Garcia,,US,2024-06-07,2025-03-01 00:00:00
C-02997,Nina,Khan,nina.khan2997@example.com,US,2025-06-02,2025-11-29 00:00:00
C-02998,Nora,Silva,nora.silva2998@example.com,US,2025-01-16,2025-08-12 00:00:00
C-02999,Zoe,Wilson,zoe.wilson2999@example.com,US,2024-11-24,2025-03-13 00:00:00
C-03000,June,Jackson,june.jackson3000@example.com,AU,2024-10-20,2024-12-06 00:00:00
C-03001,Kai,Costa,kai.costa3001@example.com,CA,2025-05-03,2025-08-07 00:00:00
C-03002,Amara,Silva,amara.silva3002@example.com,US,2024-09-22,2025-07-08 00:00:00
C-03003,Theo,Hall,theo.hall3003@example.com,CA,2024-12-20,2025-06-24 00:00:00
C-03004,Rosa,Harris,rosa.harris3004@example.com,US,2024-09-07,2024-11-29 00:00:00
C-03005,Ravi,Rossi,ravi.rossi3005@example.com,US,2025-03-19,2025-08-01 00:00:00
C-03006,Arjun,Muller,arjun.muller3006@example.com,US,2024-07-30,2025-04-06 00:00:00
C-03007,Marco,Harris,marco.harris3007@example.com,US,2024-11-09,2025-05-28 00:00:00
C-03008,Liam,Lee,liam.lee3008@example.com,US,2024-10-15,2025-04-01 00:00:00
C-03009,Arjun,Lee,arjun.lee3009@example.com,US,2025-04-07,2025-12-28 00:00:00
C-03010,Liam,Martin,liam.martin3010@example.com,CA,2024-08-22,2025-03-11 00:00:00
C-03011,Leo,Davis,leo.davis3011@example.com,US,2025-06-01,2025-12-10 00:00:00
C-03012,Zoe,Ali,zoe.ali3012@example.com,US,2024-07-28,2024-09-22 00:00:00
C-03013,Hana,Silva,hana.silva3013@example.com,UK,2024-08-21,2024-09-21 00:00:00
C-03014,Nora,Brown,nora.brown3014@example.com,US,2025-03-29,2026-01-12 00:00:00
C-03015,Leo,Walker,leo.walker3015@example.com,US,2024-12-24,2025-06-21 00:00:00
C-03016,Liam,Hall,liam.hall3016@example.com,US,2025-04-06,2025-08-08 00:00:00
C-03017,Amara,Wilson,amara.wilson3017@example.com,US,2024-12-06,2025-05-31 00:00:00
C-03018,Jonas,Iyer,jonas.iyer3018@example.com,US,2024-09-30,2024-10-18 00:00:00
C-03019,Mira,Brown,mira.brown3019@example.com,US,2025-01-14,2025-09-17 00:00:00
C-03020,Ravi,Weber,ravi.weber3020@example.com,US,2024-06-30,2024-09-02 00:00:00
C-03021,Nina,Kim,nina.kim3021@example.com,IN,2024-09-14,2025-05-13 00:00:00
C-03022,Cleo,Khan,cleo.khan3022@example.com,US,2024-12-19,2025-05-28 00:00:00
C-03023,Sofia,Hall,,CA,2025-02-14,2025-05-07 00:00:00
C-03024,Liam,Weber,liam.weber3024@example.com,US,2025-03-13,2025-03-22 00:00:00
C-03025,Marco,Moore,,UK,2024-07-16,2025-03-17 00:00:00
C-03026,Dante,Moore,dante.moore3026@example.com,US,2025-02-19,2025-04-12 00:00:00
C-03027,Lena,Anderson,lena.anderson3027@example.com,US,2024-11-23,2024-12-08 00:00:00
C-03028,Leo,Tanaka,leo.tanaka3028@example.com,US,2025-02-24,2025-10-08 00:00:00
C-03029,Tara,Iyer,tara.iyer3029@example.com,US,2024-09-20,2025-01-03 00:00:00
C-03030,Ethan,Brown,ethan.brown3030@example.com,US,2024-09-03,2024-12-28 00:00:00
C-03031,Liam,Dubois,liam.dubois3031@example.com,US,2024-09-17,2024-11-30 00:00:00
C-03032,Ravi,Smith,ravi.smith3032@example.com,US,2024-11-20,2025-08-04 00:00:00
C-03033,Mateo,Lewis,mateo.lewis3033@example.com,JP,2025-04-02,2025-06-30 00:00:00
C-03034,Ethan,Smith,,US,2025-06-13,2025-08-15 00:00:00
C-03035,Nina,Hall,,CA,2025-05-31,2025-08-31 00:00:00
C-03036,Cleo,Davis,cleo.davis3036@example.com,US,2025-01-03,2025-03-04 00:00:00
C-03037,Wren,Rossi,,US,2025-04-01,2025-07-05 00:00:00
C-03038,Nora,Khan,nora.khan3038@example.com,AU,2025-05-16,2025-06-09 00:00:00
C-03039,Ethan,Patel,ethan.patel3039@example.com,UK,2024-12-18,2025-02-03 00:00:00
C-03040,Ivy,Okafor,,US,2025-05-22,2025-09-24 00:00:00
C-03041,Marco,Brown,marco.brown3041@example.com,US,2025-02-25,2025-11-15 00:00:00
C-03042,Diego,Chen,diego.chen3042@example.com,US,2025-01-01,2025-01-18 00:00:00
C-03043,Ali,Ali,ali.ali3043@example.com,DE,2024-08-28,2024-10-30 00:00:00
C-03044,June,Nguyen,june.nguyen3044@example.com,US,2025-06-01,2026-02-28 00:00:00
C-03045,Ava,Khan,ava.khan3045@example.com,US,2024-12-08,2025-09-01 00:00:00
C-03046,Elena,Silva,elena.silva3046@example.com,CA,2024-09-07,2025-03-29 00:00:00
C-03047,Nora,Rossi,nora.rossi3047@example.com,US,2024-11-04,2025-01-15 00:00:00
C-03048,Nora,Ali,nora.ali3048@example.com,DE,2024-09-09,2025-01-12 00:00:00
C-03049,Ivy,Johnson,ivy.johnson3049@example.com,CA,2024-10-14,2024-12-16 00:00:00
C-03050,Tara,Walker,tara.walker3050@example.com,UK,2024-10-12,2024-11-19 00:00:00
C-03051,Tara,Okafor,tara.okafor3051@example.com,US,2025-06-23,2025-10-14 00:00:00
C-03052,Ravi,Martinez,,UK,2024-07-13,2025-01-01 00:00:00
C-03053,Elena,Costa,elena.costa3053@example.com,US,2025-05-20,2025-09-04 00:00:00
C-03054,Noah,Smith,noah.smith3054@example.com,DE,2025-05-05,2025-11-04 00:00:00
C-03055,Noah,Hall,noah.hall3055@example.com,US,2025-03-23,2025-06-19 00:00:00
C-03056,Ethan,Jackson,,BR,2024-06-15,2024-09-26 00:00:00
C-03057,Ethan,Brown,ethan.brown3057@example.com,US,2025-06-05,2026-01-28 00:00:00
C-03058,Ali,Smith,ali.smith3058@example.com,DE,2025-04-10,2025-12-29 00:00:00
C-03059,Sam,Jackson,sam.jackson3059@example.com,US,2024-10-28,2025-02-01 00:00:00
C-03060,Aisha,Martin,aisha.martin3060@example.com,US,2025-06-06,2025-11-24 00:00:00
C-03061,Sam,Robinson,sam.robinson3061@example.com,US,2024-09-28,2024-12-20 00:00:00
C-03062,Ivy,Lee,ivy.lee3062@example.com,AU,2025-05-17,2025-06-02 00:00:00
C-03063,Leo,Anderson,leo.anderson3063@example.com,US,2024-06-25,2025-02-01 00:00:00
C-03064,Sam,Taylor,sam.taylor3064@example.com,US,2024-06-01,2024-07-22 00:00:00
C-03065,Arjun,Silva,arjun.silva3065@example.com,DE,2025-07-02,2025-11-06 00:00:00
C-03066,Marco,Anderson,marco.anderson3066@example.com,US,2025-03-19,2025-08-12 00:00:00
C-03067,Sam,Moore,sam.moore3067@example.com,UK,2024-07-07,2024-08-31 00:00:00
C-03068,Mateo,Taylor,mateo.taylor3068@example.com,US,2025-04-01,2025-04-29 00:00:00
C-03069,Kai,Silva,kai.silva3069@example.com,US,2025-01-24,2025-05-08 00:00:00
C-03070,Omar,Muller,,US,2024-10-27,2025-08-08 00:00:00
C-03071,Mateo,Iyer,mateo.iyer3071@example.com,US,2025-01-29,2025-08-01 00:00:00
C-03072,Mira,Taylor,mira.taylor3072@example.com,CA,2024-10-19,2025-02-10 00:00:00
C-03073,Dante,Haddad,dante.haddad3073@example.com,CA,2025-03-02,2025-03-13 00:00:00
C-03074,Mira,Thomas,mira.thomas3074@example.com,US,2024-09-03,2025-03-02 00:00:00
C-03075,Mira,Nguyen,mira.nguyen3075@example.com,US,2025-02-05,2025-03-04 00:00:00
C-03076,Zoe,Brown,zoe.brown3076@example.com,CA,2025-04-12,2025-09-21 00:00:00
C-03077,Tara,Silva,tara.silva3077@example.com,US,2024-09-04,2025-04-17 00:00:00
C-03078,Omar,Anderson,omar.anderson3078@example.com,US,2025-07-02,2025-11-06 00:00:00
C-03079,Amara,Davis,amara.davis3079@example.com,UK,2024-09-22,2024-12-20 00:00:00
C-03080,Wren,Thomas,wren.thomas3080@example.com,CA,2025-01-24,2025-02-07 00:00:00
C-03081,Sofia,Martinez,sofia.martinez3081@example.com,AU,2024-12-11,2024-12-18 00:00:00
C-03082,Aisha,Dubois,aisha.dubois3082@example.com,US,2024-06-16,2024-10-23 00:00:00
C-03083,Zoe,Garcia,zoe.garcia3083@example.com,US,2025-03-26,2025-12-16 00:00:00
C-03084,Ravi,Okafor,ravi.okafor3084@example.com,AU,2024-07-06,2024-09-17 00:00:00
C-03085,Ivy,Brown,ivy.brown3085@example.com,US,2024-11-16,2025-05-07 00:00:00
C-03086,Dante,Clark,dante.clark3086@example.com,US,2025-06-30,2026-01-21 00:00:00
C-03087,Nora,Dubois,nora.dubois3087@example.com,UK,2025-01-02,2025-01-20 00:00:00
C-03088,Kofi,Haddad,kofi.haddad3088@example.com,CA,2024-07-03,2024-08-17 00:00:00
C-03089,Ravi,Novak,ravi.novak3089@example.com,US,2025-02-20,2025-05-30 00:00:00
C-03090,Liam,Brown,liam.brown3090@example.com,US,2024-09-05,2025-03-25 00:00:00
C-03091,Marco,Silva,marco.silva3091@example.com,US,2025-04-23,2025-09-01 00:00:00
C-03092,Anya,Martin,anya.martin3092@example.com,DE,2025-05-19,2025-12-25 00:00:00
C-03093,Dante,Smith,dante.smith3093@example.com,JP,2025-03-14,2025-11-29 00:00:00
C-03094,Nora,Iyer,nora.iyer3094@example.com,US,2024-08-13,2025-03-28 00:00:00
C-03095,Noah,Harris,noah.harris3095@example.com,UK,2025-06-19,2026-04-12 00:00:00
C-03096,Ava,Brown,ava.brown3096@example.com,CA,2025-01-18,2025-09-01 00:00:00
C-03097,Diego,Clark,diego.clark3097@example.com,US,2025-05-22,2026-02-01 00:00:00
C-03098,Sam,Martin,sam.martin3098@example.com,CA,2025-05-26,2026-01-30 00:00:00
C-03099,Theo,Chen,theo.chen3099@example.com,UK,2024-10-31,2025-06-07 00:00:00
C-03100,Nora,Walker,nora.walker3100@example.com,US,2024-11-12,2025-07-10 00:00:00
C-03101,Noah,Chen,noah.chen3101@example.com,US,2025-04-21,2026-01-26 00:00:00
C-03102,Tara,Novak,tara.novak3102@example.com,US,2025-01-22,2025-06-13 00:00:00
C-03103,Ava,Weber,ava.weber3103@example.com,US,2024-08-06,2025-02-13 00:00:00
C-03104,Tara,Garcia,,UK,2025-01-13,2025-06-16 00:00:00
C-03105,Victor,Khan,victor.khan3105@example.com,JP,2025-02-26,2025-11-08 00:00:00
C-03106,Mateo,Jackson,mateo.jackson3106@example.com,CA,2024-07-30,2024-12-06 00:00:00
C-03107,Amara,Walker,amara.walker3107@example.com,US,2025-03-16,2025-11-16 00:00:00
C-03108,Priya,Iyer,priya.iyer3108@example.com,US,2025-04-08,2025-12-03 00:00:00
C-03109,Ali,White,ali.white3109@example.com,CA,2025-05-09,2026-02-21 00:00:00
C-03110,Sofia,Brown,sofia.brown3110@example.com,US,2025-01-30,2025-04-14 00:00:00
C-03111,Noah,Brown,noah.brown3111@example.com,US,2025-01-12,2025-08-12 00:00:00
C-03112,Mateo,Brown,mateo.brown3112@example.com,US,2024-07-11,2025-02-23 00:00:00
C-03113,Rosa,Garcia,rosa.garcia3113@example.com,UK,2025-01-04,2025-10-11 00:00:00
C-03114,Sam,Taylor,sam.taylor3114@example.com,CA,2024-08-24,2025-05-23 00:00:00
C-03115,Maya,Costa,maya.costa3115@example.com,DE,2024-11-27,2025-05-18 00:00:00
C-03116,Kofi,Kim,kofi.kim3116@example.com,US,2025-02-20,2025-08-12 00:00:00
C-03117,Sofia,Martin,,US,2025-05-28,2025-07-17 00:00:00
C-03118,Sofia,Silva,sofia.silva3118@example.com,US,2025-03-19,2026-01-05 00:00:00
C-03119,Ravi,Khan,ravi.khan3119@example.com,US,2024-08-28,2024-11-12 00:00:00
C-03120,Nina,Khan,nina.khan3120@example.com,DE,2024-12-08,2025-07-13 00:00:00
C-03121,Zoe,Martin,zoe.martin3121@example.com,US,2025-06-19,2026-02-12 00:00:00
C-03122,Anya,Anderson,anya.anderson3122@example.com,US,2025-04-14,2025-08-24 00:00:00
C-03123,Mateo,Clark,mateo.clark3123@example.com,US,2025-02-14,2025-04-18 00:00:00
C-03124,Arjun,Johnson,arjun.johnson3124@example.com,US,2024-12-03,2025-01-28 00:00:00
C-03125,Ivy,Novak,,UK,2024-06-11,2025-02-22 00:00:00
C-03126,Rosa,Garcia,,AU,2025-04-18,2025-09-18 00:00:00
C-03127,Ivy,Harris,,US,2024-06-06,2024-07-03 00:00:00
C-03128,Ivy,Silva,ivy.silva3128@example.com,US,2024-07-15,2025-02-15 00:00:00
C-03129,Jonas,Brown,jonas.brown3129@example.com,DE,2024-08-21,2024-11-04 00:00:00
C-03130,Hana,Garcia,hana.garcia3130@example.com,US,2025-05-11,2026-01-28 00:00:00
C-03131,Mira,Garcia,mira.garcia3131@example.com,AU,2025-04-02,2025-07-03 00:00:00
C-03132,Victor,Clark,,US,2025-01-18,2025-03-19 00:00:00
C-03133,June,Kim,june.kim3133@example.com,CA,2025-05-10,2025-06-04 00:00:00
C-03134,Mira,Patel,mira.patel3134@example.com,US,2025-03-25,2025-08-25 00:00:00
C-03135,June,Wilson,june.wilson3135@example.com,US,2025-03-30,2025-08-12 00:00:00
C-03136,Hana,Okafor,hana.okafor3136@example.com,US,2024-08-03,2025-03-16 00:00:00
C-03137,Wren,Costa,wren.costa3137@example.com,US,2025-02-08,2025-06-27 00:00:00
C-03138,Jonas,Moore,jonas.moore3138@example.com,US,2024-10-28,2025-02-08 00:00:00
C-03139,Ali,Tanaka,ali.tanaka3139@example.com,US,2024-12-10,2025-02-26 00:00:00
C-03140,Elena,Taylor,elena.taylor3140@example.com,US,2024-09-21,2024-12-13 00:00:00
C-03141,Arjun,Garcia,arjun.garcia3141@example.com,UK,2024-06-06,2025-03-11 00:00:00
C-03142,Jonas,Taylor,jonas.taylor3142@example.com,US,2024-09-03,2024-10-22 00:00:00
C-03143,Maya,Moore,maya.moore3143@example.com,BR,2024-07-31,2025-05-23 00:00:00
C-03144,Omar,Chen,omar.chen3144@example.com,IN,2024-12-08,2025-03-16 00:00:00
C-03145,Yuki,Okafor,yuki.okafor3145@example.com,US,2024-11-09,2024-12-05 00:00:00
C-03146,Aisha,White,,UK,2024-10-04,2024-12-17 00:00:00
C-03147,Ivy,Lewis,ivy.lewis3147@example.com,US,2025-04-18,2025-05-05 00:00:00
C-03148,Omar,Garcia,,US,2024-11-18,2025-07-13 00:00:00
C-03149,Omar,Ali,omar.ali3149@example.com,US,2025-04-30,2025-09-30 00:00:00
C-03150,Mira,Moore,mira.moore3150@example.com,US,2024-08-29,2024-12-08 00:00:00
C-03151,Hana,Walker,hana.walker3151@example.com,US,2024-08-28,2025-03-14 00:00:00
C-03152,Diego,Clark,diego.clark3152@example.com,UK,2024-09-26,2025-04-03 00:00:00
C-03153,Ravi,Smith,ravi.smith3153@example.com,US,2025-02-18,2025-11-26 00:00:00
C-03154,Liam,Hall,,US,2024-10-27,2025-08-11 00:00:00
C-03155,Dante,Patel,dante.patel3155@example.com,US,2024-11-08,2025-05-31 00:00:00
C-03156,Kofi,Johnson,kofi.johnson3156@example.com,US,2025-02-20,2025-10-23 00:00:00
C-03157,Omar,Chen,omar.chen3157@example.com,IN,2024-12-05,2025-07-30 00:00:00
C-03158,Aisha,Smith,aisha.smith3158@example.com,UK,2024-10-21,2025-03-17 00:00:00
C-03159,Liam,Weber,liam.weber3159@example.com,US,2024-12-17,2025-07-16 00:00:00
C-03160,Yuki,Silva,yuki.silva3160@example.com,US,2025-02-03,2025-02-26 00:00:00
C-03161,Lucas,Garcia,lucas.garcia3161@example.com,US,2025-04-20,2025-12-03 00:00:00
C-03162,Kai,Patel,kai.patel3162@example.com,AU,2024-07-12,2025-04-26 00:00:00
C-03163,Ravi,White,ravi.white3163@example.com,CA,2025-02-20,2025-03-17 00:00:00
C-03164,Rosa,Iyer,rosa.iyer3164@example.com,AU,2024-12-14,2025-08-21 00:00:00
C-03165,Kofi,Harris,,AU,2024-09-20,2025-06-26 00:00:00
C-03166,Mateo,Okafor,,UK,2024-11-15,2025-01-21 00:00:00
C-03167,Marco,Garcia,,US,2024-10-21,2025-03-27 00:00:00
C-03168,Cleo,Anderson,cleo.anderson3168@example.com,US,2025-03-03,2025-12-06 00:00:00
C-03169,Kofi,Kim,kofi.kim3169@example.com,BR,2024-08-17,2025-06-01 00:00:00
C-03170,Dante,Costa,dante.costa3170@example.com,US,2024-12-29,2025-02-05 00:00:00
C-03171,Dante,Garcia,dante.garcia3171@example.com,US,2025-06-06,2025-09-18 00:00:00
C-03172,Ravi,Jackson,ravi.jackson3172@example.com,UK,2025-02-04,2025-09-01 00:00:00
C-03173,Maya,Lewis,maya.lewis3173@example.com,US,2024-06-06,2024-08-11 00:00:00
C-03174,Rosa,Martin,rosa.martin3174@example.com,AU,2025-03-02,2025-06-07 00:00:00
C-03175,Noah,Costa,noah.costa3175@example.com,CA,2024-06-04,2024-06-10 00:00:00
C-03176,Aisha,White,aisha.white3176@example.com,US,2025-04-27,2025-06-12 00:00:00
C-03177,Amara,Wilson,amara.wilson3177@example.com,US,2024-07-11,2024-12-26 00:00:00
C-03178,Rosa,Robinson,rosa.robinson3178@example.com,IN,2024-07-18,2025-01-29 00:00:00
C-03179,Leo,Anderson,leo.anderson3179@example.com,US,2025-01-04,2025-07-17 00:00:00
C-03180,Aisha,White,aisha.white3180@example.com,BR,2024-12-14,2025-08-04 00:00:00
C-03181,Tara,Silva,tara.silva3181@example.com,DE,2025-02-13,2025-06-17 00:00:00
C-03182,Mira,Robinson,mira.robinson3182@example.com,US,2024-06-07,2024-08-28 00:00:00
C-03183,Ethan,Walker,ethan.walker3183@example.com,US,2024-07-23,2024-07-27 00:00:00
C-03184,Nina,Miller,nina.miller3184@example.com,US,2024-09-18,2024-11-18 00:00:00
C-03185,Theo,Johnson,theo.johnson3185@example.com,US,2024-07-01,2024-10-02 00:00:00
C-03186,Jonas,Silva,jonas.silva3186@example.com,US,2024-12-20,2025-02-11 00:00:00
C-03187,Amara,Lewis,amara.lewis3187@example.com,US,2024-09-18,2024-09-24 00:00:00
C-03188,Hana,Khan,hana.khan3188@example.com,US,2024-06-21,2024-08-07 00:00:00
C-03189,Jonas,Robinson,,US,2024-11-29,2025-06-16 00:00:00
C-03190,Kofi,Patel,kofi.patel3190@example.com,CA,2025-04-12,2025-10-17 00:00:00
C-03191,Amara,Haddad,amara.haddad3191@example.com,US,2025-02-02,2025-11-09 00:00:00
C-03192,Mira,Rossi,mira.rossi3192@example.com,US,2024-09-11,2025-05-08 00:00:00
C-03193,Rosa,Taylor,rosa.taylor3193@example.com,US,2025-06-10,2025-11-27 00:00:00
C-03194,Ivy,Lewis,ivy.lewis3194@example.com,US,2025-05-03,2025-06-13 00:00:00
C-03195,Priya,Haddad,priya.haddad3195@example.com,US,2025-05-18,2025-11-03 00:00:00
C-03196,Mateo,Chen,mateo.chen3196@example.com,US,2024-08-28,2024-09-15 00:00:00
C-03197,Priya,Martin,priya.martin3197@example.com,US,2025-03-15,2025-07-22 00:00:00
C-03198,Yuki,Novak,yuki.novak3198@example.com,US,2024-10-03,2025-01-28 00:00:00
C-03199,Omar,Robinson,omar.robinson3199@example.com,US,2025-07-02,2025-11-07 00:00:00
C-03200,Liam,Garcia,,US,2024-07-02,2024-09-23 00:00:00
C-03201,Omar,Ali,omar.ali3201@example.com,UK,2024-07-29,2025-02-19 00:00:00
C-03202,Zoe,Smith,zoe.smith3202@example.com,US,2025-04-17,2025-12-25 00:00:00
C-03203,Lena,Miller,lena.miller3203@example.com,US,2025-02-09,2025-09-27 00:00:00
C-03204,Ali,Weber,ali.weber3204@example.com,US,2024-11-14,2025-05-21 00:00:00
C-03205,Omar,Weber,omar.weber3205@example.com,CA,2024-07-13,2024-12-21 00:00:00
C-03206,Diego,Hall,diego.hall3206@example.com,UK,2025-01-09,2025-01-18 00:00:00
C-03207,Mira,Kim,mira.kim3207@example.com,US,2025-01-06,2025-08-10 00:00:00
C-03208,Liam,Tanaka,liam.tanaka3208@example.com,US,2024-10-26,2025-04-07 00:00:00
C-03209,Theo,Muller,theo.muller3209@example.com,CA,2024-09-23,2024-12-13 00:00:00
C-03210,Wren,Miller,wren.miller3210@example.com,UK,2024-07-22,2024-10-28 00:00:00
C-03211,Mira,Garcia,mira.garcia3211@example.com,US,2025-04-18,2026-01-23 00:00:00
C-03212,Ethan,Harris,ethan.harris3212@example.com,US,2025-02-10,2025-08-16 00:00:00
C-03213,Ethan,Novak,ethan.novak3213@example.com,AU,2025-02-01,2025-06-23 00:00:00
C-03214,Priya,White,priya.white3214@example.com,US,2024-11-17,2025-05-22 00:00:00
C-03215,Ravi,Walker,ravi.walker3215@example.com,US,2025-04-10,2025-08-12 00:00:00
C-03216,Sam,Weber,sam.weber3216@example.com,AU,2025-01-13,2025-06-03 00:00:00
C-03217,Arjun,Okafor,arjun.okafor3217@example.com,US,2024-09-23,2024-12-19 00:00:00
C-03218,Ava,Dubois,ava.dubois3218@example.com,UK,2024-07-02,2024-11-10 00:00:00
C-03219,Liam,Garcia,liam.garcia3219@example.com,US,2025-03-12,2025-10-03 00:00:00
C-03220,Kai,White,kai.white3220@example.com,CA,2025-06-30,2025-07-11 00:00:00
C-03221,Marco,Robinson,marco.robinson3221@example.com,US,2025-04-01,2025-11-25 00:00:00
C-03222,Elena,Lee,elena.lee3222@example.com,US,2024-11-22,2025-02-14 00:00:00
C-03223,Mira,Ali,mira.ali3223@example.com,US,2024-10-21,2025-05-13 00:00:00
C-03224,Amara,Kim,amara.kim3224@example.com,US,2025-05-11,2025-11-19 00:00:00
C-03225,Lena,Rossi,lena.rossi3225@example.com,US,2024-12-23,2025-07-06 00:00:00
C-03226,Nora,Harris,nora.harris3226@example.com,US,2024-06-29,2024-12-28 00:00:00
C-03227,Marco,Ali,marco.ali3227@example.com,US,2024-06-17,2025-03-31 00:00:00
C-03228,Yuki,Ali,yuki.ali3228@example.com,UK,2025-05-22,2025-10-21 00:00:00
C-03229,June,Martin,june.martin3229@example.com,US,2024-10-28,2025-06-04 00:00:00
C-03230,Lucas,Muller,lucas.muller3230@example.com,US,2025-02-11,2025-09-10 00:00:00
C-03231,Ali,Lewis,,US,2024-12-24,2025-03-04 00:00:00
C-03232,Aisha,Thomas,,US,2024-06-30,2024-09-22 00:00:00
C-03233,Aisha,Robinson,aisha.robinson3233@example.com,US,2024-12-29,2025-05-05 00:00:00
C-03234,Maya,Iyer,maya.iyer3234@example.com,AU,2024-12-20,2025-03-13 00:00:00
C-03235,Lena,Smith,,US,2025-06-11,2025-09-29 00:00:00
C-03236,Leo,Harris,leo.harris3236@example.com,US,2025-05-05,2025-08-30 00:00:00
C-03237,Sofia,Rossi,,US,2024-11-25,2025-05-25 00:00:00
C-03238,Kofi,Ali,kofi.ali3238@example.com,US,2024-09-14,2024-11-18 00:00:00
C-03239,Theo,Wilson,theo.wilson3239@example.com,US,2024-10-30,2025-06-28 00:00:00
C-03240,Zoe,Ali,zoe.ali3240@example.com,US,2024-07-28,2024-12-06 00:00:00
C-03241,Rosa,Kim,rosa.kim3241@example.com,US,2025-02-24,2025-09-23 00:00:00
C-03242,Yuki,Dubois,yuki.dubois3242@example.com,US,2024-11-21,2024-12-15 00:00:00
C-03243,Ava,Wilson,,US,2024-06-07,2024-10-25 00:00:00
C-03244,Lucas,Martinez,lucas.martinez3244@example.com,CA,2025-04-21,2025-04-29 00:00:00
C-03245,Anya,Patel,anya.patel3245@example.com,US,2025-05-21,2025-12-09 00:00:00
C-03246,Sam,Novak,sam.novak3246@example.com,US,2024-06-04,2024-09-15 00:00:00
C-03247,Nora,Harris,nora.harris3247@example.com,US,2024-08-28,2025-06-08 00:00:00
C-03248,Priya,Ali,priya.ali3248@example.com,UK,2025-01-08,2025-04-15 00:00:00
C-03249,Theo,Smith,theo.smith3249@example.com,US,2024-09-20,2025-03-08 00:00:00
C-03250,Jonas,Silva,jonas.silva3250@example.com,US,2024-06-03,2024-08-19 00:00:00
C-03251,Diego,Garcia,diego.garcia3251@example.com,US,2024-08-06,2025-02-08 00:00:00
C-03252,Kofi,Johnson,kofi.johnson3252@example.com,DE,2025-02-23,2025-07-13 00:00:00
C-03253,Victor,Wilson,victor.wilson3253@example.com,US,2024-07-27,2024-11-15 00:00:00
C-03254,Victor,Nguyen,victor.nguyen3254@example.com,US,2025-05-04,2025-07-04 00:00:00
C-03255,Sam,Taylor,,UK,2024-08-05,2024-09-07 00:00:00
C-03256,Aisha,Taylor,aisha.taylor3256@example.com,US,2025-04-23,2025-05-28 00:00:00
C-03257,Sofia,Harris,sofia.harris3257@example.com,US,2025-01-19,2025-11-14 00:00:00
C-03258,Victor,Johnson,victor.johnson3258@example.com,US,2025-02-12,2025-06-15 00:00:00
C-03259,Tara,Martin,tara.martin3259@example.com,US,2024-08-22,2024-08-22 00:00:00
C-03260,Ali,Garcia,ali.garcia3260@example.com,CA,2024-08-02,2025-05-14 00:00:00
C-03261,Ethan,Silva,ethan.silva3261@example.com,US,2024-07-28,2024-08-02 00:00:00
C-03262,Aisha,Iyer,aisha.iyer3262@example.com,US,2025-04-23,2025-08-26 00:00:00
C-03263,Nina,Weber,nina.weber3263@example.com,CA,2024-10-21,2025-05-24 00:00:00
C-03264,Sam,Weber,sam.weber3264@example.com,US,2024-12-27,2025-09-27 00:00:00
C-03265,Jonas,Martin,jonas.martin3265@example.com,AU,2024-12-05,2025-07-06 00:00:00
C-03266,June,Clark,june.clark3266@example.com,CA,2025-05-18,2025-10-04 00:00:00
C-03267,Ali,Lewis,ali.lewis3267@example.com,US,2024-09-22,2025-07-11 00:00:00
C-03268,Ethan,Martin,ethan.martin3268@example.com,US,2024-08-30,2024-09-10 00:00:00
C-03269,Anya,Hall,anya.hall3269@example.com,US,2025-01-18,2025-11-10 00:00:00
C-03270,Dante,Iyer,dante.iyer3270@example.com,CA,2024-07-05,2025-03-16 00:00:00
C-03271,Jonas,Haddad,jonas.haddad3271@example.com,US,2025-04-29,2026-02-01 00:00:00
C-03272,Ravi,Lewis,ravi.lewis3272@example.com,US,2024-11-16,2025-01-31 00:00:00
C-03273,Nora,Davis,nora.davis3273@example.com,US,2024-12-22,2025-02-02 00:00:00
C-03274,Dante,Tanaka,dante.tanaka3274@example.com,UK,2025-05-04,2025-11-18 00:00:00
C-03275,Nora,Hall,nora.hall3275@example.com,US,2024-12-11,2025-05-14 00:00:00
C-03276,Tara,Chen,tara.chen3276@example.com,US,2025-03-12,2025-08-15 00:00:00
C-03277,Theo,Clark,theo.clark3277@example.com,US,2025-05-02,2026-02-03 00:00:00
C-03278,June,Martinez,june.martinez3278@example.com,AU,2025-06-15,2025-12-18 00:00:00
C-03279,Tara,Novak,tara.novak3279@example.com,UK,2025-03-25,2025-06-26 00:00:00
C-03280,Nina,Ali,nina.ali3280@example.com,US,2024-06-16,2024-10-14 00:00:00
C-03281,Aisha,Novak,aisha.novak3281@example.com,AU,2025-05-15,2025-06-24 00:00:00
C-03282,Dante,Lewis,dante.lewis3282@example.com,US,2025-01-05,2025-03-03 00:00:00
C-03283,Mateo,Tanaka,mateo.tanaka3283@example.com,US,2024-11-19,2025-01-01 00:00:00
C-03284,Lucas,Moore,lucas.moore3284@example.com,US,2025-03-21,2025-11-19 00:00:00
C-03285,Ava,Smith,ava.smith3285@example.com,US,2025-03-31,2025-10-28 00:00:00
C-03286,Mira,White,mira.white3286@example.com,CA,2024-09-03,2025-02-09 00:00:00
C-03287,June,Iyer,june.iyer3287@example.com,US,2024-07-12,2024-11-01 00:00:00
C-03288,Nora,Iyer,,US,2024-12-20,2025-07-08 00:00:00
C-03289,Mira,Walker,mira.walker3289@example.com,US,2024-07-09,2025-03-09 00:00:00
C-03290,Marco,Brown,marco.brown3290@example.com,US,2024-12-01,2025-08-22 00:00:00
C-03291,Lucas,Wilson,lucas.wilson3291@example.com,US,2024-12-28,2025-06-10 00:00:00
C-03292,Maya,Smith,maya.smith3292@example.com,CA,2025-03-05,2025-11-05 00:00:00
C-03293,Theo,Iyer,theo.iyer3293@example.com,US,2024-08-03,2025-01-03 00:00:00
C-03294,Lena,Okafor,,UK,2024-06-12,2024-11-01 00:00:00
C-03295,Kofi,Nguyen,,US,2025-04-22,2026-01-06 00:00:00
C-03296,Wren,Iyer,wren.iyer3296@example.com,US,2024-09-22,2025-01-15 00:00:00
C-03297,Ivy,Haddad,ivy.haddad3297@example.com,CA,2025-01-07,2025-05-05 00:00:00
C-03298,Dante,Clark,dante.clark3298@example.com,US,2024-08-11,2024-11-10 00:00:00
C-03299,Mateo,Garcia,mateo.garcia3299@example.com,US,2024-11-09,2025-04-13 00:00:00
C-03300,Ivy,Johnson,ivy.johnson3300@example.com,US,2025-06-04,2025-11-14 00:00:00
C-03301,Omar,Robinson,omar.robinson3301@example.com,US,2024-11-02,2025-05-19 00:00:00
C-03302,Ethan,Lewis,ethan.lewis3302@example.com,US,2025-04-06,2025-08-13 00:00:00
C-03303,Mira,Rossi,mira.rossi3303@example.com,US,2024-12-13,2025-02-16 00:00:00
C-03304,Ivy,Novak,ivy.novak3304@example.com,US,2025-05-12,2026-01-27 00:00:00
C-03305,Kai,Haddad,kai.haddad3305@example.com,US,2024-08-09,2024-11-20 00:00:00
C-03306,Ravi,Weber,ravi.weber3306@example.com,CA,2024-09-17,2025-06-20 00:00:00
C-03307,Marco,Jackson,marco.jackson3307@example.com,US,2024-06-27,2024-08-28 00:00:00
C-03308,Ethan,Anderson,ethan.anderson3308@example.com,US,2024-10-04,2025-03-21 00:00:00
C-03309,Mateo,Moore,mateo.moore3309@example.com,DE,2024-09-08,2025-02-15 00:00:00
C-03310,Marco,Garcia,marco.garcia3310@example.com,US,2025-03-26,2025-11-29 00:00:00
C-03311,Omar,Martin,omar.martin3311@example.com,US,2024-07-10,2024-08-20 00:00:00
C-03312,Nina,Brown,,US,2024-07-09,2025-04-07 00:00:00
C-03313,Wren,Moore,wren.moore3313@example.com,CA,2025-02-16,2025-07-25 00:00:00
C-03314,Omar,Wilson,omar.wilson3314@example.com,US,2025-04-13,2025-10-05 00:00:00
C-03315,Ali,Moore,ali.moore3315@example.com,US,2024-09-03,2025-02-03 00:00:00
C-03316,Omar,Okafor,omar.okafor3316@example.com,US,2025-03-09,2025-03-19 00:00:00
C-03317,Dante,Novak,dante.novak3317@example.com,US,2025-01-29,2025-06-27 00:00:00
C-03318,Marco,Walker,marco.walker3318@example.com,US,2024-06-28,2024-09-15 00:00:00
C-03319,Kofi,Novak,kofi.novak3319@example.com,US,2024-11-27,2025-03-09 00:00:00
C-03320,Arjun,Garcia,arjun.garcia3320@example.com,US,2024-09-25,2025-04-07 00:00:00
C-03321,Aisha,Moore,,US,2024-11-09,2025-04-07 00:00:00
C-03322,Arjun,Thomas,arjun.thomas3322@example.com,US,2025-04-16,2025-05-13 00:00:00
C-03323,Leo,Haddad,leo.haddad3323@example.com,US,2024-10-22,2024-11-12 00:00:00
C-03324,Diego,Johnson,diego.johnson3324@example.com,CA,2025-06-06,2025-07-31 00:00:00
C-03325,Anya,Walker,anya.walker3325@example.com,US,2025-04-24,2025-06-20 00:00:00
C-03326,Maya,Moore,maya.moore3326@example.com,IN,2024-10-08,2025-04-08 00:00:00
C-03327,Ivy,Khan,ivy.khan3327@example.com,US,2025-04-29,2025-06-21 00:00:00
C-03328,Ethan,Hall,ethan.hall3328@example.com,US,2024-08-25,2025-05-16 00:00:00
C-03329,Elena,Khan,elena.khan3329@example.com,US,2024-10-07,2024-12-08 00:00:00
C-03330,Arjun,Silva,arjun.silva3330@example.com,US,2025-03-25,2025-04-21 00:00:00
C-03331,Dante,Ali,dante.ali3331@example.com,US,2025-05-13,2026-01-30 00:00:00
C-03332,Amara,Martinez,,US,2025-05-09,2025-08-05 00:00:00
C-03333,Wren,Nguyen,wren.nguyen3333@example.com,IN,2024-07-16,2024-11-20 00:00:00
C-03334,Kai,Costa,kai.costa3334@example.com,US,2024-10-12,2025-07-26 00:00:00
C-03335,Amara,Novak,,US,2025-02-08,2025-11-18 00:00:00
C-03336,Ali,Smith,,US,2025-03-28,2025-10-28 00:00:00
C-03337,Dante,Ali,dante.ali3337@example.com,JP,2024-07-15,2024-08-04 00:00:00
C-03338,Cleo,Clark,cleo.clark3338@example.com,AU,2024-06-19,2024-12-14 00:00:00
C-03339,Kai,Silva,kai.silva3339@example.com,US,2024-08-20,2025-06-12 00:00:00
C-03340,Ravi,Patel,ravi.patel3340@example.com,US,2024-07-24,2025-05-04 00:00:00
C-03341,Dante,Garcia,dante.garcia3341@example.com,US,2025-02-23,2025-03-26 00:00:00
C-03342,Jonas,Nguyen,jonas.nguyen3342@example.com,US,2024-06-24,2024-10-20 00:00:00
C-03343,Noah,Harris,noah.harris3343@example.com,US,2024-10-14,2025-01-16 00:00:00
C-03344,Ravi,Walker,ravi.walker3344@example.com,CA,2024-12-29,2025-02-05 00:00:00
C-03345,Dante,White,dante.white3345@example.com,US,2024-07-22,2025-02-15 00:00:00
C-03346,Lucas,Novak,lucas.novak3346@example.com,CA,2025-07-02,2025-09-22 00:00:00
C-03347,Maya,Smith,maya.smith3347@example.com,US,2025-06-08,2025-09-19 00:00:00
C-03348,Ava,Costa,ava.costa3348@example.com,US,2024-10-13,2024-11-09 00:00:00
C-03349,Hana,Clark,hana.clark3349@example.com,US,2024-11-17,2025-04-15 00:00:00
C-03350,Anya,White,anya.white3350@example.com,US,2025-02-21,2025-04-09 00:00:00
C-03351,Leo,Walker,leo.walker3351@example.com,BR,2024-08-15,2024-12-22 00:00:00
C-03352,Hana,Tanaka,hana.tanaka3352@example.com,US,2024-06-28,2024-08-10 00:00:00
C-03353,Amara,Garcia,amara.garcia3353@example.com,US,2025-02-07,2025-11-20 00:00:00
C-03354,Maya,Okafor,,US,2025-01-16,2025-02-28 00:00:00
C-03355,Yuki,Rossi,yuki.rossi3355@example.com,US,2025-07-02,2025-12-05 00:00:00
C-03356,Marco,Moore,marco.moore3356@example.com,US,2025-03-14,2025-05-12 00:00:00
C-03357,Sam,Martin,sam.martin3357@example.com,US,2025-01-18,2025-02-09 00:00:00
C-03358,Omar,Thomas,omar.thomas3358@example.com,DE,2025-02-06,2025-04-07 00:00:00
C-03359,Mateo,Jackson,mateo.jackson3359@example.com,IN,2025-05-30,2025-06-15 00:00:00
C-03360,Sofia,Weber,sofia.weber3360@example.com,US,2025-02-17,2025-03-30 00:00:00
C-03361,Liam,Haddad,liam.haddad3361@example.com,US,2025-03-02,2025-07-28 00:00:00
C-03362,Mira,Taylor,mira.taylor3362@example.com,US,2025-06-22,2026-01-03 00:00:00
C-03363,Aisha,Okafor,aisha.okafor3363@example.com,US,2024-10-27,2024-11-22 00:00:00
C-03364,Noah,Novak,noah.novak3364@example.com,UK,2025-01-25,2025-06-06 00:00:00
C-03365,Priya,Costa,priya.costa3365@example.com,US,2024-06-22,2024-12-13 00:00:00
C-03366,Cleo,Moore,cleo.moore3366@example.com,US,2024-08-23,2024-11-01 00:00:00
C-03367,Zoe,Walker,zoe.walker3367@example.com,US,2024-06-04,2024-09-23 00:00:00
C-03368,Rosa,Harris,,US,2024-08-27,2024-09-17 00:00:00
C-03369,Zoe,Miller,zoe.miller3369@example.com,US,2024-11-21,2025-01-26 00:00:00
C-03370,Jonas,Johnson,,US,2024-07-24,2024-12-11 00:00:00
C-03371,Mateo,Clark,mateo.clark3371@example.com,US,2024-06-26,2025-04-19 00:00:00
C-03372,Jonas,Okafor,jonas.okafor3372@example.com,US,2024-12-06,2025-09-30 00:00:00
C-03373,Liam,Jackson,liam.jackson3373@example.com,CA,2025-05-19,2026-03-08 00:00:00
C-03374,Cleo,Miller,cleo.miller3374@example.com,US,2025-01-04,2025-05-10 00:00:00
C-03375,Aisha,Nguyen,aisha.nguyen3375@example.com,CA,2025-03-15,2025-04-08 00:00:00
C-03376,Lucas,Jackson,lucas.jackson3376@example.com,US,2025-05-03,2025-08-08 00:00:00
C-03377,Jonas,Kim,jonas.kim3377@example.com,CA,2024-06-03,2024-08-13 00:00:00
C-03378,Kofi,Garcia,,US,2024-09-05,2024-09-09 00:00:00
C-03379,Marco,Davis,marco.davis3379@example.com,US,2025-02-23,2025-03-23 00:00:00
C-03380,Dante,Silva,dante.silva3380@example.com,US,2025-05-05,2025-09-17 00:00:00
C-03381,Ethan,Hall,ethan.hall3381@example.com,US,2025-03-15,2025-06-24 00:00:00
C-03382,Ivy,Kim,,US,2024-07-23,2024-09-15 00:00:00
C-03383,Sofia,Chen,sofia.chen3383@example.com,US,2025-02-14,2025-09-16 00:00:00
C-03384,Victor,Silva,victor.silva3384@example.com,CA,2024-09-16,2025-01-01 00:00:00
C-03385,Elena,Okafor,,US,2025-06-14,2026-02-24 00:00:00
C-03386,Amara,Kim,amara.kim3386@example.com,US,2024-11-13,2025-01-24 00:00:00
C-03387,Zoe,Haddad,zoe.haddad3387@example.com,US,2024-09-29,2025-03-09 00:00:00
C-03388,Mira,Rossi,,US,2025-01-13,2025-03-09 00:00:00
C-03389,Nina,Hall,nina.hall3389@example.com,US,2024-06-27,2024-11-22 00:00:00
C-03390,Diego,Tanaka,diego.tanaka3390@example.com,CA,2025-04-15,2025-05-30 00:00:00
C-03391,Nina,Brown,nina.brown3391@example.com,UK,2024-11-11,2024-12-29 00:00:00
C-03392,June,Martinez,june.martinez3392@example.com,CA,2024-09-05,2025-03-07 00:00:00
C-03393,Ravi,Haddad,ravi.haddad3393@example.com,US,2024-09-23,2024-12-11 00:00:00
C-03394,Diego,Iyer,diego.iyer3394@example.com,US,2025-07-04,2025-08-24 00:00:00
C-03395,Yuki,Martin,yuki.martin3395@example.com,US,2024-08-15,2025-05-20 00:00:00
C-03396,Noah,Lee,noah.lee3396@example.com,US,2025-01-07,2025-01-19 00:00:00
C-03397,Priya,Silva,priya.silva3397@example.com,US,2024-11-17,2025-05-05 00:00:00
C-03398,Ravi,White,ravi.white3398@example.com,US,2024-09-10,2025-02-21 00:00:00
C-03399,Theo,Garcia,theo.garcia3399@example.com,BR,2025-02-15,2025-05-01 00:00:00
C-03400,Hana,Anderson,hana.anderson3400@example.com,US,2025-04-21,2025-09-03 00:00:00
C-03401,Ethan,Novak,ethan.novak3401@example.com,US,2025-06-21,2025-07-17 00:00:00
C-03402,Zoe,Brown,zoe.brown3402@example.com,US,2024-10-08,2025-05-12 00:00:00
C-03403,Lena,Taylor,lena.taylor3403@example.com,US,2025-05-24,2025-07-29 00:00:00
C-03404,Victor,Harris,victor.harris3404@example.com,US,2025-06-28,2025-08-25 00:00:00
C-03405,Aisha,Rossi,aisha.rossi3405@example.com,US,2024-11-14,2025-02-16 00:00:00
C-03406,Mira,Taylor,mira.taylor3406@example.com,US,2024-11-17,2025-08-14 00:00:00
C-03407,Lena,Novak,lena.novak3407@example.com,CA,2025-03-21,2025-11-14 00:00:00
C-03408,Amara,Davis,amara.davis3408@example.com,US,2024-09-10,2025-06-21 00:00:00
C-03409,June,Moore,june.moore3409@example.com,US,2024-11-22,2025-06-05 00:00:00
C-03410,Ethan,Khan,ethan.khan3410@example.com,US,2025-03-07,2025-09-21 00:00:00
C-03411,Mateo,Robinson,mateo.robinson3411@example.com,US,2025-01-27,2025-06-20 00:00:00
C-03412,Mateo,Nguyen,,US,2025-02-15,2025-11-13 00:00:00
C-03413,Maya,Dubois,maya.dubois3413@example.com,US,2024-11-03,2025-04-05 00:00:00
C-03414,Leo,Lewis,leo.lewis3414@example.com,US,2024-08-12,2024-11-26 00:00:00
C-03415,Yuki,Davis,yuki.davis3415@example.com,CA,2025-04-05,2025-10-14 00:00:00
C-03416,Ethan,Kim,ethan.kim3416@example.com,US,2024-08-24,2025-02-03 00:00:00
C-03417,Amara,Taylor,amara.taylor3417@example.com,US,2025-04-21,2025-05-28 00:00:00
C-03418,Priya,Iyer,priya.iyer3418@example.com,CA,2024-06-25,2024-10-20 00:00:00
C-03419,Anya,Smith,anya.smith3419@example.com,US,2025-02-18,2025-05-22 00:00:00
C-03420,Sofia,Smith,sofia.smith3420@example.com,US,2025-04-25,2026-01-04 00:00:00
C-03421,Amara,Garcia,amara.garcia3421@example.com,CA,2024-12-31,2025-04-23 00:00:00
C-03422,Ivy,Costa,,US,2024-06-17,2025-02-18 00:00:00
C-03423,Amara,Harris,amara.harris3423@example.com,US,2025-05-25,2025-10-04 00:00:00
C-03424,Jonas,Weber,jonas.weber3424@example.com,AU,2024-12-24,2025-08-07 00:00:00
C-03425,Hana,Anderson,hana.anderson3425@example.com,US,2025-03-06,2025-04-15 00:00:00
C-03426,Yuki,Brown,yuki.brown3426@example.com,US,2025-02-24,2025-11-28 00:00:00
C-03427,Mateo,Silva,,US,2025-03-28,2025-08-19 00:00:00
C-03428,June,Rossi,june.rossi3428@example.com,US,2024-12-27,2025-03-14 00:00:00
C-03429,Sofia,Silva,sofia.silva3429@example.com,US,2025-02-20,2025-05-03 00:00:00
C-03430,Nina,Brown,nina.brown3430@example.com,AU,2024-10-15,2025-01-02 00:00:00
C-03431,Diego,Thomas,diego.thomas3431@example.com,UK,2024-10-13,2025-01-31 00:00:00
C-03432,Rosa,Lee,rosa.lee3432@example.com,AU,2024-07-04,2025-02-04 00:00:00
C-03433,Omar,Harris,omar.harris3433@example.com,US,2024-11-24,2025-09-04 00:00:00
C-03434,Amara,Taylor,amara.taylor3434@example.com,US,2024-08-12,2025-02-28 00:00:00
C-03435,Noah,Kim,noah.kim3435@example.com,US,2024-08-11,2025-01-22 00:00:00
C-03436,Marco,Ali,marco.ali3436@example.com,US,2024-12-14,2025-04-27 00:00:00
C-03437,Hana,Brown,hana.brown3437@example.com,US,2025-02-17,2025-10-23 00:00:00
C-03438,Lena,Brown,lena.brown3438@example.com,DE,2024-10-05,2025-06-16 00:00:00
C-03439,Kofi,Ali,,US,2024-08-13,2024-11-08 00:00:00
C-03440,Elena,Anderson,elena.anderson3440@example.com,US,2024-10-03,2025-07-16 00:00:00
C-03441,Mateo,Kim,mateo.kim3441@example.com,US,2024-07-18,2024-11-13 00:00:00
C-03442,Jonas,Walker,jonas.walker3442@example.com,US,2024-11-17,2025-07-15 00:00:00
C-03443,Nora,Ali,nora.ali3443@example.com,BR,2024-12-12,2025-09-28 00:00:00
C-03444,Ava,Wilson,ava.wilson3444@example.com,CA,2025-03-24,2025-10-21 00:00:00
C-03445,Aisha,Davis,,US,2025-03-29,2025-05-16 00:00:00
C-03446,Jonas,Chen,jonas.chen3446@example.com,US,2024-11-27,2025-05-21 00:00:00
C-03447,Jonas,Iyer,jonas.iyer3447@example.com,US,2024-08-23,2024-09-27 00:00:00
C-03448,June,Hall,june.hall3448@example.com,US,2024-07-25,2025-03-18 00:00:00
C-03449,Lena,Kim,lena.kim3449@example.com,AU,2025-02-18,2025-05-13 00:00:00
C-03450,June,Clark,june.clark3450@example.com,DE,2025-03-22,2025-10-16 00:00:00
C-03451,Cleo,Kim,cleo.kim3451@example.com,US,2025-04-23,2026-01-21 00:00:00
C-03452,Victor,Lee,victor.lee3452@example.com,US,2025-05-19,2025-07-12 00:00:00
C-03453,Diego,Anderson,diego.anderson3453@example.com,CA,2025-04-04,2025-07-30 00:00:00
C-03454,Kofi,Haddad,kofi.haddad3454@example.com,CA,2024-11-09,2025-05-22 00:00:00
C-03455,Ivy,Jackson,ivy.jackson3455@example.com,UK,2025-01-27,2025-06-01 00:00:00
C-03456,Maya,Haddad,maya.haddad3456@example.com,CA,2025-07-05,2025-08-26 00:00:00
C-03457,Elena,Taylor,elena.taylor3457@example.com,US,2024-07-09,2024-07-17 00:00:00
C-03458,Ivy,Kim,ivy.kim3458@example.com,US,2025-04-22,2025-08-21 00:00:00
C-03459,Ravi,Taylor,,US,2024-11-22,2025-06-04 00:00:00
C-03460,Zoe,Iyer,zoe.iyer3460@example.com,US,2024-11-22,2025-05-13 00:00:00
C-03461,Victor,Garcia,victor.garcia3461@example.com,DE,2024-06-24,2024-08-09 00:00:00
C-03462,Yuki,Walker,yuki.walker3462@example.com,US,2025-06-08,2025-10-21 00:00:00
C-03463,June,Okafor,june.okafor3463@example.com,CA,2024-08-06,2024-11-24 00:00:00
C-03464,Tara,Rossi,tara.rossi3464@example.com,US,2024-10-12,2025-01-02 00:00:00
C-03465,Rosa,Davis,rosa.davis3465@example.com,UK,2024-09-26,2025-05-02 00:00:00
C-03466,Nora,Patel,nora.patel3466@example.com,US,2024-07-13,2024-10-13 00:00:00
C-03467,Nina,Novak,nina.novak3467@example.com,US,2024-12-05,2025-05-16 00:00:00
C-03468,Priya,Dubois,priya.dubois3468@example.com,DE,2025-05-19,2026-02-19 00:00:00
C-03469,Elena,Johnson,elena.johnson3469@example.com,UK,2024-09-27,2025-03-07 00:00:00
C-03470,Elena,Anderson,elena.anderson3470@example.com,US,2024-06-09,2024-12-11 00:00:00
C-03471,Omar,Johnson,omar.johnson3471@example.com,IN,2024-08-01,2024-08-22 00:00:00
C-03472,Tara,Weber,tara.weber3472@example.com,AU,2025-02-24,2025-04-18 00:00:00
C-03473,Rosa,Smith,,US,2024-12-08,2025-01-07 00:00:00
C-03474,Lucas,Patel,lucas.patel3474@example.com,US,2025-03-26,2025-11-10 00:00:00
C-03475,Dante,Ali,dante.ali3475@example.com,US,2025-01-16,2025-09-23 00:00:00
C-03476,Nina,Rossi,nina.rossi3476@example.com,JP,2024-11-22,2025-01-16 00:00:00
C-03477,Theo,White,theo.white3477@example.com,US,2024-07-31,2024-10-04 00:00:00
C-03478,Wren,Iyer,wren.iyer3478@example.com,US,2024-08-20,2024-11-24 00:00:00
C-03479,Ethan,Miller,ethan.miller3479@example.com,US,2024-08-25,2025-02-18 00:00:00
C-03480,Theo,Tanaka,theo.tanaka3480@example.com,CA,2024-07-30,2025-02-01 00:00:00
C-03481,Ethan,Smith,ethan.smith3481@example.com,US,2024-10-12,2025-05-06 00:00:00
C-03482,Amara,Martinez,amara.martinez3482@example.com,US,2024-12-23,2025-09-20 00:00:00
C-03483,Nora,Harris,nora.harris3483@example.com,DE,2024-11-23,2025-02-19 00:00:00
C-03484,Leo,Garcia,leo.garcia3484@example.com,US,2025-01-22,2025-08-07 00:00:00
C-03485,Lena,Muller,lena.muller3485@example.com,JP,2024-11-23,2025-05-09 00:00:00
C-03486,Hana,Okafor,hana.okafor3486@example.com,CA,2024-12-06,2025-03-07 00:00:00
C-03487,Diego,Lee,diego.lee3487@example.com,US,2024-10-04,2025-07-03 00:00:00
C-03488,Ivy,Martin,ivy.martin3488@example.com,US,2025-02-26,2025-03-26 00:00:00
C-03489,Marco,Brown,marco.brown3489@example.com,US,2025-06-20,2026-01-19 00:00:00
C-03490,Maya,Kim,maya.kim3490@example.com,US,2024-06-21,2025-01-25 00:00:00
C-03491,Kofi,Miller,,UK,2025-01-22,2025-10-23 00:00:00
C-03492,Aisha,Davis,aisha.davis3492@example.com,US,2024-12-13,2025-05-17 00:00:00
C-03493,Sam,White,sam.white3493@example.com,US,2024-10-04,2025-01-08 00:00:00
C-03494,Ali,Martinez,ali.martinez3494@example.com,US,2025-02-03,2025-10-09 00:00:00
C-03495,June,Dubois,june.dubois3495@example.com,CA,2025-05-23,2026-01-09 00:00:00
C-03496,Rosa,Davis,rosa.davis3496@example.com,US,2025-01-30,2025-06-29 00:00:00
C-03497,Sam,Novak,sam.novak3497@example.com,US,2024-10-14,2025-06-01 00:00:00
C-03498,Tara,Kim,tara.kim3498@example.com,US,2024-10-06,2024-12-25 00:00:00
C-03499,Yuki,Dubois,yuki.dubois3499@example.com,US,2025-05-14,2025-11-06 00:00:00
C-03500,Mateo,Iyer,mateo.iyer3500@example.com,US,2024-10-20,2025-07-06 00:00:00
C-03501,Zoe,Martinez,zoe.martinez3501@example.com,US,2025-06-21,2025-09-24 00:00:00
C-03502,Yuki,Weber,yuki.weber3502@example.com,US,2024-12-26,2025-05-20 00:00:00
C-03503,Tara,Brown,tara.brown3503@example.com,US,2025-03-08,2025-12-18 00:00:00
C-03504,Sofia,Martinez,sofia.martinez3504@example.com,US,2025-01-06,2025-09-02 00:00:00
C-03505,Aisha,Rossi,aisha.rossi3505@example.com,US,2025-01-25,2025-10-18 00:00:00
C-03506,Nina,Brown,nina.brown3506@example.com,US,2024-11-09,2025-03-04 00:00:00
C-03507,Kofi,Okafor,kofi.okafor3507@example.com,US,2024-11-16,2025-09-10 00:00:00
C-03508,Ivy,Nguyen,ivy.nguyen3508@example.com,IN,2025-01-31,2025-03-17 00:00:00
C-03509,Rosa,Robinson,rosa.robinson3509@example.com,US,2024-06-17,2024-11-19 00:00:00
C-03510,Rosa,Lewis,rosa.lewis3510@example.com,US,2025-04-19,2025-09-09 00:00:00
C-03511,Yuki,Clark,yuki.clark3511@example.com,US,2025-01-11,2025-09-07 00:00:00
C-03512,Hana,Kim,hana.kim3512@example.com,US,2024-12-24,2025-09-22 00:00:00
C-03513,Ethan,Davis,ethan.davis3513@example.com,US,2025-02-11,2025-09-18 00:00:00
C-03514,Sofia,Smith,sofia.smith3514@example.com,CA,2025-04-09,2025-10-14 00:00:00
C-03515,Ava,Muller,ava.muller3515@example.com,US,2024-06-21,2024-10-27 00:00:00
C-03516,Diego,Wilson,diego.wilson3516@example.com,US,2024-07-27,2024-12-27 00:00:00
C-03517,Elena,Johnson,elena.johnson3517@example.com,CA,2024-07-28,2024-12-27 00:00:00
C-03518,Ravi,Khan,ravi.khan3518@example.com,US,2024-10-16,2024-10-22 00:00:00
C-03519,Kofi,Muller,kofi.muller3519@example.com,US,2024-07-20,2024-12-17 00:00:00
C-03520,Diego,Okafor,diego.okafor3520@example.com,US,2024-07-02,2025-03-15 00:00:00
C-03521,Amara,Garcia,amara.garcia3521@example.com,US,2025-03-31,2025-10-29 00:00:00
C-03522,Ava,Martinez,ava.martinez3522@example.com,CA,2024-08-08,2025-04-03 00:00:00
C-03523,Nora,Martin,nora.martin3523@example.com,US,2025-02-09,2025-06-06 00:00:00
C-03524,Lena,Okafor,lena.okafor3524@example.com,US,2024-06-01,2024-11-06 00:00:00
C-03525,Nora,Martinez,nora.martinez3525@example.com,US,2025-04-15,2025-04-25 00:00:00
C-03526,Hana,Lee,hana.lee3526@example.com,CA,2024-06-22,2024-10-14 00:00:00
C-03527,Tara,Iyer,tara.iyer3527@example.com,US,2024-12-22,2025-05-13 00:00:00
C-03528,Victor,Tanaka,victor.tanaka3528@example.com,US,2024-11-18,2025-02-02 00:00:00
C-03529,Ava,Rossi,ava.rossi3529@example.com,US,2024-06-24,2024-07-03 00:00:00
C-03530,Elena,Dubois,elena.dubois3530@example.com,UK,2024-07-10,2025-02-02 00:00:00
C-03531,June,Rossi,june.rossi3531@example.com,US,2025-04-11,2025-08-19 00:00:00
C-03532,Sofia,Kim,sofia.kim3532@example.com,US,2024-07-01,2024-11-02 00:00:00
C-03533,Maya,Smith,maya.smith3533@example.com,US,2025-06-30,2025-09-12 00:00:00
C-03534,Omar,Iyer,omar.iyer3534@example.com,CA,2024-12-14,2025-05-24 00:00:00
C-03535,Ava,Okafor,ava.okafor3535@example.com,AU,2024-10-10,2025-02-18 00:00:00
C-03536,Ava,Anderson,ava.anderson3536@example.com,US,2024-12-06,2025-04-27 00:00:00
C-03537,Arjun,Silva,arjun.silva3537@example.com,UK,2025-03-15,2025-09-05 00:00:00
C-03538,Lucas,Wilson,lucas.wilson3538@example.com,US,2024-06-22,2024-06-23 00:00:00
C-03539,Marco,Martinez,marco.martinez3539@example.com,US,2024-11-12,2025-08-11 00:00:00
C-03540,Nora,Silva,nora.silva3540@example.com,US,2024-06-15,2024-07-06 00:00:00
C-03541,Nora,Novak,nora.novak3541@example.com,US,2025-02-27,2025-07-12 00:00:00
C-03542,Lena,Nguyen,lena.nguyen3542@example.com,US,2024-09-01,2024-11-02 00:00:00
C-03543,Cleo,Johnson,,US,2025-02-22,2025-07-29 00:00:00
C-03544,Cleo,Martinez,cleo.martinez3544@example.com,US,2025-02-11,2025-05-06 00:00:00
C-03545,Lucas,Costa,lucas.costa3545@example.com,US,2024-12-28,2025-09-12 00:00:00
C-03546,Kai,Thomas,kai.thomas3546@example.com,US,2024-10-05,2025-01-31 00:00:00
C-03547,Anya,Smith,anya.smith3547@example.com,US,2024-08-05,2025-02-12 00:00:00
C-03548,Yuki,Haddad,yuki.haddad3548@example.com,AU,2024-06-14,2024-08-27 00:00:00
C-03549,Dante,Harris,dante.harris3549@example.com,US,2025-03-13,2025-03-18 00:00:00
C-03550,Amara,Harris,amara.harris3550@example.com,US,2025-07-01,2025-10-30 00:00:00
C-03551,Liam,Novak,liam.novak3551@example.com,US,2024-11-07,2025-04-16 00:00:00
C-03552,Ivy,Clark,ivy.clark3552@example.com,US,2025-02-11,2025-06-28 00:00:00
C-03553,Lucas,Iyer,lucas.iyer3553@example.com,US,2025-05-20,2026-03-04 00:00:00
C-03554,Elena,Muller,elena.muller3554@example.com,UK,2024-08-20,2025-03-20 00:00:00
C-03555,Anya,Weber,anya.weber3555@example.com,US,2024-09-29,2025-07-24 00:00:00
C-03556,Zoe,Lewis,zoe.lewis3556@example.com,US,2024-09-10,2024-12-07 00:00:00
C-03557,Ravi,Costa,ravi.costa3557@example.com,US,2025-03-13,2025-11-04 00:00:00
C-03558,Rosa,Hall,rosa.hall3558@example.com,US,2024-07-22,2025-01-04 00:00:00
C-03559,Kai,Martin,kai.martin3559@example.com,US,2024-10-17,2025-04-18 00:00:00
C-03560,Mateo,Garcia,mateo.garcia3560@example.com,AU,2025-01-09,2025-10-31 00:00:00
C-03561,Rosa,Anderson,rosa.anderson3561@example.com,US,2025-06-09,2025-12-22 00:00:00
C-03562,Diego,Chen,diego.chen3562@example.com,DE,2025-02-27,2025-11-23 00:00:00
C-03563,Yuki,Thomas,yuki.thomas3563@example.com,US,2024-08-13,2025-03-18 00:00:00
C-03564,June,Chen,june.chen3564@example.com,UK,2025-04-05,2025-05-13 00:00:00
C-03565,Ali,Lewis,ali.lewis3565@example.com,US,2025-05-19,2025-12-14 00:00:00
C-03566,Marco,Harris,marco.harris3566@example.com,US,2024-10-17,2025-03-11 00:00:00
C-03567,Sam,Kim,sam.kim3567@example.com,US,2024-12-13,2025-09-14 00:00:00
C-03568,Diego,Novak,diego.novak3568@example.com,US,2025-06-23,2026-02-20 00:00:00
C-03569,Ivy,Thomas,ivy.thomas3569@example.com,US,2025-02-16,2025-03-19 00:00:00
C-03570,Zoe,Muller,zoe.muller3570@example.com,US,2025-06-01,2025-07-11 00:00:00
C-03571,Ivy,Anderson,ivy.anderson3571@example.com,US,2024-08-06,2024-08-26 00:00:00
C-03572,Cleo,Anderson,cleo.anderson3572@example.com,IN,2025-06-15,2025-11-09 00:00:00
C-03573,Zoe,Muller,zoe.muller3573@example.com,CA,2024-09-03,2024-09-27 00:00:00
C-03574,Arjun,Dubois,arjun.dubois3574@example.com,US,2024-11-12,2025-06-17 00:00:00
C-03575,Omar,Wilson,omar.wilson3575@example.com,US,2025-07-03,2025-12-15 00:00:00
C-03576,Ava,Lee,ava.lee3576@example.com,US,2025-01-29,2025-10-06 00:00:00
C-03577,June,Jackson,june.jackson3577@example.com,US,2025-05-27,2025-08-18 00:00:00
C-03578,Nina,Novak,nina.novak3578@example.com,US,2025-07-02,2025-12-04 00:00:00
C-03579,Elena,Walker,elena.walker3579@example.com,UK,2025-06-08,2025-07-13 00:00:00
C-03580,Ravi,Kim,ravi.kim3580@example.com,US,2024-07-09,2025-03-31 00:00:00
C-03581,Theo,Johnson,theo.johnson3581@example.com,AU,2025-02-25,2025-04-18 00:00:00
C-03582,Ava,Martin,ava.martin3582@example.com,US,2025-05-24,2025-06-23 00:00:00
C-03583,Victor,Davis,victor.davis3583@example.com,US,2025-02-28,2025-04-30 00:00:00
C-03584,June,Haddad,june.haddad3584@example.com,US,2024-06-29,2025-02-25 00:00:00
C-03585,Ava,Thomas,ava.thomas3585@example.com,US,2025-05-05,2025-06-05 00:00:00
C-03586,Arjun,Clark,arjun.clark3586@example.com,US,2024-07-08,2025-01-08 00:00:00
C-03587,Priya,Lewis,,US,2024-06-12,2025-01-21 00:00:00
C-03588,Nora,Ali,nora.ali3588@example.com,US,2025-06-02,2026-01-13 00:00:00
C-03589,Maya,Ali,maya.ali3589@example.com,US,2024-09-01,2024-10-28 00:00:00
C-03590,Nora,Dubois,nora.dubois3590@example.com,US,2025-02-28,2025-03-18 00:00:00
C-03591,Arjun,Haddad,arjun.haddad3591@example.com,US,2025-01-02,2025-05-16 00:00:00
C-03592,Lucas,Okafor,lucas.okafor3592@example.com,DE,2025-03-25,2025-05-24 00:00:00
C-03593,Yuki,Thomas,yuki.thomas3593@example.com,US,2025-04-01,2025-10-27 00:00:00
C-03594,Amara,Harris,amara.harris3594@example.com,US,2024-09-04,2024-12-20 00:00:00
C-03595,Aisha,Kim,aisha.kim3595@example.com,UK,2024-06-27,2024-11-08 00:00:00
C-03596,Victor,Muller,victor.muller3596@example.com,US,2024-09-13,2024-10-17 00:00:00
C-03597,Omar,Smith,omar.smith3597@example.com,US,2025-01-10,2025-06-29 00:00:00
C-03598,Lena,Haddad,lena.haddad3598@example.com,US,2024-07-05,2024-08-29 00:00:00
C-03599,Dante,Martinez,dante.martinez3599@example.com,UK,2024-07-04,2025-01-23 00:00:00
C-03600,Anya,Lee,anya.lee3600@example.com,CA,2024-10-14,2024-11-04 00:00:00
C-03601,Nina,Jackson,nina.jackson3601@example.com,CA,2024-08-16,2025-06-04 00:00:00
C-03602,Theo,Lewis,theo.lewis3602@example.com,US,2024-09-11,2025-04-04 00:00:00
C-03603,Lena,Ali,lena.ali3603@example.com,US,2024-12-05,2025-01-28 00:00:00
C-03604,Dante,Brown,dante.brown3604@example.com,US,2024-10-01,2024-10-05 00:00:00
C-03605,Liam,Chen,liam.chen3605@example.com,US,2025-03-26,2025-07-04 00:00:00
C-03606,Theo,White,theo.white3606@example.com,CA,2024-12-17,2025-01-31 00:00:00
C-03607,Lucas,Dubois,lucas.dubois3607@example.com,US,2025-04-26,2025-06-30 00:00:00
C-03608,Theo,Rossi,theo.rossi3608@example.com,US,2025-01-13,2025-10-01 00:00:00
C-03609,June,Dubois,,US,2025-03-13,2025-09-09 00:00:00
C-03610,Theo,Haddad,theo.haddad3610@example.com,US,2025-05-22,2025-07-13 00:00:00
C-03611,Noah,Garcia,noah.garcia3611@example.com,US,2025-06-21,2025-12-04 00:00:00
C-03612,Zoe,Novak,zoe.novak3612@example.com,US,2024-11-11,2025-01-26 00:00:00
C-03613,Nina,Martinez,nina.martinez3613@example.com,US,2025-03-25,2026-01-11 00:00:00
C-03614,Elena,Davis,elena.davis3614@example.com,US,2025-03-04,2025-03-13 00:00:00
C-03615,Maya,Thomas,maya.thomas3615@example.com,US,2024-12-05,2025-07-12 00:00:00
C-03616,Sofia,Haddad,sofia.haddad3616@example.com,US,2024-11-06,2025-06-25 00:00:00
C-03617,Anya,Silva,anya.silva3617@example.com,US,2025-03-10,2025-03-30 00:00:00
C-03618,Lena,Robinson,lena.robinson3618@example.com,IN,2025-01-10,2025-03-02 00:00:00
C-03619,Sam,White,sam.white3619@example.com,US,2024-12-12,2025-04-06 00:00:00
C-03620,Nina,Garcia,,US,2025-04-19,2026-01-04 00:00:00
C-03621,Liam,Garcia,liam.garcia3621@example.com,AU,2024-12-02,2025-05-12 00:00:00
C-03622,Liam,Khan,liam.khan3622@example.com,DE,2025-02-06,2025-08-21 00:00:00
C-03623,June,Khan,june.khan3623@example.com,US,2025-02-10,2025-10-02 00:00:00
C-03624,Diego,Muller,diego.muller3624@example.com,US,2025-06-28,2026-03-03 00:00:00
C-03625,Aisha,Nguyen,aisha.nguyen3625@example.com,BR,2024-07-24,2024-12-13 00:00:00
C-03626,Ali,Garcia,ali.garcia3626@example.com,US,2024-12-02,2025-05-03 00:00:00
C-03627,Sam,Moore,sam.moore3627@example.com,US,2024-12-29,2025-08-01 00:00:00
C-03628,Tara,Costa,tara.costa3628@example.com,US,2024-11-16,2025-02-03 00:00:00
C-03629,Theo,Silva,theo.silva3629@example.com,CA,2024-12-01,2025-08-14 00:00:00
C-03630,Theo,Harris,theo.harris3630@example.com,US,2024-10-03,2024-10-09 00:00:00
C-03631,Zoe,Silva,zoe.silva3631@example.com,IN,2025-06-26,2025-08-23 00:00:00
C-03632,Tara,Garcia,tara.garcia3632@example.com,US,2025-01-28,2025-09-25 00:00:00
C-03633,Sam,Moore,sam.moore3633@example.com,US,2024-09-18,2024-12-29 00:00:00
C-03634,Lena,White,,CA,2024-09-21,2024-11-04 00:00:00
C-03635,Noah,Patel,noah.patel3635@example.com,US,2024-08-01,2024-09-26 00:00:00
C-03636,Marco,Miller,marco.miller3636@example.com,US,2024-12-01,2025-05-09 00:00:00
C-03637,Aisha,Martinez,aisha.martinez3637@example.com,US,2024-06-07,2025-02-15 00:00:00
C-03638,Hana,Moore,hana.moore3638@example.com,US,2025-02-26,2025-03-19 00:00:00
C-03639,Victor,Silva,victor.silva3639@example.com,US,2025-05-04,2025-05-13 00:00:00
C-03640,Ivy,Brown,ivy.brown3640@example.com,US,2025-01-11,2025-05-30 00:00:00
C-03641,Aisha,Weber,aisha.weber3641@example.com,CA,2024-12-18,2025-09-30 00:00:00
C-03642,Marco,Kim,marco.kim3642@example.com,US,2025-06-06,2025-08-28 00:00:00
C-03643,Diego,Nguyen,diego.nguyen3643@example.com,US,2025-01-18,2025-11-01 00:00:00
C-03644,Victor,Walker,victor.walker3644@example.com,CA,2025-03-19,2025-12-10 00:00:00
C-03645,Cleo,Hall,cleo.hall3645@example.com,US,2024-11-21,2025-02-13 00:00:00
C-03646,Wren,Martinez,wren.martinez3646@example.com,US,2024-12-22,2025-08-24 00:00:00
C-03647,Noah,Iyer,noah.iyer3647@example.com,US,2025-06-07,2025-12-29 00:00:00
C-03648,Hana,Tanaka,hana.tanaka3648@example.com,US,2025-03-10,2025-08-10 00:00:00
C-03649,Rosa,Martinez,rosa.martinez3649@example.com,US,2024-10-06,2025-02-09 00:00:00
C-03650,Elena,Ali,elena.ali3650@example.com,US,2024-12-17,2025-08-18 00:00:00
C-03651,Mira,Novak,mira.novak3651@example.com,US,2025-01-09,2025-09-03 00:00:00
C-03652,Nora,Martinez,nora.martinez3652@example.com,US,2024-06-11,2025-01-24 00:00:00
C-03653,Dante,Novak,dante.novak3653@example.com,US,2024-12-20,2025-10-15 00:00:00
C-03654,Mateo,Taylor,mateo.taylor3654@example.com,US,2024-12-06,2025-04-28 00:00:00
C-03655,Amara,Martinez,amara.martinez3655@example.com,UK,2024-07-21,2025-03-20 00:00:00
C-03656,Yuki,Anderson,yuki.anderson3656@example.com,US,2025-03-08,2025-11-21 00:00:00
C-03657,Ravi,Anderson,ravi.anderson3657@example.com,US,2024-07-08,2024-09-09 00:00:00
C-03658,Aisha,Martinez,aisha.martinez3658@example.com,US,2025-05-17,2025-05-29 00:00:00
C-03659,Yuki,Tanaka,yuki.tanaka3659@example.com,US,2024-12-21,2025-04-21 00:00:00
C-03660,Marco,Costa,marco.costa3660@example.com,UK,2025-06-11,2026-02-23 00:00:00
C-03661,Marco,Johnson,marco.johnson3661@example.com,DE,2025-05-25,2025-08-19 00:00:00
C-03662,Aisha,Costa,aisha.costa3662@example.com,US,2025-01-22,2025-08-20 00:00:00
C-03663,Kai,Taylor,kai.taylor3663@example.com,AU,2025-06-22,2025-06-24 00:00:00
C-03664,Aisha,Davis,aisha.davis3664@example.com,US,2025-06-26,2025-10-10 00:00:00
C-03665,Tara,Chen,tara.chen3665@example.com,DE,2024-07-22,2025-01-22 00:00:00
C-03666,Liam,Khan,liam.khan3666@example.com,US,2025-04-09,2025-05-17 00:00:00
C-03667,Victor,Iyer,victor.iyer3667@example.com,US,2024-06-17,2025-03-12 00:00:00
C-03668,Kofi,Martinez,kofi.martinez3668@example.com,US,2025-06-09,2025-07-25 00:00:00
C-03669,Ivy,Muller,ivy.muller3669@example.com,CA,2025-05-28,2026-02-24 00:00:00
C-03670,Jonas,Martinez,jonas.martinez3670@example.com,US,2025-07-04,2025-09-06 00:00:00
C-03671,Nina,Dubois,nina.dubois3671@example.com,AU,2025-01-18,2025-11-12 00:00:00
C-03672,Noah,Davis,,UK,2025-05-28,2025-11-25 00:00:00
C-03673,Noah,Costa,noah.costa3673@example.com,US,2024-08-18,2024-09-12 00:00:00
C-03674,Omar,Miller,omar.miller3674@example.com,US,2024-09-12,2024-10-01 00:00:00
C-03675,Elena,Lee,elena.lee3675@example.com,AU,2024-08-18,2024-09-09 00:00:00
C-03676,Lucas,Taylor,lucas.taylor3676@example.com,US,2025-04-01,2025-09-24 00:00:00
C-03677,Priya,Khan,priya.khan3677@example.com,CA,2024-12-25,2025-08-24 00:00:00
C-03678,Cleo,Martinez,cleo.martinez3678@example.com,US,2024-11-12,2025-03-12 00:00:00
C-03679,Theo,Nguyen,theo.nguyen3679@example.com,US,2024-08-22,2025-01-02 00:00:00
C-03680,Ravi,Lee,ravi.lee3680@example.com,UK,2024-08-09,2025-02-01 00:00:00
C-03681,Nora,Martin,nora.martin3681@example.com,US,2025-07-04,2025-12-10 00:00:00
C-03682,Sam,Haddad,,US,2024-09-28,2025-04-22 00:00:00
C-03683,Maya,Smith,maya.smith3683@example.com,DE,2025-04-25,2025-09-13 00:00:00
C-03684,Wren,Garcia,wren.garcia3684@example.com,US,2024-09-09,2025-04-11 00:00:00
C-03685,Marco,Muller,marco.muller3685@example.com,US,2024-08-14,2025-06-09 00:00:00
C-03686,Victor,Clark,victor.clark3686@example.com,US,2024-10-06,2025-01-19 00:00:00
C-03687,Ava,Patel,ava.patel3687@example.com,US,2025-03-18,2025-03-21 00:00:00
C-03688,Liam,Garcia,liam.garcia3688@example.com,US,2024-08-21,2024-09-27 00:00:00
C-03689,Victor,Rossi,victor.rossi3689@example.com,CA,2024-11-04,2025-04-19 00:00:00
C-03690,Anya,Patel,anya.patel3690@example.com,US,2024-08-11,2024-11-22 00:00:00
C-03691,Nina,Harris,nina.harris3691@example.com,US,2025-04-05,2026-01-11 00:00:00
C-03692,Elena,Costa,elena.costa3692@example.com,CA,2024-06-06,2024-12-11 00:00:00
C-03693,Lucas,Anderson,lucas.anderson3693@example.com,CA,2024-06-11,2024-11-14 00:00:00
C-03694,Omar,Taylor,omar.taylor3694@example.com,US,2025-05-18,2026-01-12 00:00:00
C-03695,Sofia,Nguyen,,CA,2024-09-02,2024-11-18 00:00:00
C-03696,Zoe,Rossi,zoe.rossi3696@example.com,UK,2025-04-10,2025-12-11 00:00:00
C-03697,Kofi,Costa,kofi.costa3697@example.com,US,2024-09-21,2024-09-21 00:00:00
C-03698,Ivy,Haddad,ivy.haddad3698@example.com,US,2024-11-25,2025-05-29 00:00:00
C-03699,Nina,Garcia,nina.garcia3699@example.com,DE,2024-11-25,2025-09-01 00:00:00
C-03700,Victor,Chen,victor.chen3700@example.com,AU,2025-04-22,2025-12-14 00:00:00
C-03701,Amara,Okafor,amara.okafor3701@example.com,US,2024-06-09,2025-02-20 00:00:00
C-03702,Mateo,Smith,mateo.smith3702@example.com,US,2025-03-30,2025-07-27 00:00:00
C-03703,Nina,Davis,nina.davis3703@example.com,US,2025-01-22,2025-09-26 00:00:00
C-03704,Elena,Kim,elena.kim3704@example.com,DE,2025-05-29,2025-11-10 00:00:00
C-03705,Tara,Dubois,tara.dubois3705@example.com,US,2024-06-17,2024-12-19 00:00:00
C-03706,Maya,Wilson,maya.wilson3706@example.com,JP,2025-02-28,2025-03-17 00:00:00
C-03707,Nina,Novak,nina.novak3707@example.com,US,2025-04-23,2025-06-22 00:00:00
C-03708,Lena,Thomas,lena.thomas3708@example.com,BR,2025-05-23,2025-11-04 00:00:00
C-03709,Maya,Martinez,maya.martinez3709@example.com,US,2024-10-07,2024-10-24 00:00:00
C-03710,Sofia,Thomas,sofia.thomas3710@example.com,US,2024-06-08,2025-01-16 00:00:00
C-03711,Maya,Chen,maya.chen3711@example.com,US,2024-10-29,2025-07-08 00:00:00
C-03712,Anya,Okafor,anya.okafor3712@example.com,US,2024-09-01,2025-06-04 00:00:00
C-03713,Ali,Khan,ali.khan3713@example.com,IN,2025-06-12,2025-07-12 00:00:00
C-03714,Liam,Moore,liam.moore3714@example.com,US,2025-02-14,2025-11-22 00:00:00
C-03715,Zoe,Brown,zoe.brown3715@example.com,US,2024-10-08,2024-10-28 00:00:00
C-03716,Priya,Ali,priya.ali3716@example.com,US,2025-05-17,2025-10-06 00:00:00
C-03717,Nina,Miller,,US,2024-06-11,2025-02-18 00:00:00
C-03718,Jonas,Clark,jonas.clark3718@example.com,CA,2025-02-27,2025-03-20 00:00:00
C-03719,Priya,Martin,priya.martin3719@example.com,US,2024-09-12,2024-09-17 00:00:00
C-03720,Lena,Clark,lena.clark3720@example.com,US,2025-06-17,2025-06-24 00:00:00
C-03721,Wren,Okafor,wren.okafor3721@example.com,US,2025-04-15,2025-09-15 00:00:00
C-03722,Tara,Kim,tara.kim3722@example.com,US,2025-01-20,2025-09-20 00:00:00
C-03723,Rosa,Patel,rosa.patel3723@example.com,US,2025-05-24,2025-07-01 00:00:00
C-03724,Nora,Davis,nora.davis3724@example.com,US,2024-06-08,2024-07-15 00:00:00
C-03725,Rosa,Martinez,rosa.martinez3725@example.com,US,2025-03-01,2025-08-18 00:00:00
C-03726,Omar,Haddad,omar.haddad3726@example.com,CA,2024-07-04,2024-09-12 00:00:00
C-03727,Lucas,Nguyen,lucas.nguyen3727@example.com,US,2025-01-01,2025-08-08 00:00:00
C-03728,Arjun,Garcia,arjun.garcia3728@example.com,US,2024-10-16,2025-07-27 00:00:00
C-03729,Jonas,Wilson,jonas.wilson3729@example.com,CA,2025-07-02,2026-02-16 00:00:00
C-03730,Zoe,Costa,zoe.costa3730@example.com,US,2024-11-29,2025-08-19 00:00:00
C-03731,Liam,Jackson,liam.jackson3731@example.com,CA,2025-03-19,2025-08-21 00:00:00
C-03732,Amara,Taylor,amara.taylor3732@example.com,AU,2024-11-25,2025-08-01 00:00:00
C-03733,Kofi,Hall,kofi.hall3733@example.com,US,2025-01-09,2025-03-04 00:00:00
C-03734,Wren,Lewis,wren.lewis3734@example.com,JP,2025-07-05,2025-07-25 00:00:00
C-03735,Tara,Clark,tara.clark3735@example.com,IN,2025-03-06,2025-09-18 00:00:00
C-03736,Ali,White,ali.white3736@example.com,US,2025-01-21,2025-02-05 00:00:00
C-03737,Tara,Silva,tara.silva3737@example.com,US,2024-12-15,2025-09-08 00:00:00
C-03738,June,Moore,june.moore3738@example.com,CA,2024-09-04,2025-03-30 00:00:00
C-03739,Ravi,Silva,ravi.silva3739@example.com,US,2025-05-10,2026-02-19 00:00:00
C-03740,Tara,Garcia,tara.garcia3740@example.com,US,2024-12-24,2025-03-28 00:00:00
C-03741,Kofi,Hall,kofi.hall3741@example.com,US,2025-03-07,2025-07-30 00:00:00
C-03742,Kai,Chen,kai.chen3742@example.com,JP,2025-02-06,2025-09-16 00:00:00
C-03743,Ivy,Costa,ivy.costa3743@example.com,JP,2025-03-12,2025-05-23 00:00:00
C-03744,Lena,Taylor,lena.taylor3744@example.com,US,2025-03-30,2025-09-08 00:00:00
C-03745,Victor,Hall,victor.hall3745@example.com,CA,2025-06-08,2025-12-22 00:00:00
C-03746,Diego,Silva,diego.silva3746@example.com,US,2025-05-23,2026-03-12 00:00:00
C-03747,Cleo,Anderson,cleo.anderson3747@example.com,US,2025-07-03,2026-02-11 00:00:00
C-03748,Arjun,Ali,arjun.ali3748@example.com,US,2025-01-25,2025-03-01 00:00:00
C-03749,Rosa,Haddad,rosa.haddad3749@example.com,US,2024-11-02,2025-03-24 00:00:00
C-03750,Sam,Walker,sam.walker3750@example.com,UK,2025-04-09,2025-10-02 00:00:00
C-03751,Ravi,Martinez,ravi.martinez3751@example.com,CA,2024-11-23,2025-01-05 00:00:00
C-03752,Liam,Costa,liam.costa3752@example.com,US,2025-03-14,2025-07-21 00:00:00
C-03753,Victor,Rossi,victor.rossi3753@example.com,AU,2024-06-15,2024-09-08 00:00:00
C-03754,Kofi,Hall,kofi.hall3754@example.com,US,2025-05-18,2025-06-22 00:00:00
C-03755,Rosa,Silva,rosa.silva3755@example.com,IN,2024-11-10,2025-04-12 00:00:00
C-03756,Leo,Robinson,leo.robinson3756@example.com,US,2024-07-04,2024-08-22 00:00:00
C-03757,Dante,Khan,dante.khan3757@example.com,US,2025-06-12,2025-12-06 00:00:00
C-03758,Kofi,Moore,kofi.moore3758@example.com,UK,2024-08-24,2024-10-13 00:00:00
C-03759,Zoe,Okafor,,US,2024-11-18,2025-06-23 00:00:00
C-03760,Lena,Muller,lena.muller3760@example.com,UK,2025-03-20,2025-05-17 00:00:00
C-03761,Mateo,Chen,mateo.chen3761@example.com,US,2025-03-18,2025-12-11 00:00:00
C-03762,Kofi,Davis,kofi.davis3762@example.com,DE,2024-08-30,2024-09-06 00:00:00
C-03763,Lucas,Tanaka,lucas.tanaka3763@example.com,JP,2025-06-19,2025-11-22 00:00:00
C-03764,Dante,Taylor,dante.taylor3764@example.com,US,2025-04-07,2025-07-12 00:00:00
C-03765,June,Weber,june.weber3765@example.com,US,2024-09-28,2024-12-04 00:00:00
C-03766,Maya,Garcia,maya.garcia3766@example.com,US,2024-08-26,2025-01-14 00:00:00
C-03767,Diego,Haddad,,UK,2024-07-13,2025-03-22 00:00:00
C-03768,Jonas,Thomas,jonas.thomas3768@example.com,US,2024-12-22,2025-09-22 00:00:00
C-03769,Zoe,Nguyen,zoe.nguyen3769@example.com,IN,2024-12-18,2025-03-18 00:00:00
C-03770,Marco,Garcia,marco.garcia3770@example.com,US,2024-12-23,2025-02-07 00:00:00
C-03771,Nora,Hall,nora.hall3771@example.com,US,2025-04-26,2025-11-28 00:00:00
C-03772,Noah,Smith,noah.smith3772@example.com,US,2024-07-29,2025-01-19 00:00:00
C-03773,Wren,Iyer,wren.iyer3773@example.com,UK,2025-01-02,2025-03-03 00:00:00
C-03774,Ali,Smith,ali.smith3774@example.com,US,2024-07-19,2025-03-04 00:00:00
C-03775,Noah,White,noah.white3775@example.com,US,2024-09-14,2025-02-16 00:00:00
C-03776,Anya,Chen,anya.chen3776@example.com,US,2024-09-08,2025-03-23 00:00:00
C-03777,Victor,Silva,,US,2024-06-20,2024-10-05 00:00:00
C-03778,Ivy,Iyer,ivy.iyer3778@example.com,US,2025-01-05,2025-05-16 00:00:00
C-03779,Arjun,Jackson,arjun.jackson3779@example.com,US,2025-01-31,2025-03-26 00:00:00
C-03780,Amara,Nguyen,amara.nguyen3780@example.com,US,2024-11-24,2025-07-08 00:00:00
C-03781,Sofia,Taylor,sofia.taylor3781@example.com,US,2024-10-12,2024-11-28 00:00:00
C-03782,Sofia,Walker,sofia.walker3782@example.com,US,2025-05-06,2025-12-25 00:00:00
C-03783,Rosa,Khan,rosa.khan3783@example.com,US,2025-02-28,2025-10-25 00:00:00
C-03784,Diego,Moore,diego.moore3784@example.com,US,2025-04-08,2025-11-17 00:00:00
C-03785,Kofi,Walker,,JP,2024-12-21,2024-12-26 00:00:00
C-03786,Elena,Garcia,elena.garcia3786@example.com,US,2025-01-25,2025-04-16 00:00:00
C-03787,Theo,Tanaka,,US,2025-04-06,2025-08-24 00:00:00
C-03788,Nora,Chen,nora.chen3788@example.com,US,2025-05-29,2025-11-23 00:00:00
C-03789,Sofia,Brown,sofia.brown3789@example.com,US,2025-01-07,2025-10-09 00:00:00
C-03790,Nora,Miller,nora.miller3790@example.com,US,2024-12-08,2025-03-30 00:00:00
C-03791,Priya,White,priya.white3791@example.com,US,2024-10-27,2025-07-16 00:00:00
C-03792,Cleo,Patel,cleo.patel3792@example.com,US,2025-03-30,2025-05-18 00:00:00
C-03793,Priya,Khan,priya.khan3793@example.com,US,2024-12-14,2025-04-04 00:00:00
C-03794,Marco,Rossi,marco.rossi3794@example.com,US,2025-02-14,2025-03-01 00:00:00
C-03795,Ravi,Garcia,ravi.garcia3795@example.com,US,2025-03-13,2025-10-21 00:00:00
C-03796,Sofia,White,sofia.white3796@example.com,CA,2024-08-30,2024-10-14 00:00:00
C-03797,Leo,Moore,leo.moore3797@example.com,US,2025-02-07,2025-04-25 00:00:00
C-03798,Arjun,Smith,arjun.smith3798@example.com,US,2025-06-12,2026-01-30 00:00:00
C-03799,Tara,Weber,tara.weber3799@example.com,US,2025-06-18,2025-11-25 00:00:00
C-03800,Amara,Lee,amara.lee3800@example.com,US,2025-06-11,2025-06-15 00:00:00
C-03801,Hana,Costa,hana.costa3801@example.com,US,2024-09-24,2024-09-24 00:00:00
C-03802,Lena,Iyer,lena.iyer3802@example.com,US,2025-02-27,2025-07-30 00:00:00
C-03803,Ravi,Jackson,ravi.jackson3803@example.com,US,2024-09-24,2024-12-24 00:00:00
C-03804,Priya,Taylor,priya.taylor3804@example.com,US,2025-02-13,2025-04-08 00:00:00
C-03805,Mateo,White,mateo.white3805@example.com,US,2024-12-23,2025-06-25 00:00:00
C-03806,Jonas,Johnson,jonas.johnson3806@example.com,US,2024-09-04,2024-11-11 00:00:00
C-03807,Ava,Johnson,ava.johnson3807@example.com,US,2024-10-20,2025-04-15 00:00:00
C-03808,June,Robinson,june.robinson3808@example.com,US,2024-09-10,2025-01-01 00:00:00
C-03809,Nora,Tanaka,nora.tanaka3809@example.com,US,2025-01-04,2025-03-01 00:00:00
C-03810,Amara,Lewis,amara.lewis3810@example.com,IN,2025-01-14,2025-02-24 00:00:00
C-03811,Mira,Walker,mira.walker3811@example.com,IN,2024-07-28,2024-10-07 00:00:00
C-03812,Lena,Haddad,lena.haddad3812@example.com,US,2024-09-23,2024-10-01 00:00:00
C-03813,Ravi,Rossi,ravi.rossi3813@example.com,US,2025-06-20,2025-09-20 00:00:00
C-03814,Theo,Brown,theo.brown3814@example.com,US,2025-04-18,2026-01-13 00:00:00
C-03815,Ivy,Lewis,ivy.lewis3815@example.com,IN,2025-04-17,2025-12-22 00:00:00
C-03816,Liam,Martin,liam.martin3816@example.com,CA,2024-07-11,2024-10-30 00:00:00
C-03817,Theo,Thomas,theo.thomas3817@example.com,US,2025-03-26,2025-09-14 00:00:00
C-03818,Cleo,Harris,cleo.harris3818@example.com,US,2024-06-03,2024-11-20 00:00:00
C-03819,Mira,Novak,mira.novak3819@example.com,US,2025-04-18,2025-12-22 00:00:00
C-03820,Mateo,Patel,mateo.patel3820@example.com,US,2024-11-01,2025-01-10 00:00:00
C-03821,Marco,Robinson,marco.robinson3821@example.com,UK,2024-10-02,2024-12-29 00:00:00
C-03822,Amara,Ali,amara.ali3822@example.com,US,2024-10-17,2025-01-15 00:00:00
C-03823,Sam,Johnson,sam.johnson3823@example.com,US,2024-11-30,2024-12-12 00:00:00
C-03824,Aisha,Patel,aisha.patel3824@example.com,US,2024-09-19,2024-12-22 00:00:00
C-03825,Arjun,Muller,arjun.muller3825@example.com,US,2024-08-01,2025-04-21 00:00:00
C-03826,Kofi,Silva,kofi.silva3826@example.com,US,2025-02-26,2025-11-26 00:00:00
C-03827,Kai,Smith,kai.smith3827@example.com,US,2025-01-11,2025-02-12 00:00:00
C-03828,Sam,Lewis,sam.lewis3828@example.com,US,2025-05-28,2025-10-12 00:00:00
C-03829,Ali,Kim,ali.kim3829@example.com,US,2025-03-01,2025-06-23 00:00:00
C-03830,Dante,Novak,dante.novak3830@example.com,CA,2024-12-15,2025-05-10 00:00:00
C-03831,Theo,Costa,theo.costa3831@example.com,US,2024-09-22,2025-03-07 00:00:00
C-03832,Amara,Dubois,amara.dubois3832@example.com,US,2025-03-21,2025-03-27 00:00:00
C-03833,Nina,Kim,nina.kim3833@example.com,AU,2024-07-23,2025-04-01 00:00:00
C-03834,Ivy,Robinson,ivy.robinson3834@example.com,AU,2025-01-14,2025-11-02 00:00:00
C-03835,Ali,Tanaka,ali.tanaka3835@example.com,US,2025-01-28,2025-08-12 00:00:00
C-03836,Sofia,Weber,sofia.weber3836@example.com,US,2025-05-26,2025-12-10 00:00:00
C-03837,Wren,Garcia,wren.garcia3837@example.com,US,2024-10-10,2025-03-17 00:00:00
C-03838,Ethan,Costa,ethan.costa3838@example.com,UK,2024-09-03,2024-12-12 00:00:00
C-03839,Theo,Garcia,theo.garcia3839@example.com,DE,2025-02-28,2025-04-13 00:00:00
C-03840,Maya,Jackson,maya.jackson3840@example.com,US,2025-02-24,2025-08-18 00:00:00
C-03841,Ravi,Robinson,ravi.robinson3841@example.com,US,2024-10-02,2024-10-15 00:00:00
C-03842,Diego,Chen,diego.chen3842@example.com,UK,2025-03-09,2025-11-11 00:00:00
C-03843,Kai,Garcia,kai.garcia3843@example.com,US,2025-03-20,2025-07-24 00:00:00
C-03844,Dante,Moore,dante.moore3844@example.com,CA,2025-02-17,2025-06-21 00:00:00
C-03845,Zoe,White,zoe.white3845@example.com,US,2024-10-22,2025-01-28 00:00:00
C-03846,Mira,Moore,mira.moore3846@example.com,CA,2024-08-24,2025-06-10 00:00:00
C-03847,Kofi,Thomas,kofi.thomas3847@example.com,AU,2025-02-22,2025-04-15 00:00:00
C-03848,Mateo,Dubois,mateo.dubois3848@example.com,CA,2025-05-13,2025-06-27 00:00:00
C-03849,Nora,Martin,nora.martin3849@example.com,US,2025-01-24,2025-03-14 00:00:00
C-03850,Theo,Brown,theo.brown3850@example.com,US,2024-10-23,2025-05-08 00:00:00
C-03851,Hana,Ali,hana.ali3851@example.com,US,2025-07-05,2026-04-28 00:00:00
C-03852,Aisha,Nguyen,aisha.nguyen3852@example.com,US,2025-05-25,2025-08-03 00:00:00
C-03853,Aisha,Moore,aisha.moore3853@example.com,CA,2024-07-08,2025-04-05 00:00:00
C-03854,Nina,White,nina.white3854@example.com,US,2025-06-05,2025-08-27 00:00:00
C-03855,Lucas,Johnson,lucas.johnson3855@example.com,US,2024-06-08,2024-12-19 00:00:00
C-03856,Kai,Davis,kai.davis3856@example.com,US,2024-07-01,2024-07-13 00:00:00
C-03857,Elena,Ali,elena.ali3857@example.com,US,2025-06-10,2025-11-05 00:00:00
C-03858,Cleo,Lee,cleo.lee3858@example.com,US,2024-07-15,2025-01-27 00:00:00
C-03859,Leo,Hall,leo.hall3859@example.com,UK,2024-10-26,2025-04-04 00:00:00
C-03860,Ravi,Dubois,ravi.dubois3860@example.com,IN,2025-05-26,2025-08-05 00:00:00
C-03861,Kofi,Iyer,kofi.iyer3861@example.com,US,2025-02-14,2025-10-20 00:00:00
C-03862,Nora,Robinson,nora.robinson3862@example.com,CA,2024-11-17,2025-09-04 00:00:00
C-03863,Priya,Davis,priya.davis3863@example.com,US,2024-11-27,2025-04-13 00:00:00
C-03864,Ethan,Brown,ethan.brown3864@example.com,IN,2025-05-20,2025-11-26 00:00:00
C-03865,Nina,Harris,nina.harris3865@example.com,US,2025-05-14,2026-01-06 00:00:00
C-03866,Marco,Johnson,marco.johnson3866@example.com,US,2025-03-12,2025-05-23 00:00:00
C-03867,Hana,Lee,hana.lee3867@example.com,AU,2024-11-07,2025-07-24 00:00:00
C-03868,Ivy,Davis,ivy.davis3868@example.com,UK,2025-02-02,2025-04-27 00:00:00
C-03869,Aisha,Muller,aisha.muller3869@example.com,US,2024-10-09,2025-05-29 00:00:00
C-03870,Priya,Clark,priya.clark3870@example.com,US,2024-08-11,2024-09-13 00:00:00
C-03871,Aisha,Garcia,aisha.garcia3871@example.com,US,2025-04-03,2025-06-28 00:00:00
C-03872,Anya,Tanaka,anya.tanaka3872@example.com,CA,2025-04-03,2025-09-10 00:00:00
C-03873,Sam,Garcia,sam.garcia3873@example.com,DE,2025-07-05,2025-12-09 00:00:00
C-03874,Mira,Costa,mira.costa3874@example.com,US,2025-05-13,2026-01-23 00:00:00
C-03875,Ava,Chen,ava.chen3875@example.com,CA,2024-08-24,2025-06-18 00:00:00
C-03876,Lucas,Garcia,lucas.garcia3876@example.com,US,2025-03-26,2025-04-27 00:00:00
C-03877,Lucas,Harris,lucas.harris3877@example.com,US,2024-06-03,2024-08-23 00:00:00
C-03878,Noah,Chen,noah.chen3878@example.com,AU,2024-06-07,2024-09-22 00:00:00
C-03879,Nina,Lee,nina.lee3879@example.com,US,2025-07-04,2025-11-24 00:00:00
C-03880,Ethan,Wilson,ethan.wilson3880@example.com,US,2024-06-10,2024-11-05 00:00:00
C-03881,Ethan,Brown,ethan.brown3881@example.com,US,2024-08-27,2025-05-10 00:00:00
C-03882,Sam,Brown,sam.brown3882@example.com,US,2024-07-07,2025-02-23 00:00:00
C-03883,Kai,Wilson,kai.wilson3883@example.com,US,2024-11-26,2024-12-01 00:00:00
C-03884,Victor,Harris,victor.harris3884@example.com,US,2025-02-25,2025-07-11 00:00:00
C-03885,Priya,Novak,priya.novak3885@example.com,US,2025-04-05,2025-10-07 00:00:00
C-03886,Sam,Kim,,CA,2025-04-11,2025-08-27 00:00:00
C-03887,Dante,Silva,dante.silva3887@example.com,UK,2024-06-04,2024-07-13 00:00:00
C-03888,Priya,Costa,priya.costa3888@example.com,US,2024-12-01,2025-03-30 00:00:00
C-03889,Maya,Miller,maya.miller3889@example.com,US,2025-04-14,2025-08-15 00:00:00
C-03890,Wren,Martinez,wren.martinez3890@example.com,US,2025-05-11,2025-07-06 00:00:00
C-03891,June,Martinez,june.martinez3891@example.com,US,2024-11-01,2025-06-15 00:00:00
C-03892,Ali,Dubois,ali.dubois3892@example.com,US,2024-07-20,2024-10-24 00:00:00
C-03893,Dante,Wilson,dante.wilson3893@example.com,US,2025-03-28,2025-09-20 00:00:00
C-03894,Anya,Clark,anya.clark3894@example.com,US,2025-04-08,2025-09-09 00:00:00
C-03895,Hana,Johnson,hana.johnson3895@example.com,US,2025-05-10,2026-01-28 00:00:00
C-03896,Rosa,Thomas,rosa.thomas3896@example.com,US,2025-06-25,2025-07-31 00:00:00
C-03897,June,Garcia,june.garcia3897@example.com,DE,2025-01-23,2025-02-26 00:00:00
C-03898,Arjun,Robinson,arjun.robinson3898@example.com,US,2024-08-31,2024-11-29 00:00:00
C-03899,Amara,Dubois,amara.dubois3899@example.com,US,2025-02-14,2025-06-23 00:00:00
C-03900,Jonas,Davis,jonas.davis3900@example.com,UK,2025-05-12,2025-08-09 00:00:00
C-03901,Dante,Robinson,dante.robinson3901@example.com,DE,2025-02-02,2025-09-18 00:00:00
C-03902,June,Thomas,june.thomas3902@example.com,US,2025-06-28,2025-09-09 00:00:00
C-03903,Wren,Costa,wren.costa3903@example.com,US,2025-03-21,2025-04-15 00:00:00
C-03904,Yuki,Hall,yuki.hall3904@example.com,US,2025-01-04,2025-05-08 00:00:00
C-03905,Lena,Davis,,US,2025-06-19,2026-02-06 00:00:00
C-03906,Maya,Kim,maya.kim3906@example.com,US,2025-06-06,2026-02-16 00:00:00
C-03907,Aisha,Haddad,aisha.haddad3907@example.com,US,2024-11-12,2025-06-20 00:00:00
C-03908,Zoe,Novak,zoe.novak3908@example.com,US,2024-06-13,2024-11-27 00:00:00
C-03909,Sam,Brown,,US,2024-06-19,2025-01-22 00:00:00
C-03910,Sam,Davis,sam.davis3910@example.com,US,2025-06-22,2026-01-12 00:00:00
C-03911,Omar,Thomas,omar.thomas3911@example.com,US,2025-05-02,2025-07-11 00:00:00
C-03912,Priya,Costa,priya.costa3912@example.com,US,2025-07-03,2025-12-15 00:00:00
C-03913,Anya,Hall,anya.hall3913@example.com,CA,2025-02-25,2025-10-14 00:00:00
C-03914,Wren,Martin,wren.martin3914@example.com,AU,2025-02-11,2025-05-17 00:00:00
C-03915,Ivy,Thomas,ivy.thomas3915@example.com,UK,2025-01-31,2025-08-15 00:00:00
C-03916,Arjun,Costa,arjun.costa3916@example.com,US,2025-05-09,2025-09-30 00:00:00
C-03917,Ava,Dubois,ava.dubois3917@example.com,US,2024-12-18,2025-05-17 00:00:00
C-03918,Amara,Wilson,amara.wilson3918@example.com,US,2024-07-16,2024-08-12 00:00:00
C-03919,Anya,Okafor,anya.okafor3919@example.com,US,2024-06-09,2024-12-25 00:00:00
C-03920,Theo,Muller,theo.muller3920@example.com,US,2024-11-15,2025-08-01 00:00:00
C-03921,Zoe,Dubois,zoe.dubois3921@example.com,US,2025-03-08,2025-04-19 00:00:00
C-03922,Ava,Weber,ava.weber3922@example.com,US,2024-07-11,2024-10-28 00:00:00
C-03923,Marco,Patel,marco.patel3923@example.com,US,2025-06-04,2025-06-18 00:00:00
C-03924,Ravi,Anderson,ravi.anderson3924@example.com,US,2024-08-14,2024-08-22 00:00:00
C-03925,Omar,Clark,omar.clark3925@example.com,US,2024-11-13,2025-09-05 00:00:00
C-03926,Theo,Johnson,theo.johnson3926@example.com,US,2025-03-01,2025-07-27 00:00:00
C-03927,Anya,Khan,anya.khan3927@example.com,US,2024-07-28,2024-11-11 00:00:00
C-03928,Kai,Miller,kai.miller3928@example.com,US,2024-12-27,2025-03-19 00:00:00
C-03929,Elena,Wilson,elena.wilson3929@example.com,US,2025-03-10,2025-12-29 00:00:00
C-03930,Diego,Dubois,diego.dubois3930@example.com,CA,2024-08-22,2024-11-05 00:00:00
C-03931,Maya,Brown,maya.brown3931@example.com,US,2024-07-21,2025-02-23 00:00:00
C-03932,Jonas,White,jonas.white3932@example.com,UK,2024-12-02,2025-02-25 00:00:00
C-03933,Rosa,Novak,rosa.novak3933@example.com,US,2024-08-27,2024-09-17 00:00:00
C-03934,Noah,Clark,noah.clark3934@example.com,AU,2024-12-08,2025-06-30 00:00:00
C-03935,Arjun,Rossi,arjun.rossi3935@example.com,US,2024-09-03,2024-09-03 00:00:00
C-03936,Zoe,White,zoe.white3936@example.com,US,2024-12-07,2025-06-27 00:00:00
C-03937,Arjun,Okafor,arjun.okafor3937@example.com,UK,2024-10-16,2024-12-30 00:00:00
C-03938,June,Ali,june.ali3938@example.com,US,2024-08-01,2025-03-12 00:00:00
C-03939,Sam,Ali,sam.ali3939@example.com,CA,2025-05-11,2025-12-27 00:00:00
C-03940,Kofi,Hall,kofi.hall3940@example.com,US,2024-12-25,2025-07-30 00:00:00
C-03941,Amara,Muller,amara.muller3941@example.com,US,2024-11-06,2024-11-13 00:00:00
C-03942,June,Smith,june.smith3942@example.com,US,2024-10-26,2025-05-25 00:00:00
C-03943,Rosa,Clark,rosa.clark3943@example.com,US,2025-02-14,2025-12-08 00:00:00
C-03944,Sam,Wilson,sam.wilson3944@example.com,US,2025-07-04,2025-09-14 00:00:00
C-03945,Kofi,Robinson,kofi.robinson3945@example.com,CA,2024-06-04,2024-08-25 00:00:00
C-03946,Yuki,Iyer,yuki.iyer3946@example.com,US,2025-05-17,2026-01-16 00:00:00
C-03947,Cleo,Martin,cleo.martin3947@example.com,US,2024-07-10,2024-08-27 00:00:00
C-03948,Tara,Novak,tara.novak3948@example.com,CA,2025-01-12,2025-07-29 00:00:00
C-03949,Nina,Tanaka,nina.tanaka3949@example.com,CA,2025-06-28,2026-02-09 00:00:00
C-03950,Mira,Hall,mira.hall3950@example.com,US,2024-08-24,2024-09-04 00:00:00
C-03951,Kai,Jackson,kai.jackson3951@example.com,CA,2025-02-09,2025-07-25 00:00:00
C-03952,Arjun,Patel,arjun.patel3952@example.com,US,2025-06-04,2025-11-23 00:00:00
C-03953,Arjun,Smith,arjun.smith3953@example.com,US,2024-12-18,2025-03-19 00:00:00
C-03954,Ravi,Walker,ravi.walker3954@example.com,US,2024-07-05,2025-03-24 00:00:00
C-03955,Mira,Rossi,mira.rossi3955@example.com,AU,2025-04-27,2025-06-14 00:00:00
C-03956,Sam,Dubois,sam.dubois3956@example.com,CA,2025-03-09,2025-06-26 00:00:00
C-03957,Anya,Novak,anya.novak3957@example.com,US,2024-11-22,2025-08-03 00:00:00
C-03958,Priya,Dubois,priya.dubois3958@example.com,US,2025-05-03,2025-06-29 00:00:00
C-03959,Noah,Clark,noah.clark3959@example.com,US,2024-10-02,2025-06-05 00:00:00
C-03960,Maya,Tanaka,maya.tanaka3960@example.com,US,2025-06-02,2025-06-25 00:00:00
C-03961,Ali,White,ali.white3961@example.com,US,2025-04-30,2025-09-23 00:00:00
C-03962,Kofi,Jackson,kofi.jackson3962@example.com,US,2025-01-23,2025-02-14 00:00:00
C-03963,Aisha,Garcia,aisha.garcia3963@example.com,US,2025-02-28,2025-09-19 00:00:00
C-03964,Theo,Taylor,theo.taylor3964@example.com,DE,2025-02-21,2025-10-16 00:00:00
C-03965,Maya,Chen,,US,2025-06-14,2026-02-23 00:00:00
C-03966,Ravi,Moore,ravi.moore3966@example.com,CA,2025-03-25,2026-01-13 00:00:00
C-03967,Kofi,Brown,kofi.brown3967@example.com,US,2025-02-25,2025-09-14 00:00:00
C-03968,Leo,Johnson,leo.johnson3968@example.com,DE,2025-01-03,2025-08-21 00:00:00
C-03969,Kofi,Khan,,US,2024-06-29,2024-11-27 00:00:00
C-03970,Kofi,Johnson,kofi.johnson3970@example.com,DE,2024-11-18,2025-08-18 00:00:00
C-03971,June,Miller,june.miller3971@example.com,US,2024-06-30,2025-01-09 00:00:00
C-03972,Yuki,Chen,yuki.chen3972@example.com,UK,2024-08-13,2025-05-05 00:00:00
C-03973,Jonas,Chen,,US,2025-05-07,2025-07-16 00:00:00
C-03974,Ava,Lewis,ava.lewis3974@example.com,US,2025-05-15,2025-10-11 00:00:00
C-03975,Ethan,Okafor,ethan.okafor3975@example.com,US,2025-06-24,2026-01-28 00:00:00
C-03976,Ethan,Walker,ethan.walker3976@example.com,US,2024-06-14,2024-08-13 00:00:00
C-03977,Hana,Nguyen,hana.nguyen3977@example.com,DE,2024-11-09,2025-01-11 00:00:00
C-03978,Mateo,Rossi,mateo.rossi3978@example.com,US,2024-07-23,2025-05-12 00:00:00
C-03979,Cleo,Anderson,cleo.anderson3979@example.com,UK,2025-05-14,2025-09-21 00:00:00
C-03980,Sofia,Nguyen,sofia.nguyen3980@example.com,BR,2024-08-26,2024-10-19 00:00:00
C-03981,Ethan,Rossi,ethan.rossi3981@example.com,US,2025-06-02,2025-09-09 00:00:00
C-03982,Priya,Dubois,priya.dubois3982@example.com,US,2024-06-06,2024-10-03 00:00:00
C-03983,Lucas,Hall,lucas.hall3983@example.com,US,2024-11-29,2025-06-03 00:00:00
C-03984,Sofia,Davis,sofia.davis3984@example.com,US,2024-10-14,2025-07-17 00:00:00
C-03985,Arjun,Novak,arjun.novak3985@example.com,CA,2025-02-13,2025-12-05 00:00:00
C-03986,Omar,Kim,omar.kim3986@example.com,US,2024-10-25,2025-05-08 00:00:00
C-03987,Lena,Moore,lena.moore3987@example.com,US,2024-10-25,2025-05-22 00:00:00
C-03988,Ava,Ali,ava.ali3988@example.com,UK,2025-03-26,2025-06-30 00:00:00
C-03989,Yuki,Martinez,yuki.martinez3989@example.com,IN,2025-06-11,2026-02-23 00:00:00
C-03990,Tara,Ali,tara.ali3990@example.com,US,2025-05-24,2025-07-28 00:00:00
C-03991,Liam,Clark,liam.clark3991@example.com,UK,2025-03-15,2025-04-15 00:00:00
C-03992,Anya,Dubois,anya.dubois3992@example.com,US,2024-07-13,2025-04-30 00:00:00
C-03993,Kofi,Brown,kofi.brown3993@example.com,US,2024-08-01,2025-04-17 00:00:00
C-03994,Ali,Costa,ali.costa3994@example.com,US,2024-11-20,2025-02-19 00:00:00
C-03995,June,Chen,june.chen3995@example.com,US,2024-06-30,2025-01-18 00:00:00
C-03996,Leo,Moore,leo.moore3996@example.com,US,2025-03-16,2025-08-03 00:00:00
C-03997,Ava,Okafor,ava.okafor3997@example.com,CA,2025-04-20,2025-07-25 00:00:00
C-03998,Ali,Miller,ali.miller3998@example.com,AU,2025-01-07,2025-04-03 00:00:00
C-03999,June,Martin,june.martin3999@example.com,JP,2025-01-19,2025-02-28 00:00:00
C-04000,Priya,Haddad,priya.haddad4000@example.com,US,2024-12-08,2025-05-21 00:00:00
C-04001,Mateo,Iyer,mateo.iyer4001@example.com,US,2025-01-09,2025-05-22 00:00:00
C-04002,Rosa,Brown,rosa.brown4002@example.com,US,2025-02-13,2025-07-16 00:00:00
C-04003,Yuki,Dubois,yuki.dubois4003@example.com,US,2024-09-22,2024-11-25 00:00:00
C-04004,Elena,Smith,elena.smith4004@example.com,JP,2025-02-15,2025-11-23 00:00:00
C-04005,Mateo,Garcia,mateo.garcia4005@example.com,US,2025-03-29,2025-10-06 00:00:00
C-04006,Noah,Thomas,noah.thomas4006@example.com,CA,2025-06-04,2026-02-28 00:00:00
C-04007,Amara,Harris,amara.harris4007@example.com,US,2024-12-20,2025-01-21 00:00:00
C-04008,Dante,Nguyen,dante.nguyen4008@example.com,CA,2025-02-09,2025-08-14 00:00:00
C-04009,Noah,Jackson,noah.jackson4009@example.com,US,2024-09-19,2025-05-31 00:00:00
C-04010,Lena,Thomas,lena.thomas4010@example.com,US,2025-05-14,2025-08-21 00:00:00
C-04011,Victor,Haddad,victor.haddad4011@example.com,US,2024-12-08,2025-02-04 00:00:00
C-04012,Anya,Muller,anya.muller4012@example.com,US,2024-08-11,2024-10-29 00:00:00
C-04013,Amara,Patel,amara.patel4013@example.com,AU,2024-10-25,2025-01-14 00:00:00
C-04014,Tara,Kim,tara.kim4014@example.com,US,2024-07-31,2024-12-12 00:00:00
C-04015,Liam,Hall,liam.hall4015@example.com,US,2025-02-05,2025-05-13 00:00:00
C-04016,Mira,Lewis,mira.lewis4016@example.com,UK,2024-12-31,2025-03-22 00:00:00
C-04017,Arjun,Wilson,arjun.wilson4017@example.com,US,2025-03-09,2025-09-19 00:00:00
C-04018,Wren,Smith,wren.smith4018@example.com,CA,2025-06-20,2025-07-05 00:00:00
C-04019,Leo,Wilson,leo.wilson4019@example.com,US,2025-05-08,2025-08-18 00:00:00
C-04020,Ravi,Tanaka,ravi.tanaka4020@example.com,US,2024-06-27,2025-01-19 00:00:00
C-04021,Sofia,Tanaka,sofia.tanaka4021@example.com,US,2024-08-08,2024-09-29 00:00:00
C-04022,Lucas,Kim,lucas.kim4022@example.com,BR,2025-06-27,2025-09-01 00:00:00
C-04023,Lucas,Garcia,lucas.garcia4023@example.com,US,2025-01-05,2025-03-06 00:00:00
C-04024,Liam,Anderson,liam.anderson4024@example.com,US,2024-07-20,2024-07-20 00:00:00
C-04025,Arjun,Taylor,arjun.taylor4025@example.com,US,2024-06-07,2024-10-27 00:00:00
C-04026,Mira,Johnson,mira.johnson4026@example.com,US,2024-11-21,2024-12-02 00:00:00
C-04027,Theo,Patel,theo.patel4027@example.com,DE,2024-10-18,2025-01-07 00:00:00
C-04028,Aisha,Jackson,aisha.jackson4028@example.com,CA,2025-01-15,2025-11-09 00:00:00
C-04029,Liam,Muller,liam.muller4029@example.com,AU,2025-03-04,2025-12-04 00:00:00
C-04030,Noah,White,noah.white4030@example.com,US,2024-08-16,2024-10-19 00:00:00
C-04031,Maya,Anderson,maya.anderson4031@example.com,US,2025-03-28,2025-06-29 00:00:00
C-04032,Noah,White,noah.white4032@example.com,US,2025-05-06,2025-09-22 00:00:00
C-04033,Ethan,Nguyen,ethan.nguyen4033@example.com,US,2024-08-20,2025-04-30 00:00:00
C-04034,Aisha,Martinez,aisha.martinez4034@example.com,US,2025-01-07,2025-09-04 00:00:00
C-04035,Yuki,Chen,yuki.chen4035@example.com,US,2024-11-28,2025-01-04 00:00:00
C-04036,Lucas,Chen,,CA,2025-02-28,2025-04-06 00:00:00
C-04037,Lena,Ali,lena.ali4037@example.com,US,2025-02-21,2025-06-26 00:00:00
C-04038,Leo,Jackson,leo.jackson4038@example.com,US,2025-04-13,2025-12-30 00:00:00
C-04039,Ali,Tanaka,ali.tanaka4039@example.com,US,2024-11-10,2025-08-01 00:00:00
C-04040,Lucas,Clark,,US,2024-07-15,2024-08-16 00:00:00
C-04041,Nora,Walker,nora.walker4041@example.com,US,2025-07-03,2025-12-22 00:00:00
C-04042,Elena,Thomas,elena.thomas4042@example.com,US,2024-11-28,2025-01-13 00:00:00
C-04043,Mateo,Khan,mateo.khan4043@example.com,US,2024-09-24,2025-04-17 00:00:00
C-04044,Anya,Novak,anya.novak4044@example.com,AU,2025-04-25,2026-01-24 00:00:00
C-04045,Diego,Garcia,,US,2024-11-11,2025-03-27 00:00:00
C-04046,Hana,Anderson,hana.anderson4046@example.com,US,2024-08-05,2024-08-29 00:00:00
C-04047,Nina,Lee,,US,2024-11-23,2025-05-15 00:00:00
C-04048,Lucas,Nguyen,lucas.nguyen4048@example.com,US,2024-07-12,2024-11-11 00:00:00
C-04049,Cleo,Rossi,cleo.rossi4049@example.com,US,2025-02-12,2025-10-13 00:00:00
C-04050,Liam,Tanaka,liam.tanaka4050@example.com,US,2025-06-11,2025-09-21 00:00:00
C-04051,Rosa,Smith,rosa.smith4051@example.com,CA,2024-11-04,2025-07-24 00:00:00
C-04052,Dante,Lewis,,US,2025-03-05,2025-05-26 00:00:00
C-04053,Zoe,Brown,zoe.brown4053@example.com,US,2025-03-02,2025-04-18 00:00:00
C-04054,Elena,Hall,elena.hall4054@example.com,US,2024-11-27,2025-02-26 00:00:00
C-04055,June,Weber,june.weber4055@example.com,CA,2025-07-03,2025-07-13 00:00:00
C-04056,Mira,Taylor,mira.taylor4056@example.com,US,2025-05-09,2025-08-01 00:00:00
C-04057,Mira,Haddad,mira.haddad4057@example.com,US,2024-06-15,2024-12-30 00:00:00
C-04058,Cleo,Lee,cleo.lee4058@example.com,US,2025-02-27,2025-04-10 00:00:00
C-04059,Victor,Moore,victor.moore4059@example.com,BR,2024-06-16,2024-07-19 00:00:00
C-04060,Tara,Muller,tara.muller4060@example.com,US,2024-11-11,2024-12-20 00:00:00
C-04061,Priya,Silva,priya.silva4061@example.com,US,2025-03-09,2025-04-01 00:00:00
C-04062,Noah,Martin,noah.martin4062@example.com,US,2025-04-12,2025-12-30 00:00:00
C-04063,Ravi,Haddad,ravi.haddad4063@example.com,IN,2025-03-14,2025-12-22 00:00:00
C-04064,Sam,Thomas,sam.thomas4064@example.com,IN,2025-06-11,2025-06-24 00:00:00
C-04065,Jonas,Lee,jonas.lee4065@example.com,CA,2024-10-15,2025-05-31 00:00:00
C-04066,Kofi,Rossi,kofi.rossi4066@example.com,US,2024-10-14,2025-05-23 00:00:00
C-04067,Ava,Smith,ava.smith4067@example.com,US,2025-04-06,2026-01-30 00:00:00
C-04068,Amara,Thomas,amara.thomas4068@example.com,UK,2024-10-10,2025-01-22 00:00:00
C-04069,Sofia,Garcia,sofia.garcia4069@example.com,US,2024-06-10,2024-09-03 00:00:00
C-04070,Jonas,White,jonas.white4070@example.com,US,2024-09-21,2025-02-03 00:00:00
C-04071,Amara,Muller,amara.muller4071@example.com,US,2024-11-16,2025-07-30 00:00:00
C-04072,Amara,Garcia,amara.garcia4072@example.com,UK,2025-04-06,2025-11-10 00:00:00
C-04073,Elena,Muller,elena.muller4073@example.com,US,2024-06-03,2024-10-22 00:00:00
C-04074,Ethan,Novak,ethan.novak4074@example.com,AU,2025-03-19,2025-05-31 00:00:00
C-04075,Wren,Lewis,wren.lewis4075@example.com,US,2024-11-17,2025-06-23 00:00:00
C-04076,June,Jackson,june.jackson4076@example.com,US,2025-04-14,2025-12-26 00:00:00
C-04077,Ethan,Jackson,ethan.jackson4077@example.com,DE,2024-11-19,2025-03-18 00:00:00
C-04078,Theo,Garcia,theo.garcia4078@example.com,US,2024-11-01,2025-05-20 00:00:00
C-04079,Jonas,Garcia,jonas.garcia4079@example.com,US,2024-11-15,2025-03-15 00:00:00
C-04080,Theo,Taylor,theo.taylor4080@example.com,US,2024-08-07,2024-12-28 00:00:00
C-04081,Theo,Dubois,theo.dubois4081@example.com,US,2024-09-03,2025-02-07 00:00:00
C-04082,Arjun,Miller,arjun.miller4082@example.com,IN,2025-05-22,2026-01-09 00:00:00
C-04083,Ivy,Lewis,ivy.lewis4083@example.com,US,2024-12-09,2025-09-28 00:00:00
C-04084,Aisha,Jackson,aisha.jackson4084@example.com,US,2025-06-28,2025-11-08 00:00:00
C-04085,Kai,Nguyen,kai.nguyen4085@example.com,US,2025-04-02,2025-07-13 00:00:00
C-04086,Theo,Kim,theo.kim4086@example.com,US,2025-05-18,2025-09-07 00:00:00
C-04087,Diego,Khan,diego.khan4087@example.com,US,2024-09-12,2024-10-22 00:00:00
C-04088,Nora,Moore,nora.moore4088@example.com,US,2025-05-04,2025-08-01 00:00:00
C-04089,Ali,Taylor,ali.taylor4089@example.com,UK,2025-04-22,2025-05-17 00:00:00
C-04090,Ethan,Johnson,ethan.johnson4090@example.com,US,2024-12-18,2025-04-25 00:00:00
C-04091,June,Iyer,june.iyer4091@example.com,CA,2024-11-23,2025-01-12 00:00:00
C-04092,Lena,Clark,lena.clark4092@example.com,US,2024-06-30,2024-10-11 00:00:00
C-04093,Cleo,Taylor,cleo.taylor4093@example.com,UK,2024-12-06,2025-08-01 00:00:00
C-04094,Diego,Nguyen,diego.nguyen4094@example.com,CA,2024-12-02,2025-02-13 00:00:00
C-04095,Leo,Haddad,leo.haddad4095@example.com,US,2024-09-13,2025-03-15 00:00:00
C-04096,Ethan,Lee,ethan.lee4096@example.com,US,2024-11-22,2025-08-19 00:00:00
C-04097,Lena,Kim,lena.kim4097@example.com,CA,2024-11-23,2025-05-12 00:00:00
C-04098,Ravi,Ali,ravi.ali4098@example.com,UK,2024-06-26,2024-08-23 00:00:00
C-04099,Rosa,Clark,rosa.clark4099@example.com,AU,2025-05-07,2025-08-18 00:00:00
C-04100,Marco,Miller,marco.miller4100@example.com,US,2024-11-16,2025-05-12 00:00:00
C-04101,June,Taylor,june.taylor4101@example.com,UK,2024-06-24,2024-11-22 00:00:00
C-04102,Maya,Walker,maya.walker4102@example.com,AU,2024-10-17,2024-11-30 00:00:00
C-04103,Tara,Hall,tara.hall4103@example.com,US,2024-11-15,2025-03-29 00:00:00
C-04104,Ravi,Tanaka,ravi.tanaka4104@example.com,US,2024-08-14,2025-01-23 00:00:00
C-04105,Liam,Iyer,liam.iyer4105@example.com,US,2025-03-26,2025-06-14 00:00:00
C-04106,Mateo,Smith,mateo.smith4106@example.com,US,2025-06-22,2025-12-22 00:00:00
C-04107,Rosa,Davis,rosa.davis4107@example.com,US,2025-04-06,2025-04-27 00:00:00
C-04108,Amara,Miller,amara.miller4108@example.com,US,2025-04-03,2025-07-12 00:00:00
C-04109,Victor,Iyer,victor.iyer4109@example.com,US,2025-03-12,2025-11-08 00:00:00
C-04110,Ava,Garcia,ava.garcia4110@example.com,JP,2024-09-09,2024-11-25 00:00:00
C-04111,Ivy,Iyer,ivy.iyer4111@example.com,US,2024-06-24,2024-12-22 00:00:00
C-04112,Jonas,Haddad,jonas.haddad4112@example.com,US,2025-04-06,2025-08-07 00:00:00
C-04113,Sofia,Tanaka,sofia.tanaka4113@example.com,US,2024-08-04,2024-11-06 00:00:00
C-04114,Anya,Jackson,anya.jackson4114@example.com,US,2024-11-09,2025-08-10 00:00:00
C-04115,Lena,Garcia,lena.garcia4115@example.com,US,2024-07-20,2024-10-30 00:00:00
C-04116,Ethan,Weber,,US,2025-02-11,2025-04-23 00:00:00
C-04117,June,Novak,june.novak4117@example.com,DE,2025-05-20,2026-02-16 00:00:00
C-04118,Ali,Johnson,ali.johnson4118@example.com,US,2024-10-31,2025-06-11 00:00:00
C-04119,Victor,Muller,victor.muller4119@example.com,US,2025-03-30,2025-10-20 00:00:00
C-04120,Victor,Patel,victor.patel4120@example.com,US,2024-08-14,2024-08-28 00:00:00
C-04121,Maya,Tanaka,maya.tanaka4121@example.com,US,2024-10-17,2024-11-25 00:00:00
C-04122,Priya,Taylor,priya.taylor4122@example.com,AU,2024-09-25,2025-04-04 00:00:00
C-04123,Liam,Johnson,liam.johnson4123@example.com,US,2025-01-22,2025-03-25 00:00:00
C-04124,Yuki,Martin,yuki.martin4124@example.com,US,2024-06-08,2024-08-14 00:00:00
C-04125,Wren,Muller,wren.muller4125@example.com,UK,2024-11-29,2025-07-20 00:00:00
C-04126,Maya,Chen,maya.chen4126@example.com,US,2024-10-25,2025-01-18 00:00:00
C-04127,Liam,Lewis,liam.lewis4127@example.com,US,2025-01-07,2025-01-28 00:00:00
C-04128,Diego,Harris,diego.harris4128@example.com,BR,2024-08-30,2024-09-09 00:00:00
C-04129,Zoe,Martinez,zoe.martinez4129@example.com,US,2024-12-28,2025-05-09 00:00:00
C-04130,Ali,Robinson,ali.robinson4130@example.com,US,2025-01-20,2025-07-24 00:00:00
C-04131,Maya,Robinson,maya.robinson4131@example.com,DE,2024-11-06,2025-07-24 00:00:00
C-04132,Ava,Taylor,ava.taylor4132@example.com,CA,2025-06-03,2025-07-06 00:00:00
C-04133,Mateo,Muller,mateo.muller4133@example.com,US,2025-06-04,2025-08-02 00:00:00
C-04134,Dante,Anderson,dante.anderson4134@example.com,US,2024-09-08,2025-02-13 00:00:00
C-04135,Ivy,Brown,ivy.brown4135@example.com,US,2024-06-12,2024-09-29 00:00:00
C-04136,Marco,Tanaka,marco.tanaka4136@example.com,CA,2024-08-17,2025-01-08 00:00:00
C-04137,Theo,Hall,theo.hall4137@example.com,US,2025-04-22,2026-01-24 00:00:00
C-04138,June,Taylor,june.taylor4138@example.com,CA,2024-08-24,2025-02-03 00:00:00
C-04139,Arjun,Weber,arjun.weber4139@example.com,US,2024-12-07,2025-04-10 00:00:00
C-04140,Kofi,Weber,kofi.weber4140@example.com,US,2025-02-09,2025-12-02 00:00:00
C-04141,Sam,Davis,sam.davis4141@example.com,US,2024-11-10,2024-11-29 00:00:00
C-04142,Noah,Rossi,noah.rossi4142@example.com,US,2025-06-02,2026-03-08 00:00:00
C-04143,Ali,Ali,,UK,2024-10-07,2025-03-06 00:00:00
C-04144,Diego,Wilson,diego.wilson4144@example.com,US,2025-05-12,2025-10-10 00:00:00
C-04145,Maya,Miller,maya.miller4145@example.com,US,2024-12-10,2025-09-12 00:00:00
C-04146,Ethan,Thomas,ethan.thomas4146@example.com,US,2025-04-28,2025-09-27 00:00:00
C-04147,Ivy,Walker,ivy.walker4147@example.com,BR,2024-08-04,2024-12-13 00:00:00
C-04148,Rosa,Taylor,rosa.taylor4148@example.com,US,2025-02-26,2025-05-18 00:00:00
C-04149,Ravi,Anderson,ravi.anderson4149@example.com,UK,2025-01-01,2025-07-17 00:00:00
C-04150,Sofia,Muller,sofia.muller4150@example.com,US,2024-07-05,2024-12-22 00:00:00
C-04151,Sam,Wilson,sam.wilson4151@example.com,US,2025-03-23,2025-05-26 00:00:00
C-04152,Mira,Patel,,CA,2025-01-06,2025-08-06 00:00:00
C-04153,Kofi,Weber,kofi.weber4153@example.com,US,2024-06-18,2024-12-28 00:00:00
C-04154,Anya,Lee,anya.lee4154@example.com,US,2024-09-12,2025-01-09 00:00:00
C-04155,Tara,Moore,tara.moore4155@example.com,UK,2025-02-15,2025-02-16 00:00:00
C-04156,Dante,Clark,dante.clark4156@example.com,US,2024-06-07,2024-10-18 00:00:00
C-04157,Mira,Anderson,,US,2025-06-15,2025-06-16 00:00:00
C-04158,Elena,Johnson,,US,2025-04-12,2025-05-04 00:00:00
C-04159,Sam,Thomas,sam.thomas4159@example.com,US,2024-12-13,2025-04-21 00:00:00
C-04160,Arjun,Davis,arjun.davis4160@example.com,US,2024-12-05,2024-12-29 00:00:00
C-04161,Kofi,Jackson,kofi.jackson4161@example.com,US,2025-03-29,2025-06-19 00:00:00
C-04162,Sam,Haddad,sam.haddad4162@example.com,US,2025-04-05,2025-10-18 00:00:00
C-04163,Ali,Garcia,ali.garcia4163@example.com,US,2025-01-07,2025-04-09 00:00:00
C-04164,Aisha,Tanaka,aisha.tanaka4164@example.com,US,2025-02-16,2025-12-12 00:00:00
C-04165,Sofia,Ali,sofia.ali4165@example.com,US,2025-06-05,2026-03-06 00:00:00
C-04166,Tara,Nguyen,tara.nguyen4166@example.com,UK,2024-08-27,2025-02-18 00:00:00
C-04167,Nina,Walker,nina.walker4167@example.com,US,2024-11-07,2025-08-24 00:00:00
C-04168,Noah,Patel,noah.patel4168@example.com,UK,2025-06-16,2026-03-03 00:00:00
C-04169,Lena,Johnson,lena.johnson4169@example.com,US,2024-08-05,2024-11-08 00:00:00
C-04170,Kai,Silva,kai.silva4170@example.com,IN,2025-03-12,2025-10-22 00:00:00
C-04171,Arjun,Thomas,arjun.thomas4171@example.com,US,2024-10-19,2024-11-29 00:00:00
C-04172,Diego,Weber,diego.weber4172@example.com,IN,2024-07-25,2025-02-15 00:00:00
C-04173,Sam,Hall,,US,2024-11-29,2025-04-25 00:00:00
C-04174,Priya,Khan,priya.khan4174@example.com,AU,2025-04-23,2025-04-28 00:00:00
C-04175,Priya,Khan,priya.khan4175@example.com,US,2025-03-29,2025-06-19 00:00:00
C-04176,Elena,Robinson,elena.robinson4176@example.com,UK,2025-06-08,2026-03-21 00:00:00
C-04177,Marco,Nguyen,,US,2024-12-18,2025-03-22 00:00:00
C-04178,Ava,Muller,ava.muller4178@example.com,US,2024-09-02,2024-10-26 00:00:00
C-04179,Hana,Harris,hana.harris4179@example.com,CA,2025-07-05,2025-08-30 00:00:00
C-04180,Sofia,Chen,sofia.chen4180@example.com,US,2024-11-26,2025-04-18 00:00:00
C-04181,Kofi,Walker,kofi.walker4181@example.com,US,2025-02-27,2025-11-06 00:00:00
C-04182,Arjun,Patel,arjun.patel4182@example.com,US,2025-01-10,2025-08-25 00:00:00
C-04183,Arjun,Dubois,arjun.dubois4183@example.com,US,2025-01-13,2025-05-24 00:00:00
C-04184,Elena,Johnson,elena.johnson4184@example.com,US,2024-08-03,2024-10-04 00:00:00
C-04185,Zoe,Silva,zoe.silva4185@example.com,US,2024-11-20,2024-12-03 00:00:00
C-04186,Noah,Okafor,noah.okafor4186@example.com,US,2024-10-05,2025-02-20 00:00:00
C-04187,Diego,Davis,diego.davis4187@example.com,US,2024-12-07,2025-08-08 00:00:00
C-04188,June,Moore,june.moore4188@example.com,US,2025-06-23,2026-01-27 00:00:00
C-04189,Noah,White,noah.white4189@example.com,UK,2024-07-02,2024-11-01 00:00:00
C-04190,Amara,Wilson,amara.wilson4190@example.com,US,2025-03-19,2025-09-13 00:00:00
C-04191,Kai,Weber,kai.weber4191@example.com,UK,2024-12-01,2025-04-10 00:00:00
C-04192,Rosa,Haddad,rosa.haddad4192@example.com,US,2024-11-10,2025-05-02 00:00:00
C-04193,Aisha,Iyer,,UK,2024-08-11,2025-01-13 00:00:00
C-04194,Lena,Tanaka,lena.tanaka4194@example.com,US,2024-08-22,2025-03-14 00:00:00
C-04195,Tara,White,tara.white4195@example.com,US,2025-05-12,2025-10-11 00:00:00
C-04196,Nora,Smith,nora.smith4196@example.com,US,2024-11-03,2025-08-12 00:00:00
C-04197,Mateo,Jackson,mateo.jackson4197@example.com,US,2025-02-19,2025-06-27 00:00:00
C-04198,Wren,Martin,wren.martin4198@example.com,CA,2024-06-12,2024-06-16 00:00:00
C-04199,Ethan,Jackson,ethan.jackson4199@example.com,JP,2024-08-28,2024-11-06 00:00:00
C-04200,Hana,Okafor,hana.okafor4200@example.com,US,2025-03-16,2025-08-13 00:00:00
C-04201,Amara,Martin,amara.martin4201@example.com,US,2025-07-05,2025-12-14 00:00:00
C-04202,Rosa,Robinson,rosa.robinson4202@example.com,US,2025-05-28,2025-11-09 00:00:00
C-04203,Zoe,Harris,zoe.harris4203@example.com,US,2024-10-22,2025-05-24 00:00:00
C-04204,Theo,Nguyen,theo.nguyen4204@example.com,US,2024-11-27,2025-02-17 00:00:00
C-04205,Ali,Moore,ali.moore4205@example.com,US,2024-12-07,2025-06-24 00:00:00
C-04206,Elena,Davis,elena.davis4206@example.com,US,2024-10-29,2025-05-28 00:00:00
C-04207,Maya,Moore,maya.moore4207@example.com,US,2025-06-28,2025-10-29 00:00:00
C-04208,Sam,Robinson,sam.robinson4208@example.com,US,2024-09-27,2025-01-25 00:00:00
C-04209,Dante,Hall,dante.hall4209@example.com,US,2025-05-02,2025-06-24 00:00:00
C-04210,Ivy,Weber,,AU,2025-06-25,2025-10-27 00:00:00
C-04211,Priya,Garcia,,US,2025-05-03,2025-12-25 00:00:00
C-04212,Arjun,Harris,arjun.harris4212@example.com,US,2025-04-10,2026-01-07 00:00:00
C-04213,Zoe,Thomas,zoe.thomas4213@example.com,US,2024-08-13,2025-02-07 00:00:00
C-04214,Dante,Tanaka,dante.tanaka4214@example.com,UK,2024-07-10,2024-10-07 00:00:00
C-04215,Aisha,Tanaka,aisha.tanaka4215@example.com,US,2024-06-17,2025-01-07 00:00:00
C-04216,Theo,Okafor,theo.okafor4216@example.com,US,2025-01-30,2025-09-09 00:00:00
C-04217,Zoe,Harris,zoe.harris4217@example.com,US,2024-08-10,2024-11-17 00:00:00
C-04218,Arjun,Clark,arjun.clark4218@example.com,UK,2025-02-26,2025-10-31 00:00:00
C-04219,Sam,Novak,sam.novak4219@example.com,US,2025-05-21,2025-06-12 00:00:00
C-04220,Mateo,Robinson,mateo.robinson4220@example.com,US,2024-11-09,2024-11-12 00:00:00
C-04221,Jonas,Tanaka,jonas.tanaka4221@example.com,IN,2025-04-24,2025-05-30 00:00:00
C-04222,Marco,Hall,marco.hall4222@example.com,US,2025-04-25,2025-06-10 00:00:00
C-04223,June,Martinez,june.martinez4223@example.com,US,2024-06-07,2025-02-25 00:00:00
C-04224,Ali,Nguyen,ali.nguyen4224@example.com,US,2024-11-23,2025-03-30 00:00:00
C-04225,Diego,Lee,diego.lee4225@example.com,US,2025-02-14,2025-05-07 00:00:00
C-04226,Priya,Iyer,priya.iyer4226@example.com,UK,2025-03-04,2025-07-10 00:00:00
C-04227,Sofia,Tanaka,sofia.tanaka4227@example.com,US,2024-09-18,2025-01-14 00:00:00
C-04228,Ethan,Walker,ethan.walker4228@example.com,US,2024-06-03,2024-09-01 00:00:00
C-04229,Elena,Ali,elena.ali4229@example.com,US,2025-01-23,2025-03-05 00:00:00
C-04230,Rosa,Haddad,rosa.haddad4230@example.com,US,2024-07-18,2025-01-30 00:00:00
C-04231,Anya,Novak,anya.novak4231@example.com,US,2024-11-19,2024-12-29 00:00:00
C-04232,Mateo,Rossi,mateo.rossi4232@example.com,UK,2025-03-27,2025-11-14 00:00:00
C-04233,Rosa,Martin,,US,2024-06-14,2024-08-13 00:00:00
C-04234,Kofi,Okafor,kofi.okafor4234@example.com,US,2024-10-27,2025-06-03 00:00:00
C-04235,Jonas,Nguyen,jonas.nguyen4235@example.com,CA,2024-06-30,2025-02-26 00:00:00
C-04236,Omar,Johnson,omar.johnson4236@example.com,US,2024-10-06,2024-11-12 00:00:00
C-04237,Lucas,Patel,lucas.patel4237@example.com,US,2025-05-12,2025-06-07 00:00:00
C-04238,Ava,Garcia,,US,2024-07-22,2025-05-02 00:00:00
C-04239,Marco,White,marco.white4239@example.com,US,2024-12-25,2025-05-12 00:00:00
C-04240,Maya,Garcia,maya.garcia4240@example.com,UK,2025-03-02,2025-09-07 00:00:00
C-04241,Ali,Clark,ali.clark4241@example.com,UK,2025-02-01,2025-02-07 00:00:00
C-04242,Diego,Moore,diego.moore4242@example.com,CA,2025-01-07,2025-03-31 00:00:00
C-04243,Ethan,Costa,ethan.costa4243@example.com,US,2025-04-20,2025-09-18 00:00:00
C-04244,Ethan,Costa,,AU,2024-07-20,2025-04-11 00:00:00
C-04245,Ravi,Clark,ravi.clark4245@example.com,US,2024-09-22,2024-12-12 00:00:00
C-04246,Ravi,Khan,ravi.khan4246@example.com,DE,2025-06-10,2026-01-28 00:00:00
C-04247,Noah,Harris,noah.harris4247@example.com,DE,2025-05-10,2025-11-24 00:00:00
C-04248,Rosa,Dubois,rosa.dubois4248@example.com,US,2025-05-31,2025-07-04 00:00:00
C-04249,Victor,Lee,victor.lee4249@example.com,UK,2025-01-26,2025-04-24 00:00:00
C-04250,Priya,Kim,,DE,2024-11-07,2025-01-17 00:00:00
C-04251,Liam,White,liam.white4251@example.com,US,2024-08-22,2025-01-01 00:00:00
C-04252,Kai,Patel,kai.patel4252@example.com,US,2025-06-03,2025-12-10 00:00:00
C-04253,Nina,Lee,nina.lee4253@example.com,US,2024-10-18,2025-02-25 00:00:00
C-04254,Nina,Garcia,nina.garcia4254@example.com,US,2024-12-29,2025-03-12 00:00:00
C-04255,Lena,Thomas,lena.thomas4255@example.com,UK,2024-12-26,2025-07-22 00:00:00
C-04256,Marco,Thomas,marco.thomas4256@example.com,US,2024-09-06,2025-02-28 00:00:00
C-04257,Ava,Taylor,ava.taylor4257@example.com,US,2025-03-11,2025-08-13 00:00:00
C-04258,Ethan,Khan,ethan.khan4258@example.com,US,2024-09-25,2025-03-10 00:00:00
C-04259,Tara,Patel,tara.patel4259@example.com,US,2025-04-14,2025-06-19 00:00:00
C-04260,Sam,Muller,sam.muller4260@example.com,CA,2025-01-16,2025-08-08 00:00:00
C-04261,Dante,Hall,dante.hall4261@example.com,US,2024-10-07,2025-01-31 00:00:00
C-04262,Wren,Patel,wren.patel4262@example.com,CA,2025-05-22,2025-09-08 00:00:00
C-04263,Nora,Thomas,nora.thomas4263@example.com,US,2025-01-26,2025-03-11 00:00:00
C-04264,Tara,Clark,tara.clark4264@example.com,US,2025-06-06,2025-12-02 00:00:00
C-04265,Kofi,Lewis,kofi.lewis4265@example.com,US,2025-04-01,2025-09-28 00:00:00
C-04266,Marco,Walker,marco.walker4266@example.com,US,2024-10-21,2025-01-31 00:00:00
C-04267,Anya,Haddad,anya.haddad4267@example.com,CA,2025-03-08,2025-11-20 00:00:00
C-04268,Rosa,Martinez,rosa.martinez4268@example.com,CA,2024-07-22,2025-04-01 00:00:00
C-04269,Lucas,Harris,lucas.harris4269@example.com,UK,2025-04-29,2025-05-31 00:00:00
C-04270,Mira,Hall,,US,2024-07-14,2025-02-07 00:00:00
C-04271,Aisha,Lee,aisha.lee4271@example.com,US,2025-05-04,2025-08-30 00:00:00
C-04272,Cleo,Smith,cleo.smith4272@example.com,US,2025-02-12,2025-12-08 00:00:00
C-04273,Liam,Walker,liam.walker4273@example.com,US,2024-10-08,2024-12-14 00:00:00
C-04274,Ethan,Dubois,ethan.dubois4274@example.com,AU,2025-07-02,2025-09-24 00:00:00
C-04275,Leo,White,leo.white4275@example.com,UK,2024-12-07,2025-04-18 00:00:00
C-04276,Anya,Lewis,anya.lewis4276@example.com,US,2024-12-27,2025-03-17 00:00:00
C-04277,Marco,Patel,marco.patel4277@example.com,US,2025-02-27,2025-09-22 00:00:00
C-04278,Rosa,Patel,rosa.patel4278@example.com,CA,2024-08-20,2025-01-11 00:00:00
C-04279,Aisha,Dubois,aisha.dubois4279@example.com,US,2024-06-23,2024-08-28 00:00:00
C-04280,Aisha,Davis,aisha.davis4280@example.com,US,2025-06-30,2025-11-28 00:00:00
C-04281,Cleo,Martin,cleo.martin4281@example.com,AU,2025-02-05,2025-10-29 00:00:00
C-04282,Ethan,Dubois,ethan.dubois4282@example.com,US,2025-03-13,2025-11-05 00:00:00
C-04283,Ali,Ali,ali.ali4283@example.com,US,2025-03-12,2025-08-08 00:00:00
C-04284,Theo,Clark,theo.clark4284@example.com,US,2025-02-09,2025-05-06 00:00:00
C-04285,Ali,Lee,ali.lee4285@example.com,US,2025-05-23,2025-07-15 00:00:00
C-04286,Lena,Iyer,lena.iyer4286@example.com,US,2025-05-20,2026-02-07 00:00:00
C-04287,Ali,Harris,ali.harris4287@example.com,CA,2024-07-27,2025-02-25 00:00:00
C-04288,Zoe,Jackson,,AU,2025-07-01,2025-12-19 00:00:00
C-04289,Elena,Wilson,elena.wilson4289@example.com,US,2024-10-15,2025-07-05 00:00:00
C-04290,Priya,Clark,priya.clark4290@example.com,US,2024-12-23,2025-01-28 00:00:00
C-04291,Aisha,Martin,aisha.martin4291@example.com,US,2024-09-08,2025-03-31 00:00:00
C-04292,Sam,Thomas,sam.thomas4292@example.com,US,2024-11-30,2025-02-03 00:00:00
C-04293,Ava,Lewis,ava.lewis4293@example.com,US,2025-04-16,2025-05-22 00:00:00
C-04294,Mira,Patel,mira.patel4294@example.com,US,2024-08-27,2025-01-13 00:00:00
C-04295,Noah,Smith,noah.smith4295@example.com,US,2024-06-16,2024-10-10 00:00:00
C-04296,Nina,Anderson,nina.anderson4296@example.com,US,2025-05-30,2026-03-08 00:00:00
C-04297,Cleo,Johnson,cleo.johnson4297@example.com,US,2025-05-15,2025-08-20 00:00:00
C-04298,Dante,Harris,dante.harris4298@example.com,US,2024-06-26,2025-02-25 00:00:00
C-04299,Amara,Clark,amara.clark4299@example.com,AU,2024-10-28,2025-06-09 00:00:00
C-04300,Dante,Patel,,US,2024-07-18,2025-02-03 00:00:00
C-04301,Anya,Martinez,anya.martinez4301@example.com,AU,2025-01-21,2025-10-24 00:00:00
C-04302,Elena,Jackson,elena.jackson4302@example.com,US,2024-07-11,2024-11-10 00:00:00
C-04303,Victor,Smith,victor.smith4303@example.com,US,2025-07-01,2025-10-25 00:00:00
C-04304,Aisha,Patel,aisha.patel4304@example.com,US,2025-02-19,2025-04-08 00:00:00
C-04305,Leo,Clark,leo.clark4305@example.com,DE,2025-03-19,2025-06-09 00:00:00
C-04306,Noah,Khan,noah.khan4306@example.com,US,2025-01-15,2025-10-05 00:00:00
C-04307,Ava,Hall,ava.hall4307@example.com,US,2025-02-20,2025-07-12 00:00:00
C-04308,Priya,Khan,priya.khan4308@example.com,US,2024-08-16,2024-11-26 00:00:00
C-04309,Ethan,Kim,ethan.kim4309@example.com,US,2025-05-06,2025-07-09 00:00:00
C-04310,Arjun,Nguyen,arjun.nguyen4310@example.com,US,2025-02-18,2025-07-13 00:00:00
C-04311,Nora,Kim,,US,2024-10-07,2025-05-09 00:00:00
C-04312,Lena,Lee,lena.lee4312@example.com,US,2024-10-23,2025-01-17 00:00:00
C-04313,Ava,Harris,ava.harris4313@example.com,AU,2024-12-29,2025-08-13 00:00:00
C-04314,Ethan,Garcia,ethan.garcia4314@example.com,US,2025-05-12,2025-11-16 00:00:00
C-04315,Rosa,Brown,rosa.brown4315@example.com,US,2025-02-20,2025-10-14 00:00:00
C-04316,Mateo,Lewis,mateo.lewis4316@example.com,US,2024-09-16,2024-11-30 00:00:00
C-04317,June,Clark,june.clark4317@example.com,US,2024-12-11,2025-06-18 00:00:00
C-04318,Leo,Dubois,leo.dubois4318@example.com,US,2025-02-14,2025-04-01 00:00:00
C-04319,Diego,Rossi,diego.rossi4319@example.com,DE,2025-04-09,2025-07-27 00:00:00
C-04320,Ethan,Hall,ethan.hall4320@example.com,US,2025-05-17,2025-12-20 00:00:00
C-04321,Mateo,Harris,mateo.harris4321@example.com,US,2025-06-29,2026-01-04 00:00:00
C-04322,Theo,Khan,theo.khan4322@example.com,BR,2024-12-28,2025-02-22 00:00:00
C-04323,Zoe,Kim,zoe.kim4323@example.com,US,2024-11-07,2025-07-22 00:00:00
C-04324,Mateo,Miller,mateo.miller4324@example.com,UK,2024-10-31,2024-11-16 00:00:00
C-04325,Wren,Taylor,wren.taylor4325@example.com,US,2024-09-07,2025-03-04 00:00:00
C-04326,Zoe,White,zoe.white4326@example.com,US,2025-02-07,2025-11-29 00:00:00
C-04327,Aisha,Jackson,aisha.jackson4327@example.com,IN,2025-06-09,2025-11-15 00:00:00
C-04328,Ravi,Davis,ravi.davis4328@example.com,US,2025-01-08,2025-09-05 00:00:00
C-04329,Victor,Martinez,,US,2024-06-20,2024-12-15 00:00:00
C-04330,Theo,Thomas,,US,2024-12-07,2025-07-29 00:00:00
C-04331,Arjun,Chen,arjun.chen4331@example.com,US,2025-04-17,2025-10-30 00:00:00
C-04332,Elena,Weber,elena.weber4332@example.com,US,2025-02-18,2025-09-13 00:00:00
C-04333,Nora,Clark,nora.clark4333@example.com,US,2025-01-19,2025-03-28 00:00:00
C-04334,Sam,Haddad,sam.haddad4334@example.com,UK,2024-09-22,2025-05-02 00:00:00
C-04335,Yuki,Taylor,yuki.taylor4335@example.com,US,2025-02-03,2025-04-15 00:00:00
C-04336,Noah,Davis,noah.davis4336@example.com,US,2025-05-18,2026-03-08 00:00:00
C-04337,Arjun,Iyer,arjun.iyer4337@example.com,US,2025-02-06,2025-04-15 00:00:00
C-04338,Aisha,Jackson,aisha.jackson4338@example.com,US,2025-06-11,2025-08-21 00:00:00
C-04339,Ethan,Wilson,ethan.wilson4339@example.com,US,2024-11-20,2025-08-04 00:00:00
C-04340,Omar,Lewis,omar.lewis4340@example.com,US,2024-12-26,2025-03-08 00:00:00
C-04341,Ali,Kim,ali.kim4341@example.com,US,2024-07-03,2024-10-19 00:00:00
C-04342,Sam,Muller,,UK,2025-02-24,2025-09-26 00:00:00
C-04343,Yuki,Garcia,yuki.garcia4343@example.com,CA,2024-08-29,2024-10-15 00:00:00
C-04344,Priya,Haddad,priya.haddad4344@example.com,US,2025-03-08,2025-04-24 00:00:00
C-04345,Priya,White,priya.white4345@example.com,US,2024-06-26,2024-11-18 00:00:00
C-04346,Priya,Walker,priya.walker4346@example.com,US,2025-01-15,2025-03-29 00:00:00
C-04347,Mateo,Davis,mateo.davis4347@example.com,AU,2024-08-24,2024-11-02 00:00:00
C-04348,Arjun,Moore,,AU,2024-10-16,2024-10-18 00:00:00
C-04349,Kai,Johnson,kai.johnson4349@example.com,US,2024-06-05,2024-09-24 00:00:00
C-04350,Wren,Wilson,wren.wilson4350@example.com,US,2024-06-08,2024-09-11 00:00:00
C-04351,Dante,Khan,dante.khan4351@example.com,US,2025-01-19,2025-01-28 00:00:00
C-04352,Ethan,Dubois,ethan.dubois4352@example.com,US,2025-02-03,2025-08-08 00:00:00
C-04353,Kofi,Miller,kofi.miller4353@example.com,US,2025-01-16,2025-07-22 00:00:00
C-04354,Ava,Johnson,ava.johnson4354@example.com,IN,2025-04-20,2025-05-11 00:00:00
C-04355,Noah,Khan,noah.khan4355@example.com,US,2024-08-07,2024-11-10 00:00:00
C-04356,Omar,Ali,omar.ali4356@example.com,US,2025-03-03,2025-11-19 00:00:00
C-04357,June,Tanaka,june.tanaka4357@example.com,CA,2025-06-03,2025-11-24 00:00:00
C-04358,Nina,Kim,nina.kim4358@example.com,US,2024-11-12,2025-03-15 00:00:00
C-04359,Mira,Muller,mira.muller4359@example.com,AU,2024-06-24,2024-11-10 00:00:00
C-04360,Nora,Dubois,nora.dubois4360@example.com,CA,2024-12-23,2025-02-23 00:00:00
C-04361,Noah,Miller,noah.miller4361@example.com,CA,2025-04-04,2025-12-03 00:00:00
C-04362,Aisha,Garcia,aisha.garcia4362@example.com,UK,2024-09-29,2025-06-30 00:00:00
C-04363,Zoe,Nguyen,,US,2024-07-13,2025-04-12 00:00:00
C-04364,Tara,Hall,tara.hall4364@example.com,US,2025-04-04,2025-06-10 00:00:00
C-04365,Ava,Okafor,ava.okafor4365@example.com,CA,2025-02-16,2025-05-20 00:00:00
C-04366,Lucas,Patel,lucas.patel4366@example.com,US,2025-04-16,2025-06-03 00:00:00
C-04367,Maya,Okafor,maya.okafor4367@example.com,US,2024-09-06,2024-12-07 00:00:00
C-04368,Wren,Costa,,US,2024-08-19,2024-11-26 00:00:00
C-04369,Yuki,Hall,yuki.hall4369@example.com,US,2025-01-28,2025-08-05 00:00:00
C-04370,Nina,Hall,nina.hall4370@example.com,US,2025-01-08,2025-03-05 00:00:00
C-04371,Theo,Miller,theo.miller4371@example.com,DE,2024-08-20,2025-05-22 00:00:00
C-04372,Ravi,Wilson,ravi.wilson4372@example.com,US,2024-09-09,2024-10-09 00:00:00
C-04373,Mateo,Kim,mateo.kim4373@example.com,US,2024-11-29,2024-12-01 00:00:00
C-04374,Maya,Nguyen,maya.nguyen4374@example.com,US,2024-10-16,2025-06-29 00:00:00
C-04375,Kofi,Lewis,,US,2024-09-15,2025-04-14 00:00:00
C-04376,Hana,Lewis,hana.lewis4376@example.com,CA,2024-12-13,2025-03-29 00:00:00
C-04377,Noah,Smith,noah.smith4377@example.com,AU,2025-02-20,2025-08-17 00:00:00
C-04378,Arjun,Harris,arjun.harris4378@example.com,JP,2024-10-06,2024-12-12 00:00:00
C-04379,Ravi,Harris,ravi.harris4379@example.com,AU,2025-06-02,2025-07-22 00:00:00
C-04380,Sofia,Okafor,sofia.okafor4380@example.com,CA,2025-06-19,2025-11-07 00:00:00
C-04381,Tara,Weber,tara.weber4381@example.com,US,2025-07-04,2025-10-17 00:00:00
C-04382,Ivy,Garcia,,US,2025-01-13,2025-07-16 00:00:00
C-04383,Cleo,Moore,cleo.moore4383@example.com,US,2024-10-14,2024-12-18 00:00:00
C-04384,Nina,Brown,,US,2024-12-26,2025-07-12 00:00:00
C-04385,Leo,Patel,,US,2024-09-13,2025-05-01 00:00:00
C-04386,Marco,Brown,marco.brown4386@example.com,US,2025-02-11,2025-04-01 00:00:00
C-04387,Kai,Costa,kai.costa4387@example.com,US,2025-06-11,2025-06-24 00:00:00
C-04388,Elena,Ali,elena.ali4388@example.com,UK,2025-02-17,2025-06-28 00:00:00
C-04389,Kai,Lewis,kai.lewis4389@example.com,US,2025-02-17,2025-10-07 00:00:00
C-04390,Ivy,Haddad,ivy.haddad4390@example.com,US,2025-03-02,2025-09-13 00:00:00
C-04391,Zoe,Patel,zoe.patel4391@example.com,US,2025-05-03,2025-11-29 00:00:00
C-04392,Kofi,Kim,kofi.kim4392@example.com,US,2025-04-22,2025-08-20 00:00:00
C-04393,Maya,Miller,maya.miller4393@example.com,UK,2024-08-21,2024-10-30 00:00:00
C-04394,Theo,Clark,theo.clark4394@example.com,US,2025-01-31,2025-07-09 00:00:00
C-04395,Elena,Novak,,US,2024-07-01,2024-08-31 00:00:00
C-04396,Ethan,Moore,ethan.moore4396@example.com,US,2025-06-23,2026-01-26 00:00:00
C-04397,Sofia,Hall,sofia.hall4397@example.com,US,2025-03-29,2025-05-27 00:00:00
C-04398,Nina,White,nina.white4398@example.com,CA,2024-06-26,2024-09-21 00:00:00
C-04399,Rosa,Robinson,rosa.robinson4399@example.com,CA,2025-05-09,2025-10-07 00:00:00
C-04400,Kai,Khan,kai.khan4400@example.com,IN,2025-04-10,2025-09-03 00:00:00
C-04401,June,Thomas,june.thomas4401@example.com,US,2024-12-14,2025-06-12 00:00:00
C-04402,Maya,Haddad,maya.haddad4402@example.com,US,2025-06-19,2025-10-28 00:00:00
C-04403,Victor,Ali,victor.ali4403@example.com,AU,2025-01-25,2025-10-27 00:00:00
C-04404,Mateo,White,mateo.white4404@example.com,US,2024-10-27,2025-07-05 00:00:00
C-04405,Kai,Smith,kai.smith4405@example.com,US,2025-01-01,2025-09-21 00:00:00
C-04406,Liam,Walker,liam.walker4406@example.com,US,2024-12-05,2025-06-11 00:00:00
C-04407,Lucas,Khan,lucas.khan4407@example.com,US,2024-10-08,2025-04-16 00:00:00
C-04408,Ivy,Clark,,US,2024-10-09,2025-04-09 00:00:00
C-04409,Lena,Johnson,lena.johnson4409@example.com,CA,2025-04-12,2025-08-20 00:00:00
C-04410,Amara,Smith,amara.smith4410@example.com,US,2024-11-19,2025-02-23 00:00:00
C-04411,Lucas,Martinez,lucas.martinez4411@example.com,US,2025-03-20,2025-09-13 00:00:00
C-04412,Ava,Wilson,ava.wilson4412@example.com,US,2024-12-24,2024-12-31 00:00:00
C-04413,Priya,Rossi,priya.rossi4413@example.com,US,2024-07-15,2024-07-17 00:00:00
C-04414,Theo,Wilson,theo.wilson4414@example.com,CA,2025-05-07,2026-01-17 00:00:00
C-04415,Ethan,Lee,ethan.lee4415@example.com,CA,2024-06-28,2024-07-11 00:00:00
C-04416,Cleo,Harris,cleo.harris4416@example.com,AU,2025-04-09,2025-09-13 00:00:00
C-04417,Priya,Moore,priya.moore4417@example.com,US,2024-10-02,2025-04-04 00:00:00
C-04418,Noah,Davis,noah.davis4418@example.com,US,2024-09-03,2024-11-01 00:00:00
C-04419,Theo,Walker,theo.walker4419@example.com,US,2024-10-25,2025-07-20 00:00:00
C-04420,Rosa,Moore,rosa.moore4420@example.com,US,2025-04-03,2025-05-30 00:00:00
C-04421,Jonas,Lee,jonas.lee4421@example.com,US,2025-01-11,2025-10-03 00:00:00
C-04422,Jonas,Iyer,jonas.iyer4422@example.com,US,2025-06-16,2026-01-30 00:00:00
C-04423,Noah,Muller,noah.muller4423@example.com,US,2024-07-22,2024-10-02 00:00:00
C-04424,Amara,Harris,amara.harris4424@example.com,US,2024-08-27,2024-10-11 00:00:00
C-04425,Kai,Clark,kai.clark4425@example.com,US,2024-08-10,2024-11-12 00:00:00
C-04426,Theo,Dubois,theo.dubois4426@example.com,US,2025-01-09,2025-05-08 00:00:00
C-04427,Sofia,Silva,,US,2024-11-16,2025-01-28 00:00:00
C-04428,Dante,Iyer,dante.iyer4428@example.com,US,2024-07-31,2025-05-26 00:00:00
C-04429,Omar,Dubois,omar.dubois4429@example.com,US,2025-01-26,2025-04-04 00:00:00
C-04430,Lucas,Smith,lucas.smith4430@example.com,US,2025-04-20,2025-12-25 00:00:00
C-04431,Kofi,Walker,kofi.walker4431@example.com,AU,2025-06-22,2025-08-08 00:00:00
C-04432,Ava,Dubois,ava.dubois4432@example.com,IN,2025-02-11,2025-12-02 00:00:00
C-04433,Ava,Dubois,,US,2025-04-19,2025-06-25 00:00:00
C-04434,Noah,Iyer,noah.iyer4434@example.com,AU,2025-05-24,2025-09-27 00:00:00
C-04435,Mateo,Haddad,mateo.haddad4435@example.com,US,2024-12-13,2025-05-29 00:00:00
C-04436,Arjun,Martin,arjun.martin4436@example.com,US,2025-04-05,2025-05-11 00:00:00
C-04437,Priya,Novak,priya.novak4437@example.com,US,2025-01-02,2025-09-04 00:00:00
C-04438,Maya,Dubois,maya.dubois4438@example.com,US,2025-01-06,2025-03-29 00:00:00
C-04439,Nina,Nguyen,nina.nguyen4439@example.com,US,2024-06-23,2024-12-04 00:00:00
C-04440,Nora,Patel,nora.patel4440@example.com,US,2025-03-09,2025-08-20 00:00:00
C-04441,Leo,Walker,leo.walker4441@example.com,US,2025-06-27,2025-12-24 00:00:00
C-04442,Cleo,White,cleo.white4442@example.com,CA,2024-12-21,2025-01-06 00:00:00
C-04443,Priya,Hall,priya.hall4443@example.com,US,2025-01-10,2025-03-01 00:00:00
C-04444,Zoe,Garcia,zoe.garcia4444@example.com,CA,2025-03-17,2025-05-04 00:00:00
C-04445,Ethan,Anderson,ethan.anderson4445@example.com,UK,2025-05-29,2025-08-27 00:00:00
C-04446,Zoe,Harris,zoe.harris4446@example.com,CA,2024-11-21,2025-01-03 00:00:00
C-04447,Maya,Johnson,maya.johnson4447@example.com,US,2024-08-24,2025-05-27 00:00:00
C-04448,Omar,Rossi,omar.rossi4448@example.com,US,2024-09-22,2025-02-22 00:00:00
C-04449,Elena,Novak,elena.novak4449@example.com,IN,2025-06-28,2026-01-01 00:00:00
C-04450,Theo,Iyer,,US,2024-06-17,2024-10-02 00:00:00
C-04451,Hana,Johnson,hana.johnson4451@example.com,US,2024-11-02,2025-01-23 00:00:00
C-04452,Nora,Rossi,nora.rossi4452@example.com,US,2024-09-05,2025-02-02 00:00:00
C-04453,Jonas,Nguyen,jonas.nguyen4453@example.com,CA,2024-10-29,2025-01-25 00:00:00
C-04454,Aisha,Anderson,aisha.anderson4454@example.com,US,2024-11-13,2025-02-24 00:00:00
C-04455,Cleo,Kim,cleo.kim4455@example.com,AU,2024-08-31,2025-01-13 00:00:00
C-04456,Hana,Silva,hana.silva4456@example.com,US,2025-06-12,2025-11-10 00:00:00
C-04457,Hana,Wilson,hana.wilson4457@example.com,US,2025-01-26,2025-11-17 00:00:00
C-04458,June,Costa,june.costa4458@example.com,US,2025-02-01,2025-04-08 00:00:00
C-04459,Yuki,Kim,yuki.kim4459@example.com,US,2024-11-07,2025-04-02 00:00:00
C-04460,Hana,Chen,hana.chen4460@example.com,CA,2024-12-07,2025-01-20 00:00:00
C-04461,Nora,Haddad,nora.haddad4461@example.com,US,2024-07-13,2024-10-25 00:00:00
C-04462,Ava,Weber,ava.weber4462@example.com,US,2025-06-01,2026-01-02 00:00:00
C-04463,Amara,White,amara.white4463@example.com,US,2025-05-03,2025-06-24 00:00:00
C-04464,Marco,Dubois,marco.dubois4464@example.com,US,2024-11-13,2025-05-06 00:00:00
C-04465,Ethan,Costa,ethan.costa4465@example.com,US,2024-11-21,2025-03-26 00:00:00
C-04466,Omar,Anderson,omar.anderson4466@example.com,IN,2024-10-22,2024-11-06 00:00:00
C-04467,Nina,Clark,nina.clark4467@example.com,US,2025-05-09,2026-02-12 00:00:00
C-04468,Mateo,Muller,mateo.muller4468@example.com,US,2024-07-03,2024-11-04 00:00:00
C-04469,Maya,Robinson,maya.robinson4469@example.com,CA,2024-12-25,2025-08-17 00:00:00
C-04470,Wren,Muller,wren.muller4470@example.com,US,2025-06-30,2025-11-01 00:00:00
C-04471,Mateo,Novak,mateo.novak4471@example.com,AU,2025-03-27,2026-01-02 00:00:00
C-04472,Ethan,Walker,ethan.walker4472@example.com,US,2025-04-29,2025-07-25 00:00:00
C-04473,Elena,Haddad,elena.haddad4473@example.com,US,2025-04-23,2025-08-24 00:00:00
C-04474,Ravi,Dubois,ravi.dubois4474@example.com,US,2024-06-08,2025-01-21 00:00:00
C-04475,Cleo,Ali,cleo.ali4475@example.com,UK,2025-05-01,2025-08-12 00:00:00
C-04476,Noah,Wilson,noah.wilson4476@example.com,US,2024-11-28,2025-03-17 00:00:00
C-04477,Ravi,Tanaka,ravi.tanaka4477@example.com,US,2024-07-17,2025-05-11 00:00:00
C-04478,Ravi,Smith,,US,2024-06-10,2024-11-23 00:00:00
C-04479,Anya,Martin,anya.martin4479@example.com,US,2024-06-06,2024-12-29 00:00:00
C-04480,Dante,Wilson,dante.wilson4480@example.com,JP,2025-05-27,2025-12-06 00:00:00
C-04481,Marco,Lewis,marco.lewis4481@example.com,US,2025-01-29,2025-10-04 00:00:00
C-04482,Nina,White,nina.white4482@example.com,AU,2025-06-25,2026-03-10 00:00:00
C-04483,Dante,Davis,dante.davis4483@example.com,US,2024-09-01,2025-02-16 00:00:00
C-04484,Ravi,Thomas,ravi.thomas4484@example.com,US,2025-04-24,2025-07-21 00:00:00
C-04485,Dante,Taylor,dante.taylor4485@example.com,DE,2025-02-26,2025-03-04 00:00:00
C-04486,Ali,Garcia,ali.garcia4486@example.com,US,2025-05-17,2025-11-17 00:00:00
C-04487,Lena,Okafor,lena.okafor4487@example.com,US,2025-03-25,2025-11-27 00:00:00
C-04488,Ethan,Ali,ethan.ali4488@example.com,US,2024-08-27,2025-01-09 00:00:00
C-04489,Liam,Robinson,liam.robinson4489@example.com,US,2025-05-10,2025-06-28 00:00:00
C-04490,Kofi,Davis,kofi.davis4490@example.com,CA,2025-04-25,2025-07-20 00:00:00
C-04491,Yuki,Garcia,yuki.garcia4491@example.com,US,2025-01-17,2025-06-18 00:00:00
C-04492,Kai,Taylor,kai.taylor4492@example.com,US,2025-03-02,2025-11-08 00:00:00
C-04493,Aisha,Lewis,aisha.lewis4493@example.com,US,2024-10-18,2024-12-08 00:00:00
C-04494,Arjun,Ali,arjun.ali4494@example.com,US,2024-11-17,2025-05-19 00:00:00
C-04495,Ava,White,ava.white4495@example.com,US,2025-03-28,2025-11-09 00:00:00
C-04496,Sofia,Novak,sofia.novak4496@example.com,AU,2024-10-14,2025-07-21 00:00:00
C-04497,June,Rossi,june.rossi4497@example.com,US,2024-07-04,2024-08-08 00:00:00
C-04498,Lucas,Costa,,UK,2024-06-10,2025-03-14 00:00:00
C-04499,Elena,Robinson,elena.robinson4499@example.com,US,2024-08-12,2025-02-08 00:00:00
C-04500,Amara,Anderson,amara.anderson4500@example.com,US,2025-04-22,2025-12-08 00:00:00
C-04501,Sam,Weber,sam.weber4501@example.com,US,2025-06-15,2025-07-01 00:00:00
C-04502,Arjun,Lewis,arjun.lewis4502@example.com,UK,2024-11-10,2025-04-10 00:00:00
C-04503,Cleo,Haddad,cleo.haddad4503@example.com,UK,2025-03-06,2025-09-08 00:00:00
C-04504,Liam,Garcia,liam.garcia4504@example.com,UK,2025-01-10,2025-04-12 00:00:00
C-04505,Lucas,Martin,lucas.martin4505@example.com,US,2024-07-13,2024-11-19 00:00:00
C-04506,Amara,Silva,amara.silva4506@example.com,US,2024-09-12,2025-02-25 00:00:00
C-04507,Aisha,Clark,aisha.clark4507@example.com,CA,2025-04-15,2025-09-27 00:00:00
C-04508,Dante,Brown,dante.brown4508@example.com,US,2025-01-20,2025-02-01 00:00:00
C-04509,Dante,Ali,dante.ali4509@example.com,US,2025-02-13,2025-06-24 00:00:00
C-04510,Cleo,Tanaka,cleo.tanaka4510@example.com,UK,2024-07-20,2024-09-22 00:00:00
C-04511,Mira,Nguyen,mira.nguyen4511@example.com,US,2025-04-09,2026-01-09 00:00:00
C-04512,Amara,Garcia,amara.garcia4512@example.com,US,2024-12-21,2025-10-09 00:00:00
C-04513,Nina,Silva,nina.silva4513@example.com,US,2024-08-12,2024-11-09 00:00:00
C-04514,Cleo,Jackson,cleo.jackson4514@example.com,US,2025-06-08,2025-07-30 00:00:00
C-04515,Hana,Brown,hana.brown4515@example.com,US,2025-02-19,2025-04-25 00:00:00
C-04516,Cleo,Patel,cleo.patel4516@example.com,US,2024-10-11,2025-03-03 00:00:00
C-04517,Maya,Miller,maya.miller4517@example.com,US,2024-10-22,2025-07-11 00:00:00
C-04518,Theo,Smith,,US,2025-06-25,2025-11-22 00:00:00
C-04519,Sam,Martinez,sam.martinez4519@example.com,US,2024-12-28,2025-01-13 00:00:00
C-04520,Maya,Garcia,maya.garcia4520@example.com,US,2024-09-02,2024-09-13 00:00:00
C-04521,Kai,Dubois,,US,2025-05-09,2025-07-16 00:00:00
C-04522,Sam,White,sam.white4522@example.com,US,2024-10-15,2025-06-24 00:00:00
C-04523,Lucas,Thomas,,US,2025-03-13,2025-09-15 00:00:00
C-04524,Ivy,Lewis,ivy.lewis4524@example.com,US,2024-06-16,2024-12-01 00:00:00
C-04525,Omar,Taylor,omar.taylor4525@example.com,UK,2025-01-11,2025-04-16 00:00:00
C-04526,Ethan,Martin,ethan.martin4526@example.com,US,2025-03-25,2025-12-28 00:00:00
C-04527,Nora,Rossi,nora.rossi4527@example.com,CA,2024-09-12,2024-12-20 00:00:00
C-04528,Leo,Miller,leo.miller4528@example.com,US,2024-10-07,2025-06-14 00:00:00
C-04529,Hana,Ali,hana.ali4529@example.com,US,2024-07-02,2025-03-27 00:00:00
C-04530,Ali,Ali,ali.ali4530@example.com,UK,2025-04-07,2025-08-30 00:00:00
C-04531,Mira,Novak,mira.novak4531@example.com,AU,2025-01-20,2025-10-15 00:00:00
C-04532,Aisha,Hall,aisha.hall4532@example.com,UK,2025-04-04,2025-06-26 00:00:00
C-04533,Omar,Novak,omar.novak4533@example.com,US,2024-06-21,2025-01-04 00:00:00
C-04534,Arjun,Haddad,arjun.haddad4534@example.com,US,2024-07-29,2024-08-24 00:00:00
C-04535,Anya,Walker,anya.walker4535@example.com,US,2025-06-28,2025-11-17 00:00:00
C-04536,Tara,Wilson,tara.wilson4536@example.com,AU,2025-02-16,2025-04-22 00:00:00
C-04537,Ivy,Miller,ivy.miller4537@example.com,US,2024-07-11,2024-07-29 00:00:00
C-04538,Lena,Thomas,lena.thomas4538@example.com,US,2024-10-20,2024-10-21 00:00:00
C-04539,Maya,Harris,maya.harris4539@example.com,US,2024-11-16,2025-02-21 00:00:00
C-04540,Rosa,White,,US,2024-12-28,2025-06-22 00:00:00
C-04541,Marco,Walker,marco.walker4541@example.com,US,2024-10-02,2025-02-15 00:00:00
C-04542,Jonas,Johnson,jonas.johnson4542@example.com,US,2024-07-02,2024-09-30 00:00:00
C-04543,Marco,Kim,marco.kim4543@example.com,US,2025-06-27,2026-04-20 00:00:00
C-04544,Lucas,Silva,lucas.silva4544@example.com,US,2024-12-12,2025-09-19 00:00:00
C-04545,Rosa,Haddad,rosa.haddad4545@example.com,CA,2024-12-18,2025-01-24 00:00:00
C-04546,Rosa,Ali,rosa.ali4546@example.com,US,2025-05-14,2025-09-15 00:00:00
C-04547,Lena,Tanaka,lena.tanaka4547@example.com,US,2025-01-31,2025-08-13 00:00:00
C-04548,Hana,Harris,hana.harris4548@example.com,US,2024-10-02,2025-05-10 00:00:00
C-04549,Elena,Dubois,elena.dubois4549@example.com,US,2024-12-18,2025-04-06 00:00:00
C-04550,Mateo,Silva,mateo.silva4550@example.com,AU,2024-09-28,2025-05-09 00:00:00
C-04551,Jonas,Garcia,jonas.garcia4551@example.com,DE,2024-09-08,2024-10-15 00:00:00
C-04552,Ali,Costa,ali.costa4552@example.com,US,2025-05-19,2025-08-26 00:00:00
C-04553,Leo,Clark,leo.clark4553@example.com,IN,2025-02-12,2025-09-14 00:00:00
C-04554,Kofi,Silva,kofi.silva4554@example.com,UK,2025-05-02,2025-11-05 00:00:00
C-04555,Kai,Ali,kai.ali4555@example.com,US,2025-03-11,2025-11-17 00:00:00
C-04556,Hana,Nguyen,hana.nguyen4556@example.com,CA,2025-06-13,2025-06-27 00:00:00
C-04557,Nina,Okafor,nina.okafor4557@example.com,US,2025-03-25,2025-05-16 00:00:00
C-04558,Marco,Novak,marco.novak4558@example.com,UK,2025-05-23,2025-06-06 00:00:00
C-04559,Diego,Novak,,UK,2024-09-07,2024-11-03 00:00:00
C-04560,Lucas,Robinson,,US,2025-01-28,2025-01-29 00:00:00
C-04561,Mira,Iyer,mira.iyer4561@example.com,US,2024-06-07,2024-11-05 00:00:00
C-04562,Ava,Martin,ava.martin4562@example.com,US,2025-06-24,2025-11-29 00:00:00
C-04563,Rosa,Weber,rosa.weber4563@example.com,UK,2024-11-26,2025-06-11 00:00:00
C-04564,Rosa,Brown,rosa.brown4564@example.com,UK,2025-01-07,2025-05-02 00:00:00
C-04565,Zoe,Haddad,zoe.haddad4565@example.com,US,2025-01-22,2025-01-22 00:00:00
C-04566,Hana,Nguyen,hana.nguyen4566@example.com,US,2024-09-06,2025-03-27 00:00:00
C-04567,Hana,Haddad,hana.haddad4567@example.com,AU,2024-10-15,2024-10-31 00:00:00
C-04568,Diego,Wilson,diego.wilson4568@example.com,US,2024-07-20,2025-04-05 00:00:00
C-04569,Dante,Harris,,US,2024-10-10,2024-10-16 00:00:00
C-04570,Elena,Lewis,,US,2025-03-19,2025-08-25 00:00:00
C-04571,Zoe,Wilson,zoe.wilson4571@example.com,AU,2024-11-28,2025-08-23 00:00:00
C-04572,Dante,Smith,,BR,2024-10-04,2025-03-24 00:00:00
C-04573,Nina,Davis,nina.davis4573@example.com,US,2025-03-25,2025-09-23 00:00:00
C-04574,Kofi,Khan,kofi.khan4574@example.com,US,2024-08-23,2025-03-15 00:00:00
C-04575,June,Okafor,june.okafor4575@example.com,US,2025-03-25,2025-04-30 00:00:00
C-04576,Rosa,Martin,rosa.martin4576@example.com,US,2024-08-06,2025-02-24 00:00:00
C-04577,Noah,Harris,noah.harris4577@example.com,US,2024-07-18,2025-04-08 00:00:00
C-04578,Liam,Tanaka,liam.tanaka4578@example.com,US,2024-07-14,2025-05-02 00:00:00
C-04579,Ava,Smith,ava.smith4579@example.com,UK,2025-02-24,2025-07-06 00:00:00
C-04580,Mira,Muller,mira.muller4580@example.com,UK,2024-09-16,2024-12-28 00:00:00
C-04581,Ethan,Silva,ethan.silva4581@example.com,US,2025-03-27,2025-11-07 00:00:00
C-04582,Kofi,Novak,kofi.novak4582@example.com,US,2024-08-23,2025-02-01 00:00:00
C-04583,Wren,Taylor,wren.taylor4583@example.com,CA,2025-07-03,2025-09-18 00:00:00
C-04584,Cleo,Taylor,,US,2025-03-05,2025-04-25 00:00:00
C-04585,Diego,Okafor,,US,2025-04-30,2025-06-20 00:00:00
C-04586,Mira,Harris,mira.harris4586@example.com,CA,2024-09-28,2025-02-12 00:00:00
C-04587,Kai,Dubois,kai.dubois4587@example.com,US,2024-10-27,2024-12-17 00:00:00
C-04588,Liam,White,liam.white4588@example.com,AU,2025-02-12,2025-02-17 00:00:00
C-04589,Kofi,Martinez,kofi.martinez4589@example.com,US,2025-06-29,2025-07-14 00:00:00
C-04590,Theo,Anderson,theo.anderson4590@example.com,UK,2024-10-12,2025-07-17 00:00:00
C-04591,Omar,Lewis,omar.lewis4591@example.com,AU,2024-08-02,2024-08-23 00:00:00
C-04592,Yuki,Chen,yuki.chen4592@example.com,US,2025-03-25,2025-04-15 00:00:00
C-04593,Marco,Davis,marco.davis4593@example.com,US,2025-05-26,2025-10-08 00:00:00
C-04594,Jonas,Lee,jonas.lee4594@example.com,US,2025-05-14,2025-07-26 00:00:00
C-04595,Ivy,Rossi,ivy.rossi4595@example.com,US,2024-07-27,2025-05-11 00:00:00
C-04596,Lucas,Lee,,US,2025-04-01,2025-12-30 00:00:00
C-04597,Leo,Martin,leo.martin4597@example.com,US,2024-10-06,2025-02-04 00:00:00
C-04598,Tara,Lewis,tara.lewis4598@example.com,US,2025-01-17,2025-05-31 00:00:00
C-04599,Diego,Patel,diego.patel4599@example.com,US,2024-09-06,2024-12-27 00:00:00
C-04600,Sofia,Anderson,sofia.anderson4600@example.com,US,2025-01-30,2025-02-10 00:00:00
C-04601,Hana,Weber,hana.weber4601@example.com,UK,2024-10-13,2025-01-08 00:00:00
C-04602,Lena,Martin,lena.martin4602@example.com,CA,2024-06-29,2024-08-04 00:00:00
C-04603,Arjun,Lee,arjun.lee4603@example.com,US,2024-12-16,2025-01-15 00:00:00
C-04604,Ethan,Anderson,ethan.anderson4604@example.com,US,2024-10-16,2025-04-02 00:00:00
C-04605,Leo,Thomas,leo.thomas4605@example.com,US,2025-05-16,2025-06-14 00:00:00
C-04606,Elena,Davis,,US,2024-11-21,2024-12-21 00:00:00
C-04607,Ravi,Miller,ravi.miller4607@example.com,US,2024-11-19,2025-04-12 00:00:00
C-04608,Diego,Chen,,IN,2025-04-16,2025-08-26 00:00:00
C-04609,Marco,Iyer,marco.iyer4609@example.com,CA,2025-06-10,2025-07-21 00:00:00
C-04610,Kai,White,kai.white4610@example.com,US,2024-06-22,2024-06-23 00:00:00
C-04611,Kofi,Miller,kofi.miller4611@example.com,AU,2024-10-21,2024-12-17 00:00:00
C-04612,Marco,Haddad,marco.haddad4612@example.com,US,2024-07-07,2024-09-15 00:00:00
C-04613,Aisha,Lee,aisha.lee4613@example.com,US,2025-06-25,2026-02-20 00:00:00
C-04614,Kai,Wilson,kai.wilson4614@example.com,US,2024-06-08,2025-03-09 00:00:00
C-04615,Anya,Johnson,anya.johnson4615@example.com,UK,2024-08-22,2024-12-21 00:00:00
C-04616,Omar,Thomas,omar.thomas4616@example.com,US,2024-10-10,2025-02-08 00:00:00
C-04617,Sam,Hall,sam.hall4617@example.com,US,2025-04-01,2025-10-31 00:00:00
C-04618,Wren,Clark,wren.clark4618@example.com,IN,2025-01-24,2025-07-31 00:00:00
C-04619,Nina,Hall,nina.hall4619@example.com,US,2025-03-19,2025-05-13 00:00:00
C-04620,Victor,Thomas,victor.thomas4620@example.com,US,2024-11-06,2024-12-08 00:00:00
C-04621,Elena,Costa,elena.costa4621@example.com,US,2025-03-09,2025-07-18 00:00:00
C-04622,Elena,Smith,elena.smith4622@example.com,US,2025-02-10,2025-07-29 00:00:00
C-04623,Wren,Rossi,wren.rossi4623@example.com,CA,2024-09-18,2024-10-29 00:00:00
C-04624,June,Novak,june.novak4624@example.com,US,2025-06-25,2025-09-20 00:00:00
C-04625,Elena,Iyer,elena.iyer4625@example.com,US,2024-07-14,2024-10-13 00:00:00
C-04626,Ivy,Lewis,ivy.lewis4626@example.com,US,2025-05-27,2025-08-13 00:00:00
C-04627,Elena,Garcia,elena.garcia4627@example.com,UK,2025-06-30,2025-11-15 00:00:00
C-04628,Rosa,Johnson,rosa.johnson4628@example.com,US,2025-05-11,2025-11-22 00:00:00
C-04629,June,Davis,june.davis4629@example.com,US,2024-06-18,2024-11-17 00:00:00
C-04630,Ali,Harris,ali.harris4630@example.com,US,2024-11-14,2025-01-13 00:00:00
C-04631,Kofi,Robinson,kofi.robinson4631@example.com,US,2025-01-06,2025-02-05 00:00:00
C-04632,June,Iyer,june.iyer4632@example.com,US,2025-03-07,2025-11-08 00:00:00
C-04633,Priya,Patel,priya.patel4633@example.com,IN,2024-07-08,2024-11-28 00:00:00
C-04634,Kofi,Jackson,kofi.jackson4634@example.com,AU,2025-02-18,2025-03-08 00:00:00
C-04635,Kai,Rossi,kai.rossi4635@example.com,IN,2024-11-03,2025-01-19 00:00:00
C-04636,Maya,Harris,maya.harris4636@example.com,US,2024-06-16,2025-02-12 00:00:00
C-04637,Leo,Chen,leo.chen4637@example.com,AU,2024-11-25,2025-07-08 00:00:00
C-04638,Victor,Wilson,victor.wilson4638@example.com,CA,2025-01-21,2025-10-10 00:00:00
C-04639,Sofia,Dubois,,US,2025-07-04,2025-12-31 00:00:00
C-04640,Maya,Weber,maya.weber4640@example.com,US,2024-10-19,2025-02-22 00:00:00
C-04641,Yuki,Moore,yuki.moore4641@example.com,US,2025-04-27,2025-09-01 00:00:00
C-04642,Wren,Haddad,wren.haddad4642@example.com,US,2024-12-25,2025-02-21 00:00:00
C-04643,Mateo,Miller,mateo.miller4643@example.com,JP,2025-07-02,2026-01-13 00:00:00
C-04644,Lucas,Okafor,lucas.okafor4644@example.com,US,2024-10-11,2025-04-04 00:00:00
C-04645,Nina,Taylor,nina.taylor4645@example.com,US,2024-11-08,2024-12-24 00:00:00
C-04646,Ali,Taylor,ali.taylor4646@example.com,CA,2025-05-16,2026-02-05 00:00:00
C-04647,Nina,Harris,nina.harris4647@example.com,CA,2025-04-30,2025-08-18 00:00:00
C-04648,Lena,Khan,lena.khan4648@example.com,CA,2024-09-11,2024-09-25 00:00:00
C-04649,Omar,Smith,omar.smith4649@example.com,US,2025-03-20,2025-06-26 00:00:00
C-04650,Rosa,Weber,rosa.weber4650@example.com,AU,2025-05-23,2026-02-07 00:00:00
C-04651,Sam,Taylor,sam.taylor4651@example.com,US,2024-07-22,2025-04-23 00:00:00
C-04652,Zoe,Haddad,zoe.haddad4652@example.com,CA,2024-07-27,2024-12-21 00:00:00
C-04653,Aisha,Nguyen,aisha.nguyen4653@example.com,US,2024-12-07,2025-09-19 00:00:00
C-04654,Kai,Chen,kai.chen4654@example.com,US,2025-02-18,2025-11-07 00:00:00
C-04655,Sofia,Kim,sofia.kim4655@example.com,US,2025-01-25,2025-09-29 00:00:00
C-04656,Yuki,White,yuki.white4656@example.com,US,2025-05-07,2026-01-19 00:00:00
C-04657,Victor,Okafor,victor.okafor4657@example.com,US,2024-11-12,2025-03-06 00:00:00
C-04658,Yuki,Haddad,yuki.haddad4658@example.com,AU,2025-06-29,2026-02-10 00:00:00
C-04659,June,Anderson,june.anderson4659@example.com,AU,2025-06-02,2025-11-22 00:00:00
C-04660,Hana,Robinson,hana.robinson4660@example.com,US,2025-06-07,2026-01-08 00:00:00
C-04661,Rosa,Brown,rosa.brown4661@example.com,US,2025-03-25,2025-05-17 00:00:00
C-04662,Kofi,Iyer,kofi.iyer4662@example.com,CA,2025-01-13,2025-08-20 00:00:00
C-04663,Noah,Silva,noah.silva4663@example.com,UK,2025-04-01,2026-01-13 00:00:00
C-04664,Ethan,Martin,ethan.martin4664@example.com,US,2024-10-09,2025-01-07 00:00:00
C-04665,Zoe,White,zoe.white4665@example.com,US,2025-06-23,2026-04-14 00:00:00
C-04666,Yuki,Okafor,yuki.okafor4666@example.com,US,2024-08-11,2024-12-02 00:00:00
C-04667,Mateo,Haddad,mateo.haddad4667@example.com,US,2025-06-15,2025-08-13 00:00:00
C-04668,Noah,Johnson,noah.johnson4668@example.com,CA,2025-04-10,2025-05-13 00:00:00
C-04669,Wren,Iyer,wren.iyer4669@example.com,US,2024-08-11,2025-04-03 00:00:00
C-04670,Kai,Jackson,kai.jackson4670@example.com,DE,2025-01-29,2025-07-14 00:00:00
C-04671,Amara,Chen,amara.chen4671@example.com,US,2025-05-09,2025-08-09 00:00:00
C-04672,Mateo,Hall,mateo.hall4672@example.com,US,2024-12-19,2025-06-19 00:00:00
C-04673,Sofia,Garcia,sofia.garcia4673@example.com,US,2025-03-23,2025-06-30 00:00:00
C-04674,Kofi,Muller,kofi.muller4674@example.com,US,2025-02-09,2025-06-23 00:00:00
C-04675,Ivy,Garcia,ivy.garcia4675@example.com,US,2025-01-03,2025-09-18 00:00:00
C-04676,Victor,White,victor.white4676@example.com,DE,2024-11-05,2025-05-24 00:00:00
C-04677,Lucas,Thomas,lucas.thomas4677@example.com,US,2025-06-12,2026-01-26 00:00:00
C-04678,Ava,Jackson,ava.jackson4678@example.com,US,2025-07-01,2025-12-23 00:00:00
C-04679,Diego,Hall,diego.hall4679@example.com,DE,2024-09-21,2025-07-15 00:00:00
C-04680,Sam,Novak,sam.novak4680@example.com,US,2025-02-13,2025-04-26 00:00:00
C-04681,Kai,Iyer,kai.iyer4681@example.com,US,2024-10-05,2024-12-22 00:00:00
C-04682,Noah,Khan,noah.khan4682@example.com,US,2025-04-30,2025-05-27 00:00:00
C-04683,Ivy,Lee,ivy.lee4683@example.com,US,2025-03-23,2025-09-05 00:00:00
C-04684,Mira,Johnson,mira.johnson4684@example.com,US,2024-06-30,2024-12-31 00:00:00
C-04685,Dante,Dubois,,US,2025-03-29,2025-11-01 00:00:00
C-04686,Tara,White,,CA,2024-12-29,2025-04-08 00:00:00
C-04687,Liam,Khan,liam.khan4687@example.com,US,2024-08-05,2024-08-08 00:00:00
C-04688,Amara,Dubois,amara.dubois4688@example.com,US,2024-10-22,2025-04-29 00:00:00
C-04689,Noah,Jackson,noah.jackson4689@example.com,AU,2024-06-16,2025-04-11 00:00:00
C-04690,Victor,Tanaka,victor.tanaka4690@example.com,US,2025-01-21,2025-04-19 00:00:00
C-04691,Cleo,Muller,cleo.muller4691@example.com,US,2025-06-20,2025-08-14 00:00:00
C-04692,Mira,Brown,mira.brown4692@example.com,US,2025-06-19,2025-09-11 00:00:00
C-04693,Priya,Hall,priya.hall4693@example.com,CA,2024-10-30,2025-03-06 00:00:00
C-04694,Kai,Tanaka,,US,2025-07-03,2025-09-16 00:00:00
C-04695,Theo,Haddad,theo.haddad4695@example.com,US,2025-06-25,2025-10-07 00:00:00
C-04696,Mateo,Harris,mateo.harris4696@example.com,US,2024-09-23,2025-04-02 00:00:00
C-04697,Jonas,Smith,jonas.smith4697@example.com,US,2025-03-05,2025-06-16 00:00:00
C-04698,Ali,Kim,ali.kim4698@example.com,CA,2024-07-24,2024-11-19 00:00:00
C-04699,Nina,Moore,nina.moore4699@example.com,US,2025-01-03,2025-01-15 00:00:00
C-04700,Tara,Tanaka,tara.tanaka4700@example.com,AU,2024-07-02,2025-04-03 00:00:00
C-04701,Mateo,Novak,mateo.novak4701@example.com,UK,2024-06-15,2024-10-15 00:00:00
C-04702,Nora,Jackson,nora.jackson4702@example.com,US,2025-04-02,2025-07-09 00:00:00
C-04703,Kai,Muller,kai.muller4703@example.com,US,2024-12-15,2025-01-09 00:00:00
C-04704,Noah,Rossi,noah.rossi4704@example.com,US,2025-04-14,2025-10-21 00:00:00
C-04705,Maya,Novak,maya.novak4705@example.com,AU,2025-05-07,2026-01-21 00:00:00
C-04706,Rosa,Anderson,rosa.anderson4706@example.com,BR,2024-10-19,2024-10-31 00:00:00
C-04707,Wren,Nguyen,wren.nguyen4707@example.com,US,2024-10-17,2024-11-29 00:00:00
C-04708,Cleo,Nguyen,cleo.nguyen4708@example.com,US,2024-12-31,2025-02-12 00:00:00
C-04709,Tara,Kim,tara.kim4709@example.com,US,2025-06-04,2025-12-01 00:00:00
C-04710,Ali,Silva,ali.silva4710@example.com,CA,2024-09-10,2025-06-13 00:00:00
C-04711,Wren,Hall,wren.hall4711@example.com,US,2025-04-04,2025-08-13 00:00:00
C-04712,Kai,Walker,kai.walker4712@example.com,IN,2024-07-29,2024-11-09 00:00:00
C-04713,Lucas,Martin,lucas.martin4713@example.com,US,2025-01-20,2025-09-06 00:00:00
C-04714,Mateo,Martin,mateo.martin4714@example.com,BR,2024-09-13,2025-04-23 00:00:00
C-04715,Elena,Novak,elena.novak4715@example.com,US,2024-09-22,2024-12-05 00:00:00
C-04716,Kai,Johnson,,US,2024-11-26,2025-01-13 00:00:00
C-04717,Mateo,Silva,mateo.silva4717@example.com,US,2024-11-09,2025-02-24 00:00:00
C-04718,Marco,Brown,marco.brown4718@example.com,US,2024-09-21,2025-05-11 00:00:00
C-04719,June,Moore,june.moore4719@example.com,US,2024-10-11,2025-05-07 00:00:00
C-04720,Nora,Patel,nora.patel4720@example.com,US,2025-03-16,2025-10-01 00:00:00
C-04721,Nora,Costa,nora.costa4721@example.com,US,2024-09-16,2025-05-22 00:00:00
C-04722,Liam,Weber,liam.weber4722@example.com,US,2024-09-03,2024-11-25 00:00:00
C-04723,Mira,Garcia,mira.garcia4723@example.com,US,2025-05-16,2025-08-25 00:00:00
C-04724,Ava,Iyer,ava.iyer4724@example.com,US,2025-03-06,2025-03-18 00:00:00
C-04725,Ava,Wilson,ava.wilson4725@example.com,US,2025-02-01,2025-10-19 00:00:00
C-04726,Jonas,Miller,,BR,2025-03-11,2025-09-01 00:00:00
C-04727,Sam,Chen,sam.chen4727@example.com,US,2025-05-06,2025-08-03 00:00:00
C-04728,Mira,Tanaka,mira.tanaka4728@example.com,US,2024-10-29,2024-11-18 00:00:00
C-04729,Hana,Thomas,hana.thomas4729@example.com,US,2025-03-07,2025-10-10 00:00:00
C-04730,Amara,Walker,amara.walker4730@example.com,US,2025-03-28,2025-11-07 00:00:00
C-04731,Ivy,Iyer,ivy.iyer4731@example.com,US,2024-07-21,2025-02-05 00:00:00
C-04732,Diego,Brown,diego.brown4732@example.com,US,2025-04-02,2025-06-02 00:00:00
C-04733,Leo,Lewis,leo.lewis4733@example.com,US,2024-12-08,2025-09-07 00:00:00
C-04734,Ethan,Taylor,ethan.taylor4734@example.com,US,2024-11-13,2025-06-26 00:00:00
C-04735,Mateo,Walker,mateo.walker4735@example.com,UK,2024-12-30,2025-07-15 00:00:00
C-04736,Aisha,Lewis,aisha.lewis4736@example.com,US,2025-02-06,2025-08-20 00:00:00
C-04737,Mateo,Lee,mateo.lee4737@example.com,US,2025-04-08,2026-01-04 00:00:00
C-04738,Sam,Anderson,sam.anderson4738@example.com,US,2024-09-27,2025-07-02 00:00:00
C-04739,June,Brown,june.brown4739@example.com,UK,2025-02-07,2025-08-04 00:00:00
C-04740,June,Taylor,june.taylor4740@example.com,US,2024-10-10,2025-02-12 00:00:00
C-04741,Cleo,Silva,cleo.silva4741@example.com,US,2025-02-16,2025-06-05 00:00:00
C-04742,Wren,Costa,wren.costa4742@example.com,US,2024-09-23,2025-05-26 00:00:00
C-04743,Maya,Thomas,maya.thomas4743@example.com,US,2024-11-14,2025-05-26 00:00:00
C-04744,Elena,Hall,elena.hall4744@example.com,UK,2024-06-13,2024-07-06 00:00:00
C-04745,Rosa,Davis,rosa.davis4745@example.com,US,2025-05-06,2025-06-17 00:00:00
C-04746,Priya,Haddad,priya.haddad4746@example.com,IN,2025-04-15,2026-01-10 00:00:00
C-04747,Maya,Kim,maya.kim4747@example.com,US,2024-12-10,2025-09-01 00:00:00
C-04748,Ivy,Johnson,,UK,2024-11-18,2025-08-30 00:00:00
C-04749,Ethan,Ali,ethan.ali4749@example.com,US,2024-09-03,2025-01-09 00:00:00
C-04750,Kai,Smith,kai.smith4750@example.com,US,2024-11-03,2025-06-26 00:00:00
C-04751,Jonas,Rossi,jonas.rossi4751@example.com,US,2024-06-18,2025-02-21 00:00:00
C-04752,Mateo,Thomas,mateo.thomas4752@example.com,US,2024-06-10,2024-09-12 00:00:00
C-04753,Mira,Taylor,mira.taylor4753@example.com,US,2025-01-25,2025-03-09 00:00:00
C-04754,Priya,Lee,priya.lee4754@example.com,US,2024-12-14,2025-10-09 00:00:00
C-04755,Elena,Clark,elena.clark4755@example.com,US,2025-04-26,2025-05-05 00:00:00
C-04756,Yuki,Weber,yuki.weber4756@example.com,UK,2025-01-23,2025-07-21 00:00:00
C-04757,Ava,Kim,ava.kim4757@example.com,US,2024-06-28,2025-01-09 00:00:00
C-04758,Kofi,Garcia,kofi.garcia4758@example.com,US,2024-12-26,2025-07-18 00:00:00
C-04759,Arjun,Martinez,arjun.martinez4759@example.com,US,2024-09-28,2024-12-13 00:00:00
C-04760,Anya,Brown,anya.brown4760@example.com,US,2025-03-22,2025-10-24 00:00:00
C-04761,Hana,Costa,hana.costa4761@example.com,US,2024-08-04,2024-10-07 00:00:00
C-04762,Yuki,Rossi,yuki.rossi4762@example.com,AU,2025-01-21,2025-09-26 00:00:00
C-04763,Sofia,Okafor,sofia.okafor4763@example.com,US,2024-08-20,2024-10-24 00:00:00
C-04764,Lucas,Hall,lucas.hall4764@example.com,US,2025-04-20,2025-11-15 00:00:00
C-04765,Mateo,Ali,,US,2025-05-27,2026-01-17 00:00:00
C-04766,Liam,Weber,liam.weber4766@example.com,US,2025-06-17,2025-08-12 00:00:00
C-04767,Tara,Johnson,tara.johnson4767@example.com,US,2024-09-17,2024-11-27 00:00:00
C-04768,Omar,Rossi,omar.rossi4768@example.com,US,2024-06-23,2025-02-11 00:00:00
C-04769,Jonas,Lewis,jonas.lewis4769@example.com,AU,2025-02-20,2025-03-17 00:00:00
C-04770,Lucas,Khan,lucas.khan4770@example.com,CA,2024-08-19,2024-10-15 00:00:00
C-04771,Arjun,Silva,arjun.silva4771@example.com,US,2024-11-09,2025-03-25 00:00:00
C-04772,June,Hall,june.hall4772@example.com,CA,2024-09-24,2025-06-30 00:00:00
C-04773,Dante,Lewis,dante.lewis4773@example.com,US,2024-08-25,2025-02-09 00:00:00
C-04774,Amara,Garcia,amara.garcia4774@example.com,US,2024-11-23,2025-03-19 00:00:00
C-04775,Rosa,Garcia,,US,2025-04-27,2026-02-14 00:00:00
C-04776,Lena,Anderson,,AU,2024-06-03,2024-10-20 00:00:00
C-04777,Amara,Patel,,US,2024-07-18,2024-11-25 00:00:00
C-04778,Nora,Johnson,nora.johnson4778@example.com,US,2025-02-02,2025-06-05 00:00:00
C-04779,Theo,Taylor,theo.taylor4779@example.com,US,2024-10-02,2025-01-03 00:00:00
C-04780,Ava,Brown,ava.brown4780@example.com,US,2024-09-28,2025-01-03 00:00:00
C-04781,Kai,Iyer,kai.iyer4781@example.com,US,2024-10-28,2025-05-22 00:00:00
C-04782,Ravi,Clark,ravi.clark4782@example.com,US,2024-07-09,2024-07-21 00:00:00
C-04783,Rosa,Johnson,rosa.johnson4783@example.com,CA,2024-12-24,2025-07-16 00:00:00
C-04784,Amara,Lewis,amara.lewis4784@example.com,US,2024-09-12,2024-11-11 00:00:00
C-04785,Noah,Jackson,noah.jackson4785@example.com,AU,2025-02-05,2025-05-31 00:00:00
C-04786,Lena,Johnson,lena.johnson4786@example.com,DE,2025-03-22,2025-05-04 00:00:00
C-04787,Lena,Novak,lena.novak4787@example.com,US,2024-07-19,2024-12-31 00:00:00
C-04788,Rosa,Okafor,rosa.okafor4788@example.com,US,2024-11-04,2025-06-10 00:00:00
C-04789,Wren,Moore,wren.moore4789@example.com,US,2024-12-20,2025-04-05 00:00:00
C-04790,Omar,Harris,omar.harris4790@example.com,BR,2024-08-03,2024-09-21 00:00:00
C-04791,Ethan,Garcia,ethan.garcia4791@example.com,US,2025-03-30,2025-06-05 00:00:00
C-04792,Theo,Taylor,theo.taylor4792@example.com,US,2024-12-18,2025-08-20 00:00:00
C-04793,Priya,Novak,priya.novak4793@example.com,US,2025-05-26,2025-08-14 00:00:00
C-04794,Priya,Patel,priya.patel4794@example.com,US,2024-07-14,2025-03-03 00:00:00
C-04795,Mateo,Garcia,mateo.garcia4795@example.com,US,2025-03-02,2025-06-09 00:00:00
C-04796,Ivy,Walker,ivy.walker4796@example.com,UK,2025-01-24,2025-03-21 00:00:00
C-04797,Theo,Garcia,theo.garcia4797@example.com,US,2025-03-08,2025-10-12 00:00:00
C-04798,Leo,Ali,leo.ali4798@example.com,CA,2024-09-28,2025-02-15 00:00:00
C-04799,Zoe,Martinez,zoe.martinez4799@example.com,AU,2024-10-12,2024-10-21 00:00:00
C-04800,Liam,Taylor,liam.taylor4800@example.com,US,2024-07-21,2025-05-04 00:00:00
C-04801,Mira,Moore,mira.moore4801@example.com,US,2024-11-30,2025-01-13 00:00:00
C-04802,Lena,Wilson,lena.wilson4802@example.com,US,2024-06-18,2024-10-02 00:00:00
C-04803,Ava,Robinson,ava.robinson4803@example.com,UK,2025-06-29,2025-10-22 00:00:00
C-04804,Dante,Novak,dante.novak4804@example.com,CA,2025-07-05,2025-11-28 00:00:00
C-04805,Sofia,White,sofia.white4805@example.com,US,2025-04-02,2025-11-23 00:00:00
C-04806,Lucas,White,lucas.white4806@example.com,AU,2024-06-12,2024-06-13 00:00:00
C-04807,Lucas,Miller,lucas.miller4807@example.com,US,2025-06-04,2026-03-10 00:00:00
C-04808,June,Robinson,june.robinson4808@example.com,US,2024-07-24,2025-02-02 00:00:00
C-04809,Yuki,Miller,yuki.miller4809@example.com,US,2025-06-05,2026-03-17 00:00:00
C-04810,Liam,Silva,liam.silva4810@example.com,US,2024-09-27,2025-05-30 00:00:00
C-04811,Aisha,Taylor,aisha.taylor4811@example.com,IN,2025-02-14,2025-11-19 00:00:00
C-04812,Amara,Hall,amara.hall4812@example.com,CA,2024-07-29,2025-01-25 00:00:00
C-04813,Priya,Dubois,priya.dubois4813@example.com,US,2024-06-10,2024-09-25 00:00:00
C-04814,Yuki,Hall,yuki.hall4814@example.com,CA,2024-06-05,2024-10-15 00:00:00
C-04815,Amara,Davis,amara.davis4815@example.com,CA,2025-04-21,2025-11-04 00:00:00
C-04816,Dante,Thomas,dante.thomas4816@example.com,US,2024-10-05,2025-02-10 00:00:00
C-04817,Arjun,Weber,arjun.weber4817@example.com,CA,2024-10-25,2025-06-01 00:00:00
C-04818,Ali,Garcia,ali.garcia4818@example.com,UK,2024-09-15,2024-10-12 00:00:00
C-04819,Diego,Silva,diego.silva4819@example.com,US,2024-12-20,2025-08-25 00:00:00
C-04820,Lena,Lee,lena.lee4820@example.com,US,2024-12-08,2025-02-07 00:00:00
C-04821,Zoe,Jackson,zoe.jackson4821@example.com,US,2024-06-19,2025-03-29 00:00:00
C-04822,Mira,Garcia,mira.garcia4822@example.com,CA,2025-04-01,2025-05-17 00:00:00
C-04823,Ali,White,ali.white4823@example.com,UK,2024-06-30,2024-08-07 00:00:00
C-04824,Mira,Tanaka,mira.tanaka4824@example.com,UK,2024-10-29,2025-06-29 00:00:00
C-04825,Wren,Lewis,wren.lewis4825@example.com,US,2024-08-03,2025-04-05 00:00:00
C-04826,Zoe,Garcia,zoe.garcia4826@example.com,CA,2024-06-01,2025-01-08 00:00:00
C-04827,Jonas,Weber,jonas.weber4827@example.com,US,2024-09-21,2025-07-06 00:00:00
C-04828,Ravi,Costa,ravi.costa4828@example.com,US,2024-12-08,2025-02-27 00:00:00
C-04829,Nina,Okafor,nina.okafor4829@example.com,CA,2024-09-06,2025-05-11 00:00:00
C-04830,Theo,Robinson,theo.robinson4830@example.com,US,2024-11-09,2025-02-22 00:00:00
C-04831,Tara,Lee,tara.lee4831@example.com,US,2025-03-22,2025-08-30 00:00:00
C-04832,Tara,Brown,,CA,2025-02-21,2025-07-04 00:00:00
C-04833,Amara,Garcia,amara.garcia4833@example.com,US,2024-06-26,2024-06-27 00:00:00
C-04834,Sam,Johnson,sam.johnson4834@example.com,US,2024-06-16,2024-12-05 00:00:00
C-04835,Amara,Taylor,amara.taylor4835@example.com,US,2024-12-23,2025-08-04 00:00:00
C-04836,Maya,Taylor,maya.taylor4836@example.com,CA,2025-05-24,2025-07-15 00:00:00
C-04837,Ali,Nguyen,,US,2025-06-18,2026-03-24 00:00:00
C-04838,Kai,Iyer,kai.iyer4838@example.com,US,2025-02-02,2025-07-11 00:00:00
C-04839,Leo,Martinez,leo.martinez4839@example.com,US,2024-08-10,2024-10-02 00:00:00
C-04840,Ava,Clark,ava.clark4840@example.com,CA,2024-06-08,2024-12-18 00:00:00
C-04841,Rosa,Chen,rosa.chen4841@example.com,US,2024-11-21,2025-01-17 00:00:00
C-04842,Nina,Harris,nina.harris4842@example.com,US,2024-07-24,2024-08-12 00:00:00
C-04843,Rosa,Novak,rosa.novak4843@example.com,IN,2025-02-12,2025-09-05 00:00:00
C-04844,Diego,Tanaka,diego.tanaka4844@example.com,BR,2025-02-08,2025-03-13 00:00:00
C-04845,Priya,Clark,priya.clark4845@example.com,US,2024-06-17,2024-07-18 00:00:00
C-04846,Ava,Silva,ava.silva4846@example.com,US,2025-03-28,2025-11-04 00:00:00
C-04847,Aisha,Patel,,US,2024-09-26,2024-10-12 00:00:00
C-04848,Maya,Miller,maya.miller4848@example.com,IN,2024-10-06,2025-06-05 00:00:00
C-04849,Hana,Muller,hana.muller4849@example.com,JP,2024-07-28,2025-03-23 00:00:00
C-04850,Ali,Miller,ali.miller4850@example.com,US,2024-12-03,2025-01-14 00:00:00
C-04851,Leo,Moore,leo.moore4851@example.com,CA,2025-06-09,2025-11-11 00:00:00
C-04852,Elena,Lewis,elena.lewis4852@example.com,US,2025-02-24,2025-03-24 00:00:00
C-04853,Theo,Costa,theo.costa4853@example.com,CA,2024-10-27,2025-05-04 00:00:00
C-04854,Noah,Garcia,noah.garcia4854@example.com,AU,2025-02-14,2025-03-04 00:00:00
C-04855,Liam,Rossi,liam.rossi4855@example.com,US,2025-01-28,2025-11-07 00:00:00
C-04856,Victor,Kim,,UK,2025-04-11,2025-06-12 00:00:00
C-04857,Omar,Thomas,omar.thomas4857@example.com,AU,2025-06-01,2025-12-22 00:00:00
C-04858,Lucas,Nguyen,lucas.nguyen4858@example.com,US,2024-06-23,2024-07-31 00:00:00
C-04859,Yuki,Tanaka,yuki.tanaka4859@example.com,CA,2025-06-04,2025-08-05 00:00:00
C-04860,Maya,Taylor,maya.taylor4860@example.com,UK,2024-07-09,2024-11-21 00:00:00
C-04861,Nina,Thomas,nina.thomas4861@example.com,US,2024-12-28,2025-06-17 00:00:00
C-04862,Aisha,Johnson,aisha.johnson4862@example.com,US,2025-02-19,2025-12-15 00:00:00
C-04863,Marco,Silva,marco.silva4863@example.com,US,2025-03-31,2025-04-07 00:00:00
C-04864,Lucas,Brown,lucas.brown4864@example.com,CA,2024-07-06,2024-07-06 00:00:00
C-04865,Ali,Thomas,ali.thomas4865@example.com,US,2024-11-06,2025-02-19 00:00:00
C-04866,Sam,Thomas,sam.thomas4866@example.com,US,2025-06-09,2025-09-26 00:00:00
C-04867,Kai,Rossi,kai.rossi4867@example.com,US,2024-06-13,2025-03-05 00:00:00
C-04868,Ravi,Okafor,ravi.okafor4868@example.com,UK,2024-09-13,2025-06-13 00:00:00
C-04869,Tara,Jackson,tara.jackson4869@example.com,US,2025-04-06,2025-12-26 00:00:00
C-04870,Mira,Weber,mira.weber4870@example.com,US,2025-04-24,2025-06-05 00:00:00
C-04871,Yuki,Robinson,yuki.robinson4871@example.com,US,2025-02-06,2025-06-09 00:00:00
C-04872,Aisha,Walker,aisha.walker4872@example.com,US,2025-02-07,2025-09-18 00:00:00
C-04873,Sam,Johnson,sam.johnson4873@example.com,US,2024-12-18,2025-03-21 00:00:00
C-04874,Theo,Haddad,theo.haddad4874@example.com,US,2025-06-02,2025-12-17 00:00:00
C-04875,Ethan,Dubois,ethan.dubois4875@example.com,DE,2025-05-21,2025-07-31 00:00:00
C-04876,Leo,Okafor,leo.okafor4876@example.com,AU,2025-05-02,2025-08-07 00:00:00
C-04877,Ali,Nguyen,,US,2024-12-02,2025-08-17 00:00:00
C-04878,Hana,Dubois,hana.dubois4878@example.com,US,2024-10-20,2025-01-03 00:00:00
C-04879,Zoe,Harris,zoe.harris4879@example.com,JP,2025-06-02,2026-03-18 00:00:00
C-04880,Mateo,White,mateo.white4880@example.com,US,2024-10-03,2025-01-02 00:00:00
C-04881,Dante,Robinson,dante.robinson4881@example.com,DE,2024-08-31,2024-09-07 00:00:00
C-04882,Ravi,Hall,ravi.hall4882@example.com,US,2025-01-08,2025-03-25 00:00:00
C-04883,Sam,Clark,sam.clark4883@example.com,US,2025-05-06,2025-06-26 00:00:00
C-04884,June,Weber,june.weber4884@example.com,US,2025-02-10,2025-07-12 00:00:00
C-04885,Sofia,Brown,sofia.brown4885@example.com,US,2025-01-31,2025-03-05 00:00:00
C-04886,Jonas,Brown,jonas.brown4886@example.com,CA,2024-12-04,2025-06-09 00:00:00
C-04887,Ethan,Jackson,,US,2024-10-15,2025-07-04 00:00:00
C-04888,Noah,Martinez,noah.martinez4888@example.com,US,2024-12-29,2025-04-16 00:00:00
C-04889,Aisha,Weber,aisha.weber4889@example.com,US,2024-06-13,2024-08-02 00:00:00
C-04890,Arjun,White,arjun.white4890@example.com,US,2024-12-08,2025-04-07 00:00:00
C-04891,Ivy,Wilson,ivy.wilson4891@example.com,US,2025-05-15,2026-01-05 00:00:00
C-04892,Mateo,Weber,mateo.weber4892@example.com,US,2024-08-03,2025-01-27 00:00:00
C-04893,Tara,Rossi,tara.rossi4893@example.com,US,2024-11-29,2024-12-29 00:00:00
C-04894,Lucas,Miller,lucas.miller4894@example.com,AU,2025-02-22,2025-08-02 00:00:00
C-04895,Kofi,White,kofi.white4895@example.com,US,2024-07-05,2024-11-22 00:00:00
C-04896,Ali,Okafor,,US,2025-03-20,2025-06-26 00:00:00
C-04897,Mira,Garcia,mira.garcia4897@example.com,US,2024-10-21,2024-11-23 00:00:00
C-04898,Nora,Rossi,nora.rossi4898@example.com,US,2024-08-21,2025-06-11 00:00:00
C-04899,Ethan,Smith,ethan.smith4899@example.com,US,2025-02-04,2025-03-28 00:00:00
C-04900,Anya,Walker,anya.walker4900@example.com,US,2024-12-11,2025-02-06 00:00:00
C-04901,Maya,Garcia,maya.garcia4901@example.com,US,2024-11-25,2025-01-07 00:00:00
C-04902,Kai,Clark,,US,2025-02-03,2025-07-24 00:00:00
C-04903,Diego,Robinson,diego.robinson4903@example.com,US,2025-02-09,2025-06-22 00:00:00
C-04904,Tara,Clark,tara.clark4904@example.com,US,2024-09-23,2024-12-06 00:00:00
C-04905,Zoe,Brown,zoe.brown4905@example.com,US,2024-08-26,2025-01-01 00:00:00
C-04906,Yuki,Anderson,yuki.anderson4906@example.com,UK,2024-11-28,2025-06-18 00:00:00
C-04907,Omar,Brown,omar.brown4907@example.com,US,2024-06-21,2024-09-13 00:00:00
C-04908,Jonas,Nguyen,jonas.nguyen4908@example.com,CA,2025-05-08,2026-02-06 00:00:00
C-04909,Priya,Miller,priya.miller4909@example.com,US,2025-06-08,2025-09-07 00:00:00
C-04910,Nora,Costa,nora.costa4910@example.com,US,2024-07-25,2024-09-22 00:00:00
C-04911,Mira,Khan,mira.khan4911@example.com,US,2024-07-23,2025-05-05 00:00:00
C-04912,Marco,Johnson,marco.johnson4912@example.com,US,2025-05-20,2026-01-18 00:00:00
C-04913,June,Smith,june.smith4913@example.com,US,2025-03-19,2025-06-29 00:00:00
C-04914,Omar,Taylor,omar.taylor4914@example.com,CA,2024-12-08,2025-08-17 00:00:00
C-04915,Kofi,Tanaka,kofi.tanaka4915@example.com,UK,2025-04-22,2025-09-24 00:00:00
C-04916,Lena,Tanaka,lena.tanaka4916@example.com,US,2025-05-02,2025-08-14 00:00:00
C-04917,Noah,Hall,noah.hall4917@example.com,CA,2024-11-13,2025-07-22 00:00:00
C-04918,Liam,Kim,liam.kim4918@example.com,US,2024-10-29,2025-06-11 00:00:00
C-04919,Ali,Clark,ali.clark4919@example.com,US,2024-11-29,2025-02-26 00:00:00
C-04920,Kofi,Garcia,kofi.garcia4920@example.com,US,2024-08-27,2025-02-25 00:00:00
C-04921,Nina,Johnson,nina.johnson4921@example.com,US,2024-12-09,2025-03-29 00:00:00
C-04922,Theo,Walker,theo.walker4922@example.com,US,2025-03-25,2025-03-25 00:00:00
C-04923,Tara,Costa,tara.costa4923@example.com,US,2024-07-07,2025-04-21 00:00:00
C-04924,Marco,Iyer,marco.iyer4924@example.com,US,2025-02-21,2025-08-04 00:00:00
C-04925,Anya,Weber,anya.weber4925@example.com,UK,2024-06-06,2024-12-02 00:00:00
C-04926,Wren,White,wren.white4926@example.com,US,2024-11-21,2025-05-19 00:00:00
C-04927,Amara,Clark,amara.clark4927@example.com,US,2024-06-17,2024-11-29 00:00:00
C-04928,Mira,Davis,mira.davis4928@example.com,CA,2025-01-18,2025-04-15 00:00:00
C-04929,Leo,Martinez,leo.martinez4929@example.com,US,2024-06-22,2025-04-09 00:00:00
C-04930,Lucas,Lee,,US,2025-03-11,2025-09-13 00:00:00
C-04931,Zoe,Jackson,zoe.jackson4931@example.com,US,2025-04-03,2025-10-21 00:00:00
C-04932,Theo,Walker,theo.walker4932@example.com,UK,2024-07-24,2024-12-07 00:00:00
C-04933,Zoe,Dubois,zoe.dubois4933@example.com,US,2025-05-22,2025-08-16 00:00:00
C-04934,Nora,Walker,nora.walker4934@example.com,US,2025-06-24,2025-07-13 00:00:00
C-04935,Ethan,White,,US,2024-10-11,2025-01-24 00:00:00
C-04936,June,Martinez,june.martinez4936@example.com,US,2025-02-02,2025-03-26 00:00:00
C-04937,Nina,Muller,nina.muller4937@example.com,US,2024-08-31,2025-03-17 00:00:00
C-04938,Lena,Martin,lena.martin4938@example.com,US,2024-09-22,2025-06-12 00:00:00
C-04939,Anya,Taylor,anya.taylor4939@example.com,US,2025-05-15,2025-08-13 00:00:00
C-04940,Ethan,Ali,ethan.ali4940@example.com,UK,2025-01-10,2025-04-19 00:00:00
C-04941,Liam,Okafor,liam.okafor4941@example.com,US,2024-10-16,2025-05-05 00:00:00
C-04942,Lena,Robinson,lena.robinson4942@example.com,US,2024-09-26,2024-11-09 00:00:00
C-04943,Kofi,Novak,kofi.novak4943@example.com,US,2024-09-12,2025-06-17 00:00:00
C-04944,Theo,Khan,theo.khan4944@example.com,US,2024-09-12,2024-12-30 00:00:00
C-04945,Kofi,Patel,kofi.patel4945@example.com,US,2025-02-07,2025-03-09 00:00:00
C-04946,Wren,Lewis,wren.lewis4946@example.com,US,2024-09-16,2024-11-07 00:00:00
C-04947,Priya,Jackson,priya.jackson4947@example.com,US,2025-06-05,2026-03-11 00:00:00
C-04948,Aisha,Brown,aisha.brown4948@example.com,US,2025-03-30,2025-06-12 00:00:00
C-04949,Lena,Lee,lena.lee4949@example.com,US,2025-02-02,2025-08-19 00:00:00
C-04950,Ethan,Brown,ethan.brown4950@example.com,US,2025-05-14,2025-06-29 00:00:00
C-04951,Liam,White,liam.white4951@example.com,US,2025-03-22,2025-05-19 00:00:00
C-04952,Sam,Chen,sam.chen4952@example.com,US,2025-01-14,2025-10-04 00:00:00
C-04953,Liam,Rossi,liam.rossi4953@example.com,US,2024-06-25,2024-08-08 00:00:00
C-04954,June,Khan,,US,2025-04-22,2025-04-27 00:00:00
C-04955,Sofia,Lewis,sofia.lewis4955@example.com,US,2025-03-02,2025-07-30 00:00:00
C-04956,Sofia,Brown,sofia.brown4956@example.com,US,2024-10-17,2025-07-02 00:00:00
C-04957,Lena,Kim,lena.kim4957@example.com,AU,2025-05-06,2025-08-11 00:00:00
C-04958,Anya,Brown,anya.brown4958@example.com,US,2024-06-02,2024-07-10 00:00:00
C-04959,Jonas,Rossi,,US,2024-07-13,2025-05-03 00:00:00
C-04960,Noah,Dubois,noah.dubois4960@example.com,AU,2025-01-25,2025-08-16 00:00:00
C-04961,Cleo,Okafor,cleo.okafor4961@example.com,US,2024-09-01,2025-05-14 00:00:00
C-04962,Anya,Martin,anya.martin4962@example.com,DE,2025-03-17,2025-10-28 00:00:00
C-04963,Hana,Dubois,hana.dubois4963@example.com,US,2024-12-05,2025-07-02 00:00:00
C-04964,Omar,Miller,omar.miller4964@example.com,CA,2025-01-04,2025-04-29 00:00:00
C-04965,Hana,Lewis,hana.lewis4965@example.com,US,2025-01-24,2025-05-01 00:00:00
C-04966,Ravi,Hall,,US,2025-06-17,2026-01-18 00:00:00
C-04967,Nina,Robinson,nina.robinson4967@example.com,DE,2025-03-23,2025-10-24 00:00:00
C-04968,Lena,Khan,lena.khan4968@example.com,US,2024-11-27,2025-09-08 00:00:00
C-04969,Arjun,Novak,arjun.novak4969@example.com,US,2024-08-23,2025-02-09 00:00:00
C-04970,Marco,Moore,marco.moore4970@example.com,US,2024-06-28,2024-09-24 00:00:00
C-04971,Kofi,Ali,kofi.ali4971@example.com,US,2025-01-16,2025-06-11 00:00:00
C-04972,Priya,Moore,priya.moore4972@example.com,US,2025-06-12,2025-12-13 00:00:00
C-04973,Wren,Kim,wren.kim4973@example.com,US,2024-11-12,2025-03-20 00:00:00
C-04974,Ravi,Harris,ravi.harris4974@example.com,US,2025-01-31,2025-09-25 00:00:00
C-04975,Liam,Johnson,liam.johnson4975@example.com,US,2024-09-19,2025-03-13 00:00:00
C-04976,Marco,Anderson,,US,2025-01-16,2025-01-18 00:00:00
C-04977,Tara,Ali,tara.ali4977@example.com,US,2025-06-01,2025-11-18 00:00:00
C-04978,Elena,Tanaka,,AU,2024-09-05,2025-03-14 00:00:00
C-04979,Victor,Smith,,US,2025-02-27,2025-11-28 00:00:00
C-04980,Wren,White,wren.white4980@example.com,US,2024-06-14,2024-10-16 00:00:00
C-04981,Omar,Davis,omar.davis4981@example.com,UK,2024-08-12,2025-01-31 00:00:00
C-04982,Yuki,Anderson,yuki.anderson4982@example.com,US,2024-12-18,2025-05-09 00:00:00
C-04983,Aisha,Rossi,,UK,2025-06-28,2025-12-04 00:00:00
C-04984,Rosa,Robinson,,US,2024-11-12,2024-12-02 00:00:00
C-04985,Omar,Patel,omar.patel4985@example.com,US,2024-09-24,2025-06-20 00:00:00
C-04986,Victor,Okafor,victor.okafor4986@example.com,US,2024-11-28,2025-08-28 00:00:00
C-04987,Priya,Tanaka,priya.tanaka4987@example.com,UK,2024-12-31,2025-06-13 00:00:00
C-04988,Dante,White,dante.white4988@example.com,DE,2024-11-19,2025-05-04 00:00:00
C-04989,June,Haddad,june.haddad4989@example.com,US,2024-06-27,2024-07-14 00:00:00
C-04990,Liam,Lewis,liam.lewis4990@example.com,US,2024-12-08,2025-06-05 00:00:00
C-04991,Victor,Martin,victor.martin4991@example.com,AU,2025-01-07,2025-05-15 00:00:00
C-04992,Ali,Patel,ali.patel4992@example.com,US,2024-09-26,2025-04-26 00:00:00
C-04993,Jonas,Robinson,jonas.robinson4993@example.com,US,2025-01-28,2025-02-11 00:00:00
C-04994,Wren,Garcia,wren.garcia4994@example.com,US,2024-11-28,2025-06-29 00:00:00
C-04995,Sam,Miller,sam.miller4995@example.com,AU,2025-04-10,2025-07-05 00:00:00
C-04996,Ravi,Davis,ravi.davis4996@example.com,US,2025-06-05,2025-12-17 00:00:00
C-04997,Sofia,Martin,sofia.martin4997@example.com,US,2024-11-23,2025-05-30 00:00:00
C-04998,Nora,Garcia,nora.garcia4998@example.com,US,2025-05-15,2025-07-22 00:00:00
C-04999,Rosa,Clark,rosa.clark4999@example.com,US,2024-07-31,2024-12-10 00:00:00
C-05000,Marco,Iyer,marco.iyer5000@example.com,BR,2024-07-04,2025-03-11 00:00:00
C-05001,June,Costa,june.costa309@example.com,US,2025-09-17,2025-09-17 00:00:00
C-05002,Cleo,Garcia,cleo.garcia1792@example.com,US,2025-07-12,2025-07-12 00:00:00
C-05003,Lucas,Robinson,lucas.robinson2702@example.com,US,2026-02-01,2026-02-01 00:00:00
C-05004,Mateo,Brown,mateo.brown1840@example.com,US,2025-05-26,2025-05-26 00:00:00
C-05005,Ethan,Walker,ethan.walker4472@example.com,US,2025-11-15,2025-11-15 00:00:00
C-05006,Lucas,Okafor,lucas.okafor4644@example.com,US,2025-03-09,2025-03-09 00:00:00
C-05007,Anya,Tanaka,anya.tanaka572@example.com,CA,2025-10-13,2025-10-13 00:00:00
C-05008,Arjun,Lewis,arjun.lewis4502@example.com,UK,2025-03-04,2025-03-04 00:00:00
C-05009,Ravi,Harris,ravi.harris4379@example.com,AU,2025-11-26,2025-11-26 00:00:00
C-05010,Cleo,Taylor,cleo.taylor1815@example.com,US,2025-12-07,2025-12-07 00:00:00
C-05011,Ravi,Okafor,ravi.okafor4868@example.com,UK,2024-11-26,2024-11-26 00:00:00
C-05012,Tara,Nguyen,tara.nguyen4166@example.com,UK,2025-03-10,2025-03-10 00:00:00
C-05013,Noah,Clark,noah.clark3934@example.com,AU,2025-09-14,2025-09-14 00:00:00
C-05014,Omar,Robinson,omar.robinson3199@example.com,US,2025-08-03,2025-08-03 00:00:00
C-05015,Rosa,Haddad,rosa.haddad4545@example.com,CA,2025-09-11,2025-09-11 00:00:00
C-05016,Kofi,Thomas,kofi.thomas1966@example.com,US,2025-09-26,2025-09-26 00:00:00
C-05017,Dante,Haddad,dante.haddad2072@example.com,AU,2025-04-13,2025-04-13 00:00:00
C-05018,Anya,Walker,anya.walker1894@example.com,BR,2025-10-15,2025-10-15 00:00:00
C-05019,Dante,Brown,dante.brown3604@example.com,US,2025-04-15,2025-04-15 00:00:00
C-05020,Nina,Moore,nina.moore2517@example.com,US,2025-05-13,2025-05-13 00:00:00
C-05021,Arjun,Harris,arjun.harris4212@example.com,US,2025-05-31,2025-05-31 00:00:00
C-05022,Yuki,Martinez,yuki.martinez3989@example.com,IN,2025-07-26,2025-07-26 00:00:00
C-05023,Leo,Haddad,leo.haddad121@example.com,US,2025-07-05,2025-07-05 00:00:00
C-05024,Wren,Martin,wren.martin2226@example.com,US,2025-07-20,2025-07-20 00:00:00
C-05025,Theo,Jackson,theo.jackson825@example.com,US,2025-01-23,2025-01-23 00:00:00
C-05026,Lena,Johnson,lena.johnson2057@example.com,CA,2025-02-22,2025-02-22 00:00:00
C-05027,June,Muller,june.muller74@example.com,CA,2025-05-30,2025-05-30 00:00:00
C-05028,Sam,Iyer,sam.iyer109@example.com,AU,2024-09-07,2024-09-07 00:00:00
C-05029,Ava,Muller,ava.muller990@example.com,CA,2025-10-30,2025-10-30 00:00:00
C-05030,Ava,Weber,ava.weber3103@example.com,US,2024-12-27,2024-12-27 00:00:00
C-05031,Marco,Ali,marco.ali1703@example.com,IN,2025-07-13,2025-07-13 00:00:00
C-05032,Mateo,Silva,mateo.silva4550@example.com,AU,2024-11-16,2024-11-16 00:00:00
C-05033,Jonas,Wilson,jonas.wilson3729@example.com,CA,2026-03-20,2026-03-20 00:00:00
C-05034,Priya,Kim,priya.kim204@example.com,US,2025-01-25,2025-01-25 00:00:00
C-05035,Rosa,Taylor,rosa.taylor1646@example.com,US,2024-10-29,2024-10-29 00:00:00
C-05036,Kai,Iyer,kai.iyer4838@example.com,US,2025-08-31,2025-08-31 00:00:00
C-05037,Elena,Silva,elena.silva1120@example.com,US,2025-03-15,2025-03-15 00:00:00
C-05038,Elena,Dubois,elena.dubois3530@example.com,UK,2024-10-18,2024-10-18 00:00:00
C-05039,Amara,Moore,amara.moore1170@example.com,US,2025-08-15,2025-08-15 00:00:00
C-05040,Nora,Walker,nora.walker3100@example.com,US,2025-06-22,2025-06-22 00:00:00
C-05041,Mira,Martin,mira.martin2343@example.com,US,2025-01-07,2025-01-07 00:00:00
C-05042,Theo,Weber,theo.weber1464@example.com,US,2025-02-23,2025-02-23 00:00:00
C-05043,Lena,Martinez,lena.martinez348@example.com,US,2024-09-22,2024-09-22 00:00:00
C-05044,Sofia,White,sofia.white2323@example.com,US,2025-01-30,2025-01-30 00:00:00
C-05045,Sofia,Thomas,sofia.thomas596@example.com,BR,2024-10-17,2024-10-17 00:00:00
C-05046,Cleo,Moore,cleo.moore1498@example.com,US,2024-11-12,2024-11-12 00:00:00
C-05047,Lena,Johnson,lena.johnson2057@example.com,CA,2024-12-04,2024-12-04 00:00:00
C-05048,Tara,Dubois,tara.dubois745@example.com,US,2025-12-14,2025-12-14 00:00:00
C-05049,Elena,Robinson,elena.robinson307@example.com,US,2025-07-14,2025-07-14 00:00:00
C-05050,Maya,Lewis,maya.lewis3173@example.com,US,2025-02-02,2025-02-02 00:00:00
C-05051,June,Chen,june.chen3995@example.com,US,2024-08-13,2024-08-13 00:00:00
C-05052,Leo,Haddad,leo.haddad4095@example.com,US,2025-01-22,2025-01-22 00:00:00
C-05053,Aisha,Hall,aisha.hall1176@example.com,UK,2025-03-10,2025-03-10 00:00:00
C-05054,Kofi,Hall,kofi.hall64@example.com,DE,2025-05-05,2025-05-05 00:00:00
C-05055,Mira,Taylor,mira.taylor2381@example.com,IN,2026-01-14,2026-01-14 00:00:00
C-05056,Tara,Okafor,tara.okafor2479@example.com,US,2024-12-15,2024-12-15 00:00:00
C-05057,Nina,Martin,nina.martin584@example.com,US,2025-11-18,2025-11-18 00:00:00
C-05058,Diego,Anderson,diego.anderson174@example.com,US,2025-06-28,2025-06-28 00:00:00
C-05059,Tara,Robinson,tara.robinson497@example.com,US,2025-06-03,2025-06-03 00:00:00
C-05060,Kofi,Kim,kofi.kim4392@example.com,US,2025-06-12,2025-06-12 00:00:00
C-05061,Theo,White,theo.white2413@example.com,US,2025-09-28,2025-09-28 00:00:00
C-05062,Rosa,Haddad,rosa.haddad874@example.com,US,2025-09-11,2025-09-11 00:00:00
C-05063,Yuki,Clark,yuki.clark1900@example.com,US,2024-09-22,2024-09-22 00:00:00
C-05064,Anya,Lee,anya.lee1400@example.com,US,2025-02-05,2025-02-05 00:00:00
C-05065,Maya,Thomas,maya.thomas2400@example.com,UK,2025-06-30,2025-06-30 00:00:00
C-05066,Ethan,Anderson,ethan.anderson3308@example.com,US,2025-06-29,2025-06-29 00:00:00
C-05067,Sam,Garcia,sam.garcia2124@example.com,AU,2024-12-03,2024-12-03 00:00:00
C-05068,Arjun,White,arjun.white4890@example.com,US,2025-05-07,2025-05-07 00:00:00
C-05069,Wren,Haddad,wren.haddad661@example.com,US,2025-11-30,2025-11-30 00:00:00
C-05070,Amara,Robinson,amara.robinson526@example.com,US,2025-12-04,2025-12-04 00:00:00
C-05071,Cleo,Martin,cleo.martin4281@example.com,AU,2025-04-27,2025-04-27 00:00:00
C-05072,Hana,Wilson,hana.wilson2744@example.com,US,2024-12-16,2024-12-16 00:00:00
C-05073,Cleo,Ali,cleo.ali867@example.com,US,2025-07-22,2025-07-22 00:00:00
C-05074,Lucas,Jackson,lucas.jackson1268@example.com,IN,2025-03-04,2025-03-04 00:00:00
C-05075,Yuki,Thomas,yuki.thomas1265@example.com,US,2025-08-29,2025-08-29 00:00:00
C-05076,Noah,Smith,noah.smith2457@example.com,IN,2024-10-01,2024-10-01 00:00:00
C-05077,Ravi,Costa,ravi.costa4828@example.com,US,2025-07-16,2025-07-16 00:00:00
C-05078,Liam,Lewis,liam.lewis4127@example.com,US,2025-10-10,2025-10-10 00:00:00
C-05079,Mateo,Kim,mateo.kim246@example.com,US,2026-02-14,2026-02-14 00:00:00
C-05080,Liam,Rossi,liam.rossi4953@example.com,US,2025-02-25,2025-02-25 00:00:00
C-05081,Sam,Robinson,sam.robinson4208@example.com,US,2024-12-08,2024-12-08 00:00:00
C-05082,Jonas,Moore,jonas.moore1323@example.com,US,2025-07-16,2025-07-16 00:00:00
C-05083,Ethan,Miller,ethan.miller3479@example.com,US,2025-04-23,2025-04-23 00:00:00
C-05084,Nina,Anderson,nina.anderson2267@example.com,US,2025-07-24,2025-07-24 00:00:00
C-05085,Diego,Muller,diego.muller3624@example.com,US,2026-02-13,2026-02-13 00:00:00
C-05086,Ali,Clark,ali.clark1806@example.com,US,2025-09-22,2025-09-22 00:00:00
C-05087,Ivy,Lewis,ivy.lewis1620@example.com,CA,2025-10-25,2025-10-25 00:00:00
C-05088,June,Smith,june.smith1565@example.com,US,2025-02-21,2025-02-21 00:00:00
C-05089,Maya,Moore,maya.moore3326@example.com,IN,2025-01-24,2025-01-24 00:00:00
C-05090,Anya,Weber,anya.weber687@example.com,US,2025-06-18,2025-06-18 00:00:00
C-05091,Mateo,White,mateo.white4404@example.com,US,2024-12-29,2024-12-29 00:00:00
C-05092,Omar,Haddad,omar.haddad2644@example.com,IN,2024-10-07,2024-10-07 00:00:00
